entropy_nodtype,entropy_float16,entropy_float32,entropy_float64,entropy_longdouble,S,priors_count,sex_Female,sex_Male,age_cat_25 - 45,age_cat_Greater than 45,age_cat_Less than 25,c_charge_degree_F,c_charge_degree_M
0,0.0,0.0,0.0,0.0,0,-0.5368266925707568,0,1,0,0,1,1,0
0,0.0,0.0,0.0,0.0,1,-0.7338780825023853,0,1,1,0,0,1,0
0,0.0,0.0,0.0,0.0,0,1.2366358168139007,0,1,0,1,0,1,0
0,0.0,0.0,0.0,0.0,0,-0.5368266925707568,0,1,0,0,1,1,0
0,0.0,0.0,0.0,0.0,0,-0.7338780825023853,0,1,1,0,0,1,0
0,0.0,0.0,0.0,0.0,0,-0.1427239127074995,0,1,0,0,1,1,0
0,0.0,0.0,0.0,0.0,1,0.05432747722412909,1,0,1,0,0,0,1
0,0.0,0.0,0.0,0.0,1,-0.1427239127074995,0,1,1,0,0,0,1
0,0.0,0.0,0.0,0.0,0,0.2513788671557577,0,1,1,0,0,1,0
0,0.0,0.0,0.0,0.0,0,-0.5368266925707568,0,1,1,0,0,1,0
0,0.0,0.0,0.0,0.0,1,-0.1427239127074995,0,1,0,1,0,1,0
0,0.0,0.0,0.0,0.0,0,1.039584426882272,0,1,1,0,0,1,0
0,0.716,0.71588737,0.7158873656827774,0.7158873656827774,0,0.4484302570873863,0,1,1,0,0,0,1
0,0.0,0.0,0.0,0.0,0,-0.1427239127074995,0,1,0,1,0,0,1
0,0.0,0.0,0.0,0.0,0,-0.7338780825023853,0,1,1,0,0,0,1
0,0.0,0.0,0.0,0.0,0,-0.7338780825023853,0,1,1,0,0,0,1
0,0.0,0.0,0.0,0.0,0,1.4336872067455293,0,1,0,1,0,1,0
0,0.0,0.0,0.0,0.0,0,-0.5368266925707568,1,0,1,0,0,1,0
0,0.0,0.0,0.0,0.0,0,-0.7338780825023853,1,0,0,0,1,0,1
0,0.0,0.0,0.0,0.0,1,-0.7338780825023853,0,1,0,1,0,1,0
0,0.0,0.0,0.0,0.0,1,-0.7338780825023853,0,1,1,0,0,1,0
0,0.0,0.0,0.0,0.0,0,-0.7338780825023853,0,1,1,0,0,1,0
0,0.0,0.0,0.0,0.0,0,-0.7338780825023853,0,1,1,0,0,0,1
0,0.0,0.0,0.0,0.0,0,-0.5368266925707568,0,1,1,0,0,1,0
0,0.6846,0.6844328,0.6844328071995737,0.6844328071995737,1,2.2218927664720436,0,1,0,1,0,1,0
0,0.0,0.0,0.0,0.0,0,0.05432747722412909,0,1,1,0,0,1,0
0,0.0,0.0,0.0,0.0,0,-0.33977530263912814,0,1,0,1,0,1,0
0,0.0,0.0,0.0,0.0,0,-0.7338780825023853,0,1,1,0,0,1,0
0,0.0,0.0,0.0,0.0,0,-0.5368266925707568,0,1,0,0,1,1,0
0,0.0,0.0,0.0,0.0,0,-0.5368266925707568,0,1,1,0,0,1,0
0,0.0,0.0,0.0,0.0,0,-0.33977530263912814,0,1,1,0,0,1,0
0,0.0,0.0,0.0,0.0,0,-0.5368266925707568,0,1,1,0,0,0,1
0,0.0,0.0,0.0,0.0,1,-0.7338780825023853,0,1,1,0,0,0,1
0,0.0,0.0,0.0,0.0,0,-0.7338780825023853,1,0,1,0,0,0,1
0,0.0,0.0,0.0,0.0,1,-0.5368266925707568,1,0,0,0,1,1,0
0,0.0,0.0,0.0,0.0,0,0.2513788671557577,0,1,0,1,0,1,0
0,0.0,0.0,0.0,0.0,0,-0.5368266925707568,0,1,1,0,0,0,1
0,0.0,0.0,0.0,0.0,0,0.2513788671557577,0,1,1,0,0,1,0
0,0.0,0.0,0.0,0.0,0,-0.5368266925707568,1,0,1,0,0,1,0
0,0.0,0.0,0.0,0.0,0,-0.33977530263912814,0,1,1,0,0,1,0
0,0.0,0.0,0.0,0.0,1,0.05432747722412909,0,1,1,0,0,1,0
0,0.0,0.0,0.0,0.0,0,-0.33977530263912814,0,1,0,1,0,1,0
0,0.0,0.0,0.0,0.0,0,-0.7338780825023853,0,1,1,0,0,1,0
0,0.0,0.0,0.0,0.0,0,0.6454816470190149,0,1,1,0,0,0,1
0,0.0,0.0,0.0,0.0,0,1.4336872067455293,0,1,1,0,0,0,1
0,0.0,0.0,0.0,0.0,0,1.2366358168139007,1,0,1,0,0,1,0
0,0.0,0.0,0.0,0.0,1,-0.1427239127074995,0,1,0,1,0,0,1
0,0.0,0.0,0.0,0.0,1,0.8425330369506435,0,1,0,1,0,1,0
0,0.0,0.0,0.0,0.0,1,-0.33977530263912814,1,0,1,0,0,0,1
0,0.769,0.7691928,0.7691928290130138,0.7691928290130138,0,0.6454816470190149,0,1,1,0,0,1,0
0,0.0,0.0,0.0,0.0,0,-0.7338780825023853,0,1,1,0,0,0,1
0,0.0,0.0,0.0,0.0,1,-0.5368266925707568,0,1,1,0,0,1,0
0,0.0,0.0,0.0,0.0,1,-0.1427239127074995,0,1,0,1,0,0,1
0,0.0,0.0,0.0,0.0,0,-0.7338780825023853,0,1,0,0,1,1,0
0,0.0,0.0,0.0,0.0,0,-0.5368266925707568,1,0,1,0,0,1,0
0,0.0,0.0,0.0,0.0,0,-0.7338780825023853,0,1,1,0,0,0,1
0,0.0,0.0,0.0,0.0,0,-0.33977530263912814,0,1,1,0,0,0,1
0,0.0,0.0,0.0,0.0,0,-0.7338780825023853,0,1,1,0,0,1,0
0,0.0,0.0,0.0,0.0,1,0.2513788671557577,0,1,0,0,1,1,0
0,0.0,0.0,0.0,0.0,0,-0.7338780825023853,0,1,1,0,0,1,0
0,0.0,0.0,0.0,0.0,0,-0.5368266925707568,0,1,1,0,0,1,0
0,0.0,0.0,0.0,0.0,0,-0.7338780825023853,1,0,0,0,1,1,0
0,0.7036,0.7035587,0.7035587015314071,0.7035587015314071,0,0.05432747722412909,1,0,0,1,0,1,0
0,0.0,0.0,0.0,0.0,1,-0.5368266925707568,0,1,0,1,0,1,0
0,0.0,0.0,0.0,0.0,1,-0.7338780825023853,0,1,0,1,0,0,1
0,0.0,0.0,0.0,0.0,0,-0.1427239127074995,0,1,0,1,0,1,0
0,0.0,0.0,0.0,0.0,0,-0.33977530263912814,0,1,0,0,1,0,1
0,0.0,0.0,0.0,0.0,0,2.418944156403672,0,1,0,1,0,1,0
0,0.0,0.0,0.0,0.0,0,-0.5368266925707568,0,1,0,0,1,0,1
0,0.0,0.0,0.0,0.0,1,0.4484302570873863,0,1,0,1,0,0,1
0,0.0,0.0,0.0,0.0,0,0.05432747722412909,0,1,1,0,0,1,0
0,0.0,0.0,0.0,0.0,1,-0.7338780825023853,0,1,1,0,0,0,1
0,0.0,0.0,0.0,0.0,1,0.05432747722412909,0,1,1,0,0,0,1
0,0.0,0.0,0.0,0.0,0,-0.1427239127074995,0,1,1,0,0,1,0
0,0.0,0.0,0.0,0.0,0,0.05432747722412909,0,1,1,0,0,0,1
0,0.0,0.0,0.0,0.0,0,1.2366358168139007,0,1,0,0,1,0,1
0,0.0,0.0,0.0,0.0,0,-0.7338780825023853,0,1,1,0,0,0,1
0,0.0,0.0,0.0,0.0,1,-0.7338780825023853,0,1,1,0,0,1,0
0,0.0,0.0,0.0,0.0,0,-0.7338780825023853,0,1,1,0,0,1,0
0,0.0,0.0,0.0,0.0,0,-0.33977530263912814,0,1,1,0,0,1,0
0,0.0,0.0,0.0,0.0,0,1.039584426882272,0,1,0,1,0,1,0
0,0.0,0.0,0.0,0.0,1,-0.33977530263912814,0,1,1,0,0,1,0
0,0.0,0.0,0.0,0.0,0,-0.7338780825023853,0,1,0,0,1,1,0
0,0.0,0.0,0.0,0.0,1,-0.7338780825023853,0,1,1,0,0,1,0
0,0.0,0.0,0.0,0.0,0,0.4484302570873863,1,0,0,0,1,0,1
0,0.0,0.0,0.0,0.0,0,-0.1427239127074995,0,1,1,0,0,1,0
0,0.0,0.0,0.0,0.0,0,-0.1427239127074995,0,1,1,0,0,1,0
0,0.0,0.0,0.0,0.0,1,-0.1427239127074995,0,1,0,1,0,1,0
0,0.0,0.0,0.0,0.0,1,-0.7338780825023853,0,1,1,0,0,0,1
0,0.0,0.0,0.0,0.0,0,1.2366358168139007,0,1,1,0,0,1,0
0,0.0,0.0,0.0,0.0,0,-0.5368266925707568,0,1,0,0,1,1,0
0,0.0,0.0,0.0,0.0,0,-0.7338780825023853,0,1,1,0,0,1,0
0,0.0,0.0,0.0,0.0,1,-0.7338780825023853,1,0,0,1,0,0,1
0,0.0,0.0,0.0,0.0,1,-0.1427239127074995,0,1,1,0,0,1,0
0,0.0,0.0,0.0,0.0,0,-0.7338780825023853,1,0,0,0,1,1,0
0,0.0,0.0,0.0,0.0,1,-0.33977530263912814,1,0,0,1,0,1,0
0,0.0,0.0,0.0,0.0,1,0.05432747722412909,0,1,0,1,0,0,1
0,0.0,0.0,0.0,0.0,0,0.2513788671557577,1,0,0,1,0,1,0
0,0.0,0.0,0.0,0.0,0,-0.5368266925707568,1,0,0,0,1,1,0
0,0.0,0.0,0.0,0.0,0,-0.5368266925707568,0,1,0,0,1,1,0
0,0.0,0.0,0.0,0.0,0,-0.5368266925707568,1,0,0,1,0,1,0
0,0.0,0.0,0.0,0.0,1,-0.7338780825023853,0,1,0,0,1,1,0
0,0.0,0.0,0.0,0.0,1,-0.33977530263912814,1,0,1,0,0,0,1
0,0.0,0.0,0.0,0.0,0,-0.5368266925707568,0,1,0,1,0,1,0
0,0.0,0.0,0.0,0.0,0,-0.33977530263912814,0,1,1,0,0,0,1
0,0.0,0.0,0.0,0.0,0,-0.5368266925707568,0,1,0,0,1,1,0
0,0.0,0.0,0.0,0.0,1,0.4484302570873863,0,1,1,0,0,1,0
0,0.0,0.0,0.0,0.0,0,1.8277899866087863,0,1,1,0,0,1,0
0,0.0,0.0,0.0,0.0,1,-0.7338780825023853,0,1,0,1,0,0,1
0,0.0,0.0,0.0,0.0,1,-0.1427239127074995,0,1,1,0,0,1,0
0,0.0,0.0,0.0,0.0,0,2.615995546335301,0,1,1,0,0,0,1
0,0.0,0.0,0.0,0.0,0,-0.7338780825023853,0,1,1,0,0,0,1
0,0.0,0.0,0.0,0.0,0,-0.7338780825023853,0,1,1,0,0,1,0
0,0.728,0.7278877,0.7278876700230903,0.7278876700230903,0,0.6454816470190149,0,1,1,0,0,1,0
0,0.0,0.0,0.0,0.0,0,0.2513788671557577,0,1,1,0,0,1,0
0,0.0,0.0,0.0,0.0,0,0.05432747722412909,0,1,1,0,0,1,0
0,0.0,0.0,0.0,0.0,0,-0.33977530263912814,0,1,1,0,0,1,0
0,0.0,0.0,0.0,0.0,0,-0.7338780825023853,1,0,1,0,0,1,0
0,0.0,0.0,0.0,0.0,0,-0.7338780825023853,0,1,1,0,0,0,1
0,0.0,0.0,0.0,0.0,0,-0.7338780825023853,0,1,0,0,1,1,0
0,0.0,0.0,0.0,0.0,1,-0.7338780825023853,0,1,1,0,0,0,1
0,0.0,0.0,0.0,0.0,0,3.2071497161301865,0,1,0,1,0,1,0
0,0.0,0.0,0.0,0.0,0,-0.1427239127074995,0,1,0,1,0,0,1
0,0.0,0.0,0.0,0.0,1,-0.5368266925707568,0,1,1,0,0,1,0
0,0.0,0.0,0.0,0.0,1,-0.5368266925707568,1,0,0,0,1,0,1
0,0.0,0.0,0.0,0.0,0,-0.7338780825023853,0,1,1,0,0,1,0
0,0.0,0.0,0.0,0.0,1,-0.7338780825023853,1,0,0,0,1,1,0
0,0.0,0.0,0.0,0.0,1,-0.5368266925707568,0,1,0,1,0,0,1
0,0.0,0.0,0.0,0.0,0,-0.5368266925707568,1,0,0,0,1,1,0
0,0.0,0.0,0.0,0.0,1,-0.7338780825023853,0,1,0,0,1,1,0
0,0.0,0.0,0.0,0.0,0,-0.1427239127074995,0,1,1,0,0,1,0
0,0.0,0.0,0.0,0.0,0,1.6307385966771577,0,1,1,0,0,0,1
0,0.0,0.0,0.0,0.0,0,-0.1427239127074995,0,1,0,0,1,1,0
0,0.0,0.0,0.0,0.0,0,0.4484302570873863,0,1,1,0,0,1,0
0,0.0,0.0,0.0,0.0,0,-0.7338780825023853,1,0,0,0,1,1,0
0,0.0,0.0,0.0,0.0,0,1.4336872067455293,0,1,1,0,0,1,0
0,0.0,0.0,0.0,0.0,0,-0.33977530263912814,1,0,1,0,0,1,0
0,0.0,0.0,0.0,0.0,0,-0.7338780825023853,0,1,1,0,0,0,1
0,0.0,0.0,0.0,0.0,0,-0.7338780825023853,0,1,0,1,0,0,1
0,0.0,0.0,0.0,0.0,1,-0.5368266925707568,1,0,1,0,0,0,1
0,0.0,0.0,0.0,0.0,0,-0.33977530263912814,1,0,1,0,0,1,0
0,0.0,0.0,0.0,0.0,0,3.6012524959934438,1,0,1,0,0,1,0
0,0.0,0.0,0.0,0.0,0,-0.7338780825023853,1,0,0,0,1,1,0
0,0.0,0.0,0.0,0.0,1,-0.7338780825023853,0,1,0,1,0,0,1
0,0.0,0.0,0.0,0.0,0,0.05432747722412909,0,1,1,0,0,1,0
0,0.0,0.0,0.0,0.0,1,-0.5368266925707568,0,1,1,0,0,0,1
0,0.0,0.0,0.0,0.0,1,-0.5368266925707568,0,1,0,0,1,1,0
0,0.0,0.0,0.0,0.0,1,-0.7338780825023853,0,1,0,1,0,0,1
0,0.0,0.0,0.0,0.0,0,-0.7338780825023853,0,1,0,0,1,1,0
0,0.0,0.0,0.0,0.0,1,-0.7338780825023853,0,1,0,0,1,1,0
0,0.0,0.0,0.0,0.0,1,-0.7338780825023853,0,1,1,0,0,1,0
0,0.0,0.0,0.0,0.0,0,-0.7338780825023853,0,1,0,0,1,1,0
0,0.0,0.0,0.0,0.0,1,-0.5368266925707568,0,1,1,0,0,1,0
0,0.0,0.0,0.0,0.0,0,-0.7338780825023853,0,1,1,0,0,1,0
0,0.0,0.0,0.0,0.0,1,-0.7338780825023853,1,0,1,0,0,0,1
0,0.0,0.0,0.0,0.0,0,-0.5368266925707568,1,0,0,1,0,1,0
0,0.0,0.0,0.0,0.0,1,-0.7338780825023853,0,1,1,0,0,0,1
0,0.0,0.0,0.0,0.0,0,-0.5368266925707568,0,1,0,0,1,0,1
0,0.0,0.0,0.0,0.0,1,0.05432747722412909,0,1,1,0,0,0,1
0,0.0,0.0,0.0,0.0,1,-0.7338780825023853,0,1,1,0,0,1,0
0,0.0,0.0,0.0,0.0,1,-0.5368266925707568,0,1,0,1,0,1,0
0,0.0,0.0,0.0,0.0,0,1.6307385966771577,0,1,1,0,0,1,0
0,0.0,0.0,0.0,0.0,1,-0.5368266925707568,0,1,0,0,1,1,0
0,0.0,0.0,0.0,0.0,1,1.039584426882272,0,1,1,0,0,0,1
0,0.0,0.0,0.0,0.0,0,-0.7338780825023853,0,1,1,0,0,0,1
0,0.0,0.0,0.0,0.0,1,-0.5368266925707568,0,1,0,1,0,0,1
0,0.0,0.0,0.0,0.0,0,1.039584426882272,0,1,1,0,0,1,0
0,0.0,0.0,0.0,0.0,0,0.05432747722412909,0,1,1,0,0,0,1
0,0.0,0.0,0.0,0.0,0,-0.33977530263912814,0,1,1,0,0,1,0
0,0.0,0.0,0.0,0.0,1,-0.7338780825023853,0,1,0,0,1,0,1
0,0.0,0.0,0.0,0.0,1,-0.5368266925707568,0,1,0,0,1,1,0
0,0.0,0.0,0.0,0.0,1,-0.7338780825023853,1,0,0,0,1,0,1
0,0.0,0.0,0.0,0.0,1,-0.7338780825023853,0,1,1,0,0,0,1
0,0.0,0.0,0.0,0.0,1,-0.7338780825023853,0,1,0,1,0,0,1
0,0.0,0.0,0.0,0.0,0,0.2513788671557577,0,1,1,0,0,1,0
0,0.0,0.0,0.0,0.0,1,0.8425330369506435,0,1,0,1,0,0,1
0,0.0,0.0,0.0,0.0,1,-0.7338780825023853,1,0,1,0,0,1,0
0,0.0,0.0,0.0,0.0,0,-0.7338780825023853,1,0,1,0,0,0,1
0,0.0,0.0,0.0,0.0,1,-0.5368266925707568,0,1,0,1,0,1,0
0,0.0,0.0,0.0,0.0,0,-0.5368266925707568,0,1,0,1,0,1,0
0,0.0,0.0,0.0,0.0,0,-0.5368266925707568,0,1,0,1,0,0,1
0,0.0,0.0,0.0,0.0,1,-0.33977530263912814,0,1,1,0,0,0,1
0,0.0,0.0,0.0,0.0,1,-0.5368266925707568,0,1,1,0,0,1,0
0,0.0,0.0,0.0,0.0,0,-0.33977530263912814,1,0,1,0,0,1,0
0,0.0,0.0,0.0,0.0,0,-0.33977530263912814,0,1,0,0,1,0,1
0,0.0,0.0,0.0,0.0,0,0.2513788671557577,0,1,0,0,1,1,0
0,0.0,0.0,0.0,0.0,1,-0.7338780825023853,0,1,1,0,0,0,1
0,0.0,0.0,0.0,0.0,0,0.05432747722412909,0,1,1,0,0,1,0
0,0.0,0.0,0.0,0.0,1,0.2513788671557577,0,1,0,1,0,1,0
0,0.0,0.0,0.0,0.0,1,1.8277899866087863,0,1,0,1,0,1,0
0,0.0,0.0,0.0,0.0,1,-0.7338780825023853,1,0,1,0,0,1,0
0,0.7197,0.71992356,0.7199235808145242,0.7199235808145242,0,2.2218927664720436,0,1,0,1,0,1,0
0,0.0,0.0,0.0,0.0,0,-0.5368266925707568,0,1,0,0,1,1,0
0,0.0,0.0,0.0,0.0,0,-0.1427239127074995,0,1,0,0,1,1,0
0,0.0,0.0,0.0,0.0,0,-0.33977530263912814,0,1,0,0,1,1,0
0,0.0,0.0,0.0,0.0,1,0.8425330369506435,0,1,0,0,1,1,0
0,0.0,0.0,0.0,0.0,0,2.615995546335301,0,1,0,1,0,1,0
0,0.0,0.0,0.0,0.0,0,-0.1427239127074995,0,1,1,0,0,1,0
0,0.0,0.0,0.0,0.0,1,0.05432747722412909,0,1,1,0,0,1,0
0,0.0,0.0,0.0,0.0,1,-0.7338780825023853,0,1,0,0,1,1,0
0,0.0,0.0,0.0,0.0,1,-0.7338780825023853,0,1,0,1,0,1,0
0,0.0,0.0,0.0,0.0,0,0.2513788671557577,0,1,1,0,0,0,1
0,0.0,0.0,0.0,0.0,1,-0.33977530263912814,0,1,0,1,0,1,0
0,0.0,0.0,0.0,0.0,0,0.05432747722412909,0,1,0,1,0,1,0
0,0.0,0.0,0.0,0.0,1,-0.7338780825023853,0,1,0,1,0,1,0
0,0.0,0.0,0.0,0.0,0,1.6307385966771577,0,1,1,0,0,1,0
0,0.0,0.0,0.0,0.0,1,-0.7338780825023853,0,1,0,0,1,1,0
0,0.0,0.0,0.0,0.0,0,-0.1427239127074995,0,1,1,0,0,1,0
0,0.0,0.0,0.0,0.0,1,0.2513788671557577,0,1,1,0,0,1,0
0,0.0,0.0,0.0,0.0,0,-0.5368266925707568,0,1,1,0,0,1,0
0,0.0,0.0,0.0,0.0,0,-0.1427239127074995,0,1,0,0,1,1,0
0,0.0,0.0,0.0,0.0,0,2.0248413765404147,0,1,1,0,0,1,0
0,0.0,0.0,0.0,0.0,1,0.4484302570873863,0,1,0,0,1,1,0
0,0.0,0.0,0.0,0.0,0,-0.7338780825023853,0,1,1,0,0,1,0
0,0.0,0.0,0.0,0.0,0,0.2513788671557577,0,1,1,0,0,1,0
0,0.0,0.0,0.0,0.0,0,-0.33977530263912814,0,1,1,0,0,1,0
0,0.0,0.0,0.0,0.0,1,0.05432747722412909,0,1,1,0,0,1,0
0,0.0,0.0,0.0,0.0,0,-0.33977530263912814,1,0,1,0,0,0,1
0,0.0,0.0,0.0,0.0,0,0.05432747722412909,0,1,0,0,1,1,0
0,0.0,0.0,0.0,0.0,0,-0.33977530263912814,0,1,0,1,0,1,0
0,0.0,0.0,0.0,0.0,1,-0.7338780825023853,0,1,1,0,0,0,1
0,0.0,0.0,0.0,0.0,0,-0.7338780825023853,0,1,1,0,0,1,0
0,0.0,0.0,0.0,0.0,0,1.2366358168139007,0,1,1,0,0,0,1
0,0.0,0.0,0.0,0.0,0,0.05432747722412909,0,1,0,1,0,1,0
0,0.0,0.0,0.0,0.0,0,-0.7338780825023853,0,1,1,0,0,1,0
0,0.0,0.0,0.0,0.0,1,-0.1427239127074995,0,1,0,1,0,0,1
0,0.0,0.0,0.0,0.0,0,1.4336872067455293,0,1,1,0,0,1,0
0,0.0,0.0,0.0,0.0,0,1.039584426882272,0,1,1,0,0,0,1
0,0.0,0.0,0.0,0.0,1,-0.5368266925707568,0,1,1,0,0,0,1
0,0.0,0.0,0.0,0.0,0,0.8425330369506435,0,1,0,1,0,0,1
0,0.0,0.0,0.0,0.0,0,2.418944156403672,0,1,1,0,0,0,1
0,0.0,0.0,0.0,0.0,1,0.2513788671557577,0,1,1,0,0,1,0
0,0.0,0.0,0.0,0.0,1,-0.7338780825023853,1,0,0,0,1,0,1
0,0.0,0.0,0.0,0.0,1,-0.7338780825023853,0,1,1,0,0,0,1
0,0.0,0.0,0.0,0.0,1,0.05432747722412909,0,1,0,1,0,1,0
0,0.0,0.0,0.0,0.0,1,-0.7338780825023853,1,0,1,0,0,1,0
0,0.0,0.0,0.0,0.0,0,-0.7338780825023853,0,1,1,0,0,1,0
0,0.0,0.0,0.0,0.0,0,3.995355275856701,0,1,1,0,0,1,0
0,0.0,0.0,0.0,0.0,0,-0.5368266925707568,0,1,1,0,0,1,0
0,0.0,0.0,0.0,0.0,0,0.2513788671557577,0,1,1,0,0,1,0
0,0.0,0.0,0.0,0.0,0,4.7835608355832155,0,1,0,1,0,1,0
0,0.0,0.0,0.0,0.0,0,-0.33977530263912814,1,0,0,0,1,1,0
0,0.0,0.0,0.0,0.0,1,-0.7338780825023853,0,1,1,0,0,1,0
0,0.0,0.0,0.0,0.0,1,0.8425330369506435,0,1,1,0,0,1,0
0,0.0,0.0,0.0,0.0,1,-0.7338780825023853,1,0,0,0,1,1,0
0,0.0,0.0,0.0,0.0,0,-0.5368266925707568,1,0,1,0,0,1,0
0,0.0,0.0,0.0,0.0,0,-0.33977530263912814,0,1,0,0,1,1,0
0,0.0,0.0,0.0,0.0,0,-0.1427239127074995,0,1,1,0,0,1,0
0,0.0,0.0,0.0,0.0,1,-0.7338780825023853,0,1,0,1,0,0,1
0,0.0,0.0,0.0,0.0,0,-0.7338780825023853,0,1,1,0,0,1,0
0,0.0,0.0,0.0,0.0,1,-0.1427239127074995,0,1,1,0,0,1,0
0,0.0,0.0,0.0,0.0,1,-0.33977530263912814,0,1,0,1,0,1,0
0,0.0,0.0,0.0,0.0,1,0.2513788671557577,0,1,0,1,0,1,0
0,0.0,0.0,0.0,0.0,1,-0.7338780825023853,0,1,1,0,0,0,1
0,0.0,0.0,0.0,0.0,1,-0.7338780825023853,0,1,0,1,0,1,0
0,0.0,0.0,0.0,0.0,1,1.4336872067455293,0,1,1,0,0,1,0
0,0.0,0.0,0.0,0.0,0,-0.7338780825023853,0,1,0,0,1,1,0
0,0.0,0.0,0.0,0.0,1,0.4484302570873863,0,1,1,0,0,1,0
0,0.0,0.0,0.0,0.0,1,-0.1427239127074995,0,1,1,0,0,0,1
0,0.0,0.0,0.0,0.0,1,-0.1427239127074995,0,1,1,0,0,1,0
0,0.0,0.0,0.0,0.0,1,-0.33977530263912814,0,1,1,0,0,1,0
0,0.0,0.0,0.0,0.0,1,-0.7338780825023853,0,1,1,0,0,0,1
0,0.0,0.0,0.0,0.0,1,-0.33977530263912814,0,1,0,1,0,1,0
0,0.0,0.0,0.0,0.0,1,0.6454816470190149,0,1,0,1,0,1,0
0,0.0,0.0,0.0,0.0,0,-0.1427239127074995,0,1,0,0,1,1,0
0,0.0,0.0,0.0,0.0,1,-0.7338780825023853,0,1,1,0,0,0,1
0,0.0,0.0,0.0,0.0,1,-0.33977530263912814,0,1,1,0,0,0,1
0,0.0,0.0,0.0,0.0,0,-0.5368266925707568,1,0,0,0,1,0,1
0,0.0,0.0,0.0,0.0,0,1.8277899866087863,0,1,1,0,0,1,0
0,0.0,0.0,0.0,0.0,0,-0.7338780825023853,0,1,1,0,0,1,0
0,0.0,0.0,0.0,0.0,0,-0.5368266925707568,0,1,0,0,1,1,0
0,0.0,0.0,0.0,0.0,0,1.8277899866087863,0,1,1,0,0,1,0
0,0.0,0.0,0.0,0.0,0,0.4484302570873863,0,1,0,1,0,1,0
0,0.0,0.0,0.0,0.0,1,-0.5368266925707568,0,1,0,0,1,1,0
0,0.0,0.0,0.0,0.0,0,-0.7338780825023853,0,1,1,0,0,0,1
0,0.0,0.0,0.0,0.0,0,0.2513788671557577,1,0,1,0,0,1,0
0,0.0,0.0,0.0,0.0,0,1.4336872067455293,0,1,1,0,0,1,0
0,0.718,0.71791,0.7179100158694782,0.7179100158694782,0,0.4484302570873863,0,1,1,0,0,0,1
0,0.0,0.0,0.0,0.0,0,-0.1427239127074995,0,1,1,0,0,0,1
0,0.0,0.0,0.0,0.0,1,-0.33977530263912814,0,1,1,0,0,1,0
0,0.0,0.0,0.0,0.0,0,-0.7338780825023853,1,0,1,0,0,0,1
0,0.0,0.0,0.0,0.0,0,0.2513788671557577,0,1,1,0,0,1,0
0,0.0,0.0,0.0,0.0,0,-0.7338780825023853,0,1,0,0,1,1,0
0,0.0,0.0,0.0,0.0,1,-0.1427239127074995,0,1,1,0,0,1,0
0,0.0,0.0,0.0,0.0,1,-0.7338780825023853,0,1,1,0,0,0,1
0,0.0,0.0,0.0,0.0,1,-0.7338780825023853,0,1,1,0,0,0,1
0,0.0,0.0,0.0,0.0,1,0.05432747722412909,1,0,1,0,0,0,1
0,0.0,0.0,0.0,0.0,0,-0.5368266925707568,0,1,1,0,0,0,1
0,0.0,0.0,0.0,0.0,0,1.2366358168139007,0,1,1,0,0,1,0
0,0.0,0.0,0.0,0.0,0,2.418944156403672,0,1,1,0,0,1,0
0,0.0,0.0,0.0,0.0,0,0.8425330369506435,0,1,1,0,0,1,0
0,0.0,0.0,0.0,0.0,0,-0.5368266925707568,0,1,0,1,0,0,1
0,0.0,0.0,0.0,0.0,1,-0.7338780825023853,0,1,0,1,0,0,1
0,0.0,0.0,0.0,0.0,1,0.6454816470190149,0,1,0,1,0,1,0
0,0.0,0.0,0.0,0.0,1,1.8277899866087863,0,1,1,0,0,1,0
0,0.0,0.0,0.0,0.0,1,-0.1427239127074995,0,1,1,0,0,1,0
0,0.0,0.0,0.0,0.0,0,-0.5368266925707568,0,1,1,0,0,0,1
0,0.718,0.71791,0.7179100158694782,0.7179100158694782,0,0.6454816470190149,0,1,1,0,0,1,0
0,0.0,0.0,0.0,0.0,0,1.4336872067455293,0,1,1,0,0,1,0
0,0.0,0.0,0.0,0.0,1,-0.7338780825023853,0,1,1,0,0,0,1
0,0.0,0.0,0.0,0.0,0,1.4336872067455293,1,0,1,0,0,1,0
0,0.0,0.0,0.0,0.0,1,-0.33977530263912814,1,0,0,1,0,0,1
0,0.0,0.0,0.0,0.0,0,-0.5368266925707568,1,0,1,0,0,1,0
0,0.0,0.0,0.0,0.0,1,-0.5368266925707568,1,0,1,0,0,1,0
0,0.0,0.0,0.0,0.0,0,-0.5368266925707568,1,0,1,0,0,0,1
0,0.0,0.0,0.0,0.0,0,-0.7338780825023853,0,1,1,0,0,1,0
0,0.0,0.0,0.0,0.0,0,-0.5368266925707568,1,0,1,0,0,0,1
0,0.0,0.0,0.0,0.0,0,-0.7338780825023853,0,1,1,0,0,0,1
0,0.0,0.0,0.0,0.0,0,-0.1427239127074995,0,1,0,0,1,0,1
0,0.0,0.0,0.0,0.0,1,-0.33977530263912814,0,1,0,1,0,0,1
0,0.0,0.0,0.0,0.0,1,-0.7338780825023853,1,0,1,0,0,1,0
0,0.0,0.0,0.0,0.0,0,0.4484302570873863,0,1,1,0,0,1,0
0,0.0,0.0,0.0,0.0,0,-0.7338780825023853,1,0,0,0,1,0,1
0,0.0,0.0,0.0,0.0,0,-0.5368266925707568,0,1,0,0,1,1,0
0,0.0,0.0,0.0,0.0,0,2.615995546335301,0,1,1,0,0,1,0
0,0.6953,0.69515336,0.6951533369561016,0.6951533369561016,1,0.05432747722412909,1,0,0,1,0,1,0
0,0.0,0.0,0.0,0.0,0,-0.7338780825023853,0,1,0,0,1,0,1
0,0.0,0.0,0.0,0.0,0,-0.1427239127074995,0,1,1,0,0,1,0
0,0.0,0.0,0.0,0.0,0,1.6307385966771577,0,1,1,0,0,1,0
0,0.0,0.0,0.0,0.0,0,-0.7338780825023853,0,1,0,0,1,0,1
0,0.0,0.0,0.0,0.0,1,-0.7338780825023853,0,1,1,0,0,0,1
0,0.0,0.0,0.0,0.0,1,-0.5368266925707568,0,1,0,1,0,1,0
0,0.0,0.0,0.0,0.0,0,0.05432747722412909,1,0,1,0,0,1,0
0,0.0,0.0,0.0,0.0,0,-0.33977530263912814,1,0,1,0,0,1,0
0,0.0,0.0,0.0,0.0,0,0.05432747722412909,0,1,0,0,1,1,0
0,0.0,0.0,0.0,0.0,0,0.6454816470190149,0,1,1,0,0,0,1
0,0.0,0.0,0.0,0.0,1,0.2513788671557577,1,0,0,1,0,0,1
0,0.0,0.0,0.0,0.0,1,-0.5368266925707568,0,1,0,1,0,1,0
0,0.0,0.0,0.0,0.0,0,-0.5368266925707568,0,1,0,0,1,1,0
0,0.0,0.0,0.0,0.0,0,0.05432747722412909,1,0,1,0,0,1,0
0,0.0,0.0,0.0,0.0,1,-0.1427239127074995,0,1,0,1,0,0,1
0,0.0,0.0,0.0,0.0,0,1.039584426882272,0,1,0,1,0,1,0
0,0.0,0.0,0.0,0.0,1,-0.5368266925707568,1,0,0,0,1,1,0
0,0.0,0.0,0.0,0.0,1,-0.5368266925707568,1,0,0,1,0,1,0
0,0.0,0.0,0.0,0.0,0,-0.5368266925707568,1,0,1,0,0,1,0
0,0.0,0.0,0.0,0.0,1,-0.7338780825023853,0,1,0,1,0,0,1
0,0.0,0.0,0.0,0.0,0,-0.5368266925707568,0,1,0,0,1,1,0
0,0.0,0.0,0.0,0.0,1,-0.5368266925707568,0,1,0,1,0,0,1
0,0.0,0.0,0.0,0.0,1,-0.7338780825023853,1,0,1,0,0,0,1
0,0.0,0.0,0.0,0.0,0,-0.7338780825023853,1,0,1,0,0,0,1
0,0.0,0.0,0.0,0.0,0,-0.5368266925707568,1,0,1,0,0,1,0
0,0.0,0.0,0.0,0.0,1,-0.33977530263912814,0,1,1,0,0,0,1
0,0.0,0.0,0.0,0.0,1,0.8425330369506435,0,1,0,1,0,0,1
0,0.0,0.0,0.0,0.0,0,0.05432747722412909,0,1,1,0,0,1,0
0,0.0,0.0,0.0,0.0,0,-0.5368266925707568,0,1,0,0,1,1,0
0,0.0,0.0,0.0,0.0,0,-0.5368266925707568,0,1,0,1,0,0,1
0,0.0,0.0,0.0,0.0,1,2.615995546335301,0,1,1,0,0,1,0
0,0.0,0.0,0.0,0.0,1,-0.7338780825023853,1,0,1,0,0,0,1
0,0.0,0.0,0.0,0.0,1,0.05432747722412909,0,1,0,1,0,1,0
0,0.0,0.0,0.0,0.0,1,-0.33977530263912814,1,0,0,1,0,1,0
0,0.0,0.0,0.0,0.0,1,-0.5368266925707568,0,1,1,0,0,0,1
0,0.0,0.0,0.0,0.0,0,-0.7338780825023853,0,1,0,0,1,1,0
0,0.0,0.0,0.0,0.0,1,-0.7338780825023853,0,1,0,1,0,1,0
0,0.0,0.0,0.0,0.0,0,0.05432747722412909,0,1,0,0,1,1,0
0,0.0,0.0,0.0,0.0,0,-0.5368266925707568,0,1,1,0,0,0,1
0,0.0,0.0,0.0,0.0,0,-0.33977530263912814,1,0,0,0,1,0,1
0,0.0,0.0,0.0,0.0,0,2.2218927664720436,0,1,1,0,0,1,0
0,0.726,0.7259101,0.7259101060407926,0.7259101060407926,0,0.6454816470190149,0,1,1,0,0,1,0
0,0.0,0.0,0.0,0.0,0,0.2513788671557577,0,1,1,0,0,1,0
0,0.0,0.0,0.0,0.0,1,-0.33977530263912814,0,1,0,1,0,1,0
0,0.0,0.0,0.0,0.0,0,-0.33977530263912814,0,1,1,0,0,1,0
0,0.0,0.0,0.0,0.0,1,-0.33977530263912814,0,1,1,0,0,0,1
0,0.0,0.0,0.0,0.0,0,0.2513788671557577,0,1,1,0,0,0,1
0,0.0,0.0,0.0,0.0,0,-0.5368266925707568,0,1,1,0,0,0,1
0,0.0,0.0,0.0,0.0,1,-0.7338780825023853,0,1,1,0,0,1,0
0,0.0,0.0,0.0,0.0,1,-0.7338780825023853,0,1,0,1,0,1,0
0,0.0,0.0,0.0,0.0,1,-0.33977530263912814,0,1,1,0,0,1,0
0,0.0,0.0,0.0,0.0,0,-0.7338780825023853,0,1,0,1,0,0,1
0,0.0,0.0,0.0,0.0,0,-0.7338780825023853,0,1,1,0,0,1,0
0,0.0,0.0,0.0,0.0,0,0.05432747722412909,0,1,0,0,1,1,0
0,0.0,0.0,0.0,0.0,0,-0.7338780825023853,1,0,0,0,1,0,1
0,0.0,0.0,0.0,0.0,1,-0.7338780825023853,0,1,0,0,1,1,0
0,0.0,0.0,0.0,0.0,0,0.8425330369506435,0,1,1,0,0,1,0
0,0.0,0.0,0.0,0.0,0,-0.7338780825023853,0,1,1,0,0,0,1
0,0.7656,0.7656077,0.7656077043870684,0.7656077043870684,0,0.6454816470190149,0,1,1,0,0,1,0
0,0.0,0.0,0.0,0.0,0,-0.7338780825023853,1,0,1,0,0,1,0
0,0.0,0.0,0.0,0.0,0,-0.7338780825023853,0,1,0,0,1,1,0
0,0.0,0.0,0.0,0.0,0,0.4484302570873863,0,1,1,0,0,1,0
0,0.0,0.0,0.0,0.0,0,-0.5368266925707568,0,1,1,0,0,0,1
0,0.0,0.0,0.0,0.0,1,-0.7338780825023853,0,1,1,0,0,1,0
0,0.0,0.0,0.0,0.0,1,0.2513788671557577,0,1,1,0,0,1,0
0,0.0,0.0,0.0,0.0,1,-0.5368266925707568,0,1,1,0,0,1,0
0,0.0,0.0,0.0,0.0,0,-0.5368266925707568,1,0,1,0,0,1,0
0,0.0,0.0,0.0,0.0,0,-0.1427239127074995,0,1,1,0,0,1,0
0,0.0,0.0,0.0,0.0,1,-0.1427239127074995,0,1,0,0,1,1,0
0,0.0,0.0,0.0,0.0,1,0.2513788671557577,0,1,1,0,0,1,0
0,0.0,0.0,0.0,0.0,1,-0.1427239127074995,0,1,0,0,1,1,0
0,0.0,0.0,0.0,0.0,1,-0.33977530263912814,0,1,1,0,0,1,0
0,0.0,0.0,0.0,0.0,1,-0.7338780825023853,1,0,1,0,0,0,1
0,0.0,0.0,0.0,0.0,0,-0.1427239127074995,0,1,1,0,0,1,0
0,0.0,0.0,0.0,0.0,0,-0.7338780825023853,0,1,1,0,0,0,1
0,0.0,0.0,0.0,0.0,0,-0.1427239127074995,1,0,1,0,0,1,0
0,0.0,0.0,0.0,0.0,1,-0.1427239127074995,0,1,1,0,0,1,0
0,0.0,0.0,0.0,0.0,1,-0.33977530263912814,0,1,1,0,0,1,0
0,0.0,0.0,0.0,0.0,1,-0.7338780825023853,0,1,1,0,0,0,1
0,0.0,0.0,0.0,0.0,1,-0.5368266925707568,0,1,1,0,0,1,0
0,0.0,0.0,0.0,0.0,0,1.8277899866087863,0,1,0,1,0,0,1
0,0.0,0.0,0.0,0.0,0,1.039584426882272,1,0,1,0,0,1,0
0,0.0,0.0,0.0,0.0,1,-0.7338780825023853,0,1,0,1,0,1,0
0,0.0,0.0,0.0,0.0,0,-0.5368266925707568,1,0,1,0,0,0,1
0,0.0,0.0,0.0,0.0,1,-0.1427239127074995,1,0,1,0,0,0,1
0,0.0,0.0,0.0,0.0,0,0.4484302570873863,0,1,0,1,0,0,1
0,0.0,0.0,0.0,0.0,0,0.8425330369506435,0,1,0,1,0,0,1
0,0.0,0.0,0.0,0.0,1,-0.7338780825023853,1,0,0,1,0,0,1
0,0.0,0.0,0.0,0.0,0,-0.33977530263912814,0,1,0,0,1,0,1
0,0.0,0.0,0.0,0.0,1,-0.33977530263912814,0,1,0,1,0,1,0
0,0.0,0.0,0.0,0.0,0,0.4484302570873863,0,1,1,0,0,1,0
0,0.0,0.0,0.0,0.0,0,0.4484302570873863,1,0,0,0,1,0,1
0,0.0,0.0,0.0,0.0,0,-0.1427239127074995,0,1,1,0,0,1,0
0,0.0,0.0,0.0,0.0,0,0.2513788671557577,0,1,1,0,0,1,0
0,0.0,0.0,0.0,0.0,0,-0.1427239127074995,0,1,0,1,0,0,1
0,0.0,0.0,0.0,0.0,0,0.05432747722412909,0,1,1,0,0,0,1
0,0.0,0.0,0.0,0.0,1,-0.7338780825023853,0,1,0,0,1,1,0
0,0.0,0.0,0.0,0.0,1,2.0248413765404147,0,1,1,0,0,1,0
0,0.0,0.0,0.0,0.0,1,-0.7338780825023853,0,1,1,0,0,1,0
0,0.0,0.0,0.0,0.0,1,-0.1427239127074995,0,1,0,1,0,0,1
0,0.0,0.0,0.0,0.0,0,1.4336872067455293,1,0,1,0,0,1,0
0,0.0,0.0,0.0,0.0,1,-0.7338780825023853,0,1,1,0,0,0,1
0,0.0,0.0,0.0,0.0,1,-0.7338780825023853,0,1,0,1,0,1,0
0,0.0,0.0,0.0,0.0,1,-0.1427239127074995,1,0,1,0,0,1,0
0,0.7603,0.7601675,0.7601675029619656,0.7601675029619656,0,3.4042011060618154,1,0,0,1,0,1,0
0,0.0,0.0,0.0,0.0,0,2.8130469362669293,1,0,0,1,0,1,0
0,0.0,0.0,0.0,0.0,1,-0.7338780825023853,0,1,0,0,1,1,0
0,0.0,0.0,0.0,0.0,1,0.4484302570873863,0,1,1,0,0,1,0
0,0.0,0.0,0.0,0.0,0,-0.5368266925707568,0,1,0,0,1,1,0
0,0.0,0.0,0.0,0.0,1,-0.7338780825023853,0,1,0,1,0,0,1
0,0.0,0.0,0.0,0.0,0,-0.5368266925707568,0,1,1,0,0,1,0
0,0.0,0.0,0.0,0.0,0,-0.33977530263912814,0,1,0,0,1,1,0
0,0.0,0.0,0.0,0.0,0,-0.5368266925707568,0,1,1,0,0,1,0
0,0.0,0.0,0.0,0.0,1,-0.1427239127074995,0,1,1,0,0,1,0
0,0.0,0.0,0.0,0.0,1,-0.33977530263912814,0,1,1,0,0,1,0
0,0.0,0.0,0.0,0.0,0,-0.33977530263912814,0,1,1,0,0,1,0
0,0.0,0.0,0.0,0.0,0,0.4484302570873863,0,1,0,1,0,0,1
0,0.0,0.0,0.0,0.0,1,-0.7338780825023853,0,1,0,1,0,1,0
0,0.0,0.0,0.0,0.0,1,-0.7338780825023853,1,0,0,1,0,1,0
0,0.0,0.0,0.0,0.0,0,-0.5368266925707568,1,0,0,0,1,0,1
0,0.0,0.0,0.0,0.0,1,-0.33977530263912814,0,1,0,0,1,1,0
0,0.0,0.0,0.0,0.0,0,-0.1427239127074995,0,1,1,0,0,0,1
0,0.0,0.0,0.0,0.0,1,-0.5368266925707568,0,1,1,0,0,0,1
0,0.714,0.7138556,0.7138555955076475,0.7138555955076475,0,0.05432747722412909,1,0,0,1,0,1,0
0,0.0,0.0,0.0,0.0,0,-0.7338780825023853,1,0,0,0,1,1,0
0,0.0,0.0,0.0,0.0,0,-0.5368266925707568,0,1,1,0,0,0,1
0,0.0,0.0,0.0,0.0,1,-0.7338780825023853,0,1,0,0,1,0,1
0,0.0,0.0,0.0,0.0,0,-0.5368266925707568,0,1,0,1,0,1,0
0,0.0,0.0,0.0,0.0,1,-0.5368266925707568,0,1,1,0,0,1,0
0,0.0,0.0,0.0,0.0,0,-0.7338780825023853,0,1,1,0,0,1,0
0,0.0,0.0,0.0,0.0,0,-0.33977530263912814,0,1,1,0,0,1,0
0,0.0,0.0,0.0,0.0,0,-0.7338780825023853,1,0,1,0,0,0,1
0,0.0,0.0,0.0,0.0,1,-0.5368266925707568,0,1,0,1,0,0,1
0,0.699,0.69937485,0.699374843964096,0.699374843964096,0,0.4484302570873863,0,1,1,0,0,0,1
0,0.0,0.0,0.0,0.0,1,-0.7338780825023853,0,1,0,0,1,1,0
0,0.0,0.0,0.0,0.0,0,2.418944156403672,0,1,1,0,0,1,0
0,0.0,0.0,0.0,0.0,0,1.2366358168139007,0,1,1,0,0,1,0
0,0.0,0.0,0.0,0.0,1,-0.1427239127074995,0,1,1,0,0,0,1
0,0.0,0.0,0.0,0.0,0,0.05432747722412909,0,1,0,1,0,0,1
0,0.0,0.0,0.0,0.0,0,2.0248413765404147,0,1,0,1,0,1,0
0,0.0,0.0,0.0,0.0,1,0.05432747722412909,0,1,0,1,0,0,1
0,0.0,0.0,0.0,0.0,0,-0.33977530263912814,0,1,0,1,0,1,0
0,0.0,0.0,0.0,0.0,0,-0.7338780825023853,1,0,0,1,0,1,0
0,0.0,0.0,0.0,0.0,0,1.8277899866087863,0,1,0,1,0,1,0
0,0.0,0.0,0.0,0.0,0,-0.1427239127074995,0,1,0,1,0,1,0
0,0.0,0.0,0.0,0.0,0,-0.7338780825023853,0,1,1,0,0,0,1
0,0.0,0.0,0.0,0.0,1,-0.33977530263912814,0,1,0,0,1,0,1
0,0.0,0.0,0.0,0.0,0,-0.5368266925707568,0,1,0,1,0,1,0
0,0.0,0.0,0.0,0.0,0,2.418944156403672,0,1,1,0,0,1,0
0,0.0,0.0,0.0,0.0,0,-0.7338780825023853,1,0,1,0,0,0,1
0,0.0,0.0,0.0,0.0,0,-0.33977530263912814,1,0,1,0,0,0,1
0,0.0,0.0,0.0,0.0,0,-0.33977530263912814,0,1,0,0,1,0,1
0,0.0,0.0,0.0,0.0,0,-0.33977530263912814,0,1,1,0,0,1,0
0,0.0,0.0,0.0,0.0,1,-0.7338780825023853,1,0,0,1,0,0,1
0,0.0,0.0,0.0,0.0,0,-0.7338780825023853,0,1,1,0,0,0,1
0,0.0,0.0,0.0,0.0,1,0.05432747722412909,1,0,1,0,0,1,0
0,0.0,0.0,0.0,0.0,1,-0.7338780825023853,0,1,1,0,0,0,1
0,0.0,0.0,0.0,0.0,1,-0.5368266925707568,0,1,0,0,1,1,0
0,0.0,0.0,0.0,0.0,1,0.2513788671557577,0,1,1,0,0,0,1
0,0.0,0.0,0.0,0.0,0,-0.33977530263912814,0,1,1,0,0,0,1
0,0.7866,0.7866261,0.7866261099706012,0.7866261099706012,0,0.8425330369506435,0,1,1,0,0,0,1
0,0.0,0.0,0.0,0.0,0,2.418944156403672,0,1,1,0,0,1,0
0,0.0,0.0,0.0,0.0,1,-0.33977530263912814,0,1,1,0,0,0,1
0,0.0,0.0,0.0,0.0,0,-0.5368266925707568,0,1,0,0,1,1,0
0,0.0,0.0,0.0,0.0,1,-0.33977530263912814,1,0,1,0,0,1,0
0,0.0,0.0,0.0,0.0,0,0.4484302570873863,0,1,1,0,0,1,0
0,0.0,0.0,0.0,0.0,0,-0.7338780825023853,0,1,0,0,1,1,0
0,0.0,0.0,0.0,0.0,1,-0.7338780825023853,0,1,1,0,0,1,0
0,0.0,0.0,0.0,0.0,0,0.05432747722412909,0,1,1,0,0,1,0
0,0.0,0.0,0.0,0.0,1,-0.7338780825023853,0,1,0,1,0,0,1
0,0.0,0.0,0.0,0.0,1,-0.7338780825023853,1,0,1,0,0,1,0
0,0.0,0.0,0.0,0.0,1,-0.5368266925707568,0,1,0,1,0,1,0
0,0.0,0.0,0.0,0.0,1,-0.5368266925707568,0,1,0,1,0,1,0
0,0.0,0.0,0.0,0.0,1,0.6454816470190149,1,0,1,0,0,1,0
0,0.0,0.0,0.0,0.0,1,1.2366358168139007,0,1,1,0,0,0,1
0,0.0,0.0,0.0,0.0,0,-0.5368266925707568,0,1,0,0,1,1,0
0,0.0,0.0,0.0,0.0,0,-0.5368266925707568,0,1,0,1,0,0,1
0,0.0,0.0,0.0,0.0,1,-0.5368266925707568,1,0,0,1,0,1,0
0,0.0,0.0,0.0,0.0,1,-0.5368266925707568,0,1,0,0,1,1,0
0,0.0,0.0,0.0,0.0,0,1.4336872067455293,0,1,1,0,0,1,0
0,0.0,0.0,0.0,0.0,0,-0.5368266925707568,1,0,1,0,0,1,0
0,0.0,0.0,0.0,0.0,0,0.8425330369506435,0,1,1,0,0,1,0
0,0.0,0.0,0.0,0.0,0,-0.7338780825023853,1,0,1,0,0,0,1
0,0.712,0.71181464,0.7118146702143195,0.7118146702143195,0,3.798303885925072,1,0,1,0,0,1,0
0,0.0,0.0,0.0,0.0,0,1.4336872067455293,0,1,1,0,0,1,0
0,0.0,0.0,0.0,0.0,1,-0.5368266925707568,1,0,1,0,0,1,0
0,0.0,0.0,0.0,0.0,1,0.2513788671557577,0,1,1,0,0,1,0
0,0.771,0.77097297,0.7709729679004811,0.7709729679004811,0,0.4484302570873863,0,1,1,0,0,0,1
0,0.0,0.0,0.0,0.0,1,-0.7338780825023853,0,1,1,0,0,1,0
0,0.0,0.0,0.0,0.0,0,1.4336872067455293,0,1,1,0,0,0,1
0,0.0,0.0,0.0,0.0,1,-0.7338780825023853,0,1,1,0,0,1,0
0,0.0,0.0,0.0,0.0,1,-0.7338780825023853,1,0,1,0,0,1,0
0,0.0,0.0,0.0,0.0,1,-0.7338780825023853,0,1,0,1,0,0,1
0,0.0,0.0,0.0,0.0,1,-0.5368266925707568,0,1,0,1,0,1,0
0,0.0,0.0,0.0,0.0,1,-0.1427239127074995,1,0,1,0,0,1,0
0,0.0,0.0,0.0,0.0,1,-0.7338780825023853,1,0,1,0,0,1,0
0,0.0,0.0,0.0,0.0,0,2.0248413765404147,1,0,0,1,0,0,1
0,0.0,0.0,0.0,0.0,1,-0.7338780825023853,1,0,1,0,0,1,0
0,0.0,0.0,0.0,0.0,0,0.8425330369506435,0,1,1,0,0,1,0
0,0.0,0.0,0.0,0.0,0,2.0248413765404147,0,1,1,0,0,1,0
0,0.0,0.0,0.0,0.0,1,-0.5368266925707568,1,0,1,0,0,1,0
0,0.0,0.0,0.0,0.0,0,-0.1427239127074995,0,1,1,0,0,0,1
0,0.0,0.0,0.0,0.0,0,-0.7338780825023853,0,1,0,0,1,0,1
0,0.0,0.0,0.0,0.0,1,-0.5368266925707568,0,1,1,0,0,1,0
0,0.0,0.0,0.0,0.0,0,-0.33977530263912814,0,1,1,0,0,0,1
0,0.0,0.0,0.0,0.0,1,-0.1427239127074995,0,1,1,0,0,0,1
0,0.0,0.0,0.0,0.0,0,1.039584426882272,0,1,1,0,0,1,0
0,0.0,0.0,0.0,0.0,0,2.0248413765404147,0,1,1,0,0,1,0
0,0.0,0.0,0.0,0.0,1,-0.7338780825023853,0,1,0,0,1,1,0
0,0.0,0.0,0.0,0.0,0,-0.5368266925707568,0,1,0,1,0,0,1
0,0.0,0.0,0.0,0.0,1,-0.7338780825023853,1,0,1,0,0,1,0
0,0.0,0.0,0.0,0.0,0,-0.5368266925707568,0,1,0,0,1,1,0
0,0.0,0.0,0.0,0.0,0,2.8130469362669293,0,1,1,0,0,1,0
0,0.0,0.0,0.0,0.0,1,-0.5368266925707568,0,1,1,0,0,1,0
0,0.0,0.0,0.0,0.0,0,0.2513788671557577,0,1,1,0,0,0,1
0,0.0,0.0,0.0,0.0,1,-0.5368266925707568,1,0,1,0,0,0,1
0,0.0,0.0,0.0,0.0,1,-0.5368266925707568,0,1,0,1,0,1,0
0,0.0,0.0,0.0,0.0,1,-0.1427239127074995,0,1,1,0,0,1,0
0,0.0,0.0,0.0,0.0,0,0.05432747722412909,0,1,1,0,0,0,1
0,0.0,0.0,0.0,0.0,1,-0.33977530263912814,1,0,1,0,0,0,1
0,0.0,0.0,0.0,0.0,0,-0.1427239127074995,1,0,1,0,0,1,0
0,0.0,0.0,0.0,0.0,0,-0.33977530263912814,0,1,1,0,0,1,0
0,0.0,0.0,0.0,0.0,1,-0.7338780825023853,0,1,1,0,0,1,0
0,0.0,0.0,0.0,0.0,0,-0.7338780825023853,0,1,0,0,1,0,1
0,0.0,0.0,0.0,0.0,1,0.05432747722412909,0,1,0,1,0,0,1
0,0.0,0.0,0.0,0.0,0,-0.33977530263912814,0,1,0,0,1,1,0
0,0.0,0.0,0.0,0.0,0,-0.7338780825023853,0,1,0,0,1,1,0
0,0.0,0.0,0.0,0.0,1,-0.7338780825023853,1,0,0,1,0,0,1
0,0.0,0.0,0.0,0.0,0,-0.5368266925707568,0,1,1,0,0,0,1
0,0.0,0.0,0.0,0.0,1,-0.7338780825023853,1,0,1,0,0,0,1
0,0.0,0.0,0.0,0.0,0,-0.5368266925707568,1,0,1,0,0,1,0
0,0.0,0.0,0.0,0.0,1,-0.7338780825023853,1,0,1,0,0,1,0
0,0.0,0.0,0.0,0.0,1,-0.33977530263912814,0,1,1,0,0,1,0
0,0.0,0.0,0.0,0.0,0,-0.7338780825023853,0,1,1,0,0,0,1
0,0.0,0.0,0.0,0.0,0,-0.33977530263912814,0,1,0,0,1,1,0
0,0.0,0.0,0.0,0.0,0,2.2218927664720436,0,1,0,0,1,1,0
0,0.0,0.0,0.0,0.0,0,-0.5368266925707568,1,0,1,0,0,1,0
0,0.0,0.0,0.0,0.0,0,-0.33977530263912814,0,1,0,1,0,0,1
0,0.0,0.0,0.0,0.0,0,-0.33977530263912814,0,1,0,0,1,1,0
0,0.0,0.0,0.0,0.0,1,-0.5368266925707568,0,1,1,0,0,1,0
0,0.0,0.0,0.0,0.0,1,-0.1427239127074995,0,1,0,0,1,0,1
0,0.0,0.0,0.0,0.0,1,-0.7338780825023853,1,0,0,1,0,0,1
0,0.0,0.0,0.0,0.0,1,-0.7338780825023853,1,0,0,0,1,0,1
0,0.0,0.0,0.0,0.0,1,-0.7338780825023853,1,0,1,0,0,1,0
0,0.0,0.0,0.0,0.0,0,-0.33977530263912814,0,1,1,0,0,1,0
0,0.0,0.0,0.0,0.0,1,-0.7338780825023853,1,0,1,0,0,0,1
0,0.0,0.0,0.0,0.0,0,-0.33977530263912814,0,1,0,0,1,1,0
0,0.0,0.0,0.0,0.0,1,-0.7338780825023853,0,1,1,0,0,1,0
0,0.0,0.0,0.0,0.0,0,-0.33977530263912814,0,1,0,0,1,0,1
0,0.0,0.0,0.0,0.0,0,-0.5368266925707568,1,0,1,0,0,1,0
0,0.0,0.0,0.0,0.0,0,2.418944156403672,0,1,1,0,0,1,0
0,0.0,0.0,0.0,0.0,0,2.0248413765404147,1,0,1,0,0,1,0
0,0.0,0.0,0.0,0.0,0,-0.5368266925707568,0,1,1,0,0,0,1
0,0.0,0.0,0.0,0.0,0,5.7688177852413585,0,1,0,1,0,1,0
0,0.0,0.0,0.0,0.0,0,0.6454816470190149,0,1,0,0,1,1,0
0,0.0,0.0,0.0,0.0,0,-0.33977530263912814,0,1,0,1,0,0,1
0,0.0,0.0,0.0,0.0,1,0.05432747722412909,0,1,0,1,0,1,0
0,0.0,0.0,0.0,0.0,0,-0.5368266925707568,0,1,1,0,0,1,0
0,0.7656,0.7656077,0.7656077043870684,0.7656077043870684,0,1.4336872067455293,1,0,0,0,1,0,1
0,0.0,0.0,0.0,0.0,0,-0.7338780825023853,1,0,0,0,1,0,1
0,0.0,0.0,0.0,0.0,1,0.2513788671557577,0,1,0,1,0,0,1
0,0.0,0.0,0.0,0.0,0,-0.5368266925707568,0,1,1,0,0,1,0
0,0.0,0.0,0.0,0.0,1,-0.1427239127074995,0,1,0,1,0,1,0
0,0.0,0.0,0.0,0.0,0,-0.7338780825023853,1,0,1,0,0,0,1
0,0.0,0.0,0.0,0.0,1,-0.5368266925707568,0,1,0,1,0,1,0
0,0.0,0.0,0.0,0.0,0,-0.7338780825023853,0,1,0,0,1,1,0
0,0.0,0.0,0.0,0.0,1,-0.7338780825023853,1,0,1,0,0,0,1
0,0.0,0.0,0.0,0.0,0,-0.5368266925707568,1,0,0,0,1,1,0
0,0.0,0.0,0.0,0.0,0,-0.5368266925707568,0,1,1,0,0,0,1
0,0.0,0.0,0.0,0.0,1,-0.33977530263912814,0,1,0,1,0,1,0
0,0.0,0.0,0.0,0.0,1,-0.33977530263912814,0,1,1,0,0,1,0
0,0.0,0.0,0.0,0.0,1,1.2366358168139007,0,1,1,0,0,1,0
0,0.0,0.0,0.0,0.0,0,0.8425330369506435,0,1,0,1,0,1,0
0,0.0,0.0,0.0,0.0,0,-0.5368266925707568,0,1,1,0,0,0,1
0,0.0,0.0,0.0,0.0,1,-0.7338780825023853,1,0,1,0,0,1,0
0,0.0,0.0,0.0,0.0,0,0.4484302570873863,0,1,1,0,0,1,0
0,0.0,0.0,0.0,0.0,1,-0.7338780825023853,0,1,0,1,0,0,1
0,0.0,0.0,0.0,0.0,0,0.8425330369506435,0,1,1,0,0,1,0
0,0.0,0.0,0.0,0.0,0,-0.5368266925707568,0,1,0,0,1,0,1
0,0.0,0.0,0.0,0.0,0,-0.7338780825023853,0,1,0,0,1,0,1
0,0.0,0.0,0.0,0.0,1,-0.7338780825023853,0,1,1,0,0,1,0
0,0.0,0.0,0.0,0.0,1,-0.7338780825023853,0,1,0,1,0,1,0
0,0.0,0.0,0.0,0.0,1,1.039584426882272,1,0,1,0,0,0,1
0,0.0,0.0,0.0,0.0,0,-0.5368266925707568,1,0,1,0,0,1,0
0,0.0,0.0,0.0,0.0,0,-0.5368266925707568,0,1,1,0,0,0,1
0,0.0,0.0,0.0,0.0,0,0.05432747722412909,0,1,0,1,0,0,1
0,0.0,0.0,0.0,0.0,0,3.4042011060618154,0,1,1,0,0,1,0
0,0.0,0.0,0.0,0.0,1,-0.1427239127074995,0,1,1,0,0,0,1
0,0.0,0.0,0.0,0.0,0,2.2218927664720436,0,1,1,0,0,1,0
0,0.0,0.0,0.0,0.0,0,-0.7338780825023853,1,0,0,1,0,0,1
0,0.0,0.0,0.0,0.0,0,-0.5368266925707568,0,1,1,0,0,1,0
0,0.0,0.0,0.0,0.0,1,-0.7338780825023853,0,1,1,0,0,1,0
0,0.0,0.0,0.0,0.0,0,1.039584426882272,0,1,1,0,0,1,0
0,0.0,0.0,0.0,0.0,0,1.8277899866087863,0,1,0,1,0,1,0
0,0.0,0.0,0.0,0.0,1,-0.7338780825023853,0,1,1,0,0,1,0
0,0.7417,0.74148273,0.7414827399312736,0.7414827399312736,1,0.4484302570873863,1,0,0,1,0,1,0
0,0.0,0.0,0.0,0.0,0,2.8130469362669293,0,1,1,0,0,0,1
0,0.0,0.0,0.0,0.0,0,-0.33977530263912814,0,1,1,0,0,1,0
0,0.0,0.0,0.0,0.0,0,1.2366358168139007,0,1,1,0,0,1,0
0,0.0,0.0,0.0,0.0,1,-0.7338780825023853,0,1,0,1,0,1,0
0,0.0,0.0,0.0,0.0,0,0.4484302570873863,0,1,1,0,0,1,0
0,0.0,0.0,0.0,0.0,0,-0.5368266925707568,0,1,1,0,0,1,0
0,0.0,0.0,0.0,0.0,0,1.4336872067455293,1,0,1,0,0,1,0
0,0.0,0.0,0.0,0.0,1,-0.1427239127074995,0,1,1,0,0,1,0
0,0.0,0.0,0.0,0.0,1,-0.7338780825023853,0,1,1,0,0,0,1
0,0.0,0.0,0.0,0.0,1,-0.5368266925707568,0,1,0,0,1,1,0
0,0.0,0.0,0.0,0.0,0,0.05432747722412909,0,1,1,0,0,1,0
0,0.0,0.0,0.0,0.0,1,-0.33977530263912814,0,1,0,0,1,1,0
0,0.0,0.0,0.0,0.0,1,0.05432747722412909,0,1,0,0,1,0,1
0,0.0,0.0,0.0,0.0,0,-0.5368266925707568,0,1,0,0,1,1,0
0,0.0,0.0,0.0,0.0,1,-0.5368266925707568,0,1,0,0,1,1,0
0,0.0,0.0,0.0,0.0,0,-0.7338780825023853,0,1,0,0,1,0,1
0,0.0,0.0,0.0,0.0,1,-0.7338780825023853,0,1,0,0,1,1,0
0,0.0,0.0,0.0,0.0,0,1.039584426882272,0,1,1,0,0,1,0
0,0.0,0.0,0.0,0.0,0,1.039584426882272,1,0,1,0,0,0,1
0,0.0,0.0,0.0,0.0,1,-0.5368266925707568,1,0,0,1,0,0,1
0,0.0,0.0,0.0,0.0,1,-0.7338780825023853,1,0,0,1,0,0,1
0,0.0,0.0,0.0,0.0,0,-0.7338780825023853,0,1,1,0,0,1,0
0,0.0,0.0,0.0,0.0,0,3.4042011060618154,0,1,1,0,0,0,1
0,0.0,0.0,0.0,0.0,0,2.615995546335301,0,1,0,1,0,1,0
0,0.0,0.0,0.0,0.0,0,-0.5368266925707568,0,1,1,0,0,1,0
0,0.0,0.0,0.0,0.0,0,0.05432747722412909,0,1,1,0,0,1,0
0,0.0,0.0,0.0,0.0,1,-0.5368266925707568,0,1,1,0,0,0,1
0,0.0,0.0,0.0,0.0,1,-0.33977530263912814,0,1,1,0,0,0,1
0,0.0,0.0,0.0,0.0,1,-0.5368266925707568,1,0,1,0,0,0,1
0,0.0,0.0,0.0,0.0,0,-0.7338780825023853,0,1,0,1,0,1,0
0,0.0,0.0,0.0,0.0,1,-0.7338780825023853,1,0,1,0,0,0,1
0,0.0,0.0,0.0,0.0,1,-0.5368266925707568,0,1,0,1,0,0,1
0,0.0,0.0,0.0,0.0,1,-0.1427239127074995,0,1,0,1,0,1,0
0,0.0,0.0,0.0,0.0,1,-0.33977530263912814,0,1,1,0,0,1,0
0,0.0,0.0,0.0,0.0,1,-0.5368266925707568,0,1,0,0,1,1,0
0,0.0,0.0,0.0,0.0,1,-0.33977530263912814,0,1,1,0,0,1,0
0,0.0,0.0,0.0,0.0,0,3.6012524959934438,0,1,0,1,0,0,1
0,0.0,0.0,0.0,0.0,0,3.798303885925072,0,1,1,0,0,1,0
0,0.0,0.0,0.0,0.0,1,-0.7338780825023853,0,1,1,0,0,0,1
0,0.0,0.0,0.0,0.0,1,2.0248413765404147,1,0,1,0,0,1,0
0,0.0,0.0,0.0,0.0,0,0.6454816470190149,0,1,0,1,0,0,1
0,0.0,0.0,0.0,0.0,0,1.6307385966771577,1,0,1,0,0,0,1
0,0.0,0.0,0.0,0.0,1,-0.7338780825023853,0,1,0,1,0,0,1
0,0.0,0.0,0.0,0.0,0,-0.33977530263912814,0,1,0,1,0,0,1
0,0.0,0.0,0.0,0.0,1,0.2513788671557577,0,1,0,0,1,0,1
0,0.0,0.0,0.0,0.0,0,2.2218927664720436,0,1,1,0,0,1,0
0,0.0,0.0,0.0,0.0,0,1.2366358168139007,0,1,1,0,0,1,0
0,0.0,0.0,0.0,0.0,0,1.2366358168139007,0,1,1,0,0,1,0
0,0.0,0.0,0.0,0.0,0,1.6307385966771577,0,1,0,0,1,0,1
0,0.0,0.0,0.0,0.0,0,0.05432747722412909,0,1,1,0,0,1,0
0,0.0,0.0,0.0,0.0,1,-0.7338780825023853,1,0,1,0,0,1,0
0,0.0,0.0,0.0,0.0,0,-0.7338780825023853,1,0,0,0,1,1,0
0,0.0,0.0,0.0,0.0,1,-0.1427239127074995,0,1,0,1,0,1,0
0,0.0,0.0,0.0,0.0,1,-0.5368266925707568,0,1,0,1,0,0,1
0,0.0,0.0,0.0,0.0,1,-0.5368266925707568,0,1,1,0,0,1,0
0,0.0,0.0,0.0,0.0,1,0.05432747722412909,0,1,0,0,1,1,0
0,0.0,0.0,0.0,0.0,0,-0.5368266925707568,1,0,1,0,0,1,0
0,0.0,0.0,0.0,0.0,1,-0.5368266925707568,0,1,0,1,0,1,0
0,0.771,0.77097297,0.7709729679004811,0.7709729679004811,0,0.6454816470190149,0,1,1,0,0,1,0
0,0.0,0.0,0.0,0.0,0,-0.7338780825023853,0,1,1,0,0,1,0
0,0.0,0.0,0.0,0.0,0,0.05432747722412909,0,1,1,0,0,1,0
0,0.0,0.0,0.0,0.0,0,-0.7338780825023853,1,0,0,0,1,0,1
0,0.0,0.0,0.0,0.0,0,0.8425330369506435,0,1,0,1,0,1,0
0,0.0,0.0,0.0,0.0,0,-0.5368266925707568,0,1,1,0,0,0,1
0,0.0,0.0,0.0,0.0,0,0.05432747722412909,0,1,1,0,0,1,0
0,0.0,0.0,0.0,0.0,0,1.039584426882272,0,1,1,0,0,1,0
0,0.0,0.0,0.0,0.0,0,0.4484302570873863,0,1,0,1,0,1,0
0,0.0,0.0,0.0,0.0,1,1.039584426882272,0,1,0,1,0,1,0
0,0.0,0.0,0.0,0.0,0,1.8277899866087863,0,1,1,0,0,0,1
0,0.0,0.0,0.0,0.0,0,-0.7338780825023853,0,1,0,0,1,1,0
0,0.0,0.0,0.0,0.0,0,-0.7338780825023853,0,1,1,0,0,1,0
0,0.0,0.0,0.0,0.0,0,0.05432747722412909,1,0,1,0,0,1,0
0,0.0,0.0,0.0,0.0,0,0.05432747722412909,0,1,1,0,0,0,1
0,0.0,0.0,0.0,0.0,0,0.2513788671557577,1,0,1,0,0,0,1
0,0.7036,0.7035587,0.7035587015314072,0.7035587015314072,1,0.4484302570873863,0,1,1,0,0,0,1
0,0.0,0.0,0.0,0.0,1,-0.5368266925707568,0,1,0,1,0,1,0
0,0.0,0.0,0.0,0.0,0,-0.1427239127074995,0,1,0,0,1,1,0
0,0.0,0.0,0.0,0.0,1,-0.33977530263912814,0,1,0,1,0,0,1
0,0.7676,0.76740444,0.7674044165839726,0.7674044165839726,0,0.6454816470190149,0,1,1,0,0,1,0
0,0.0,0.0,0.0,0.0,0,-0.7338780825023853,0,1,0,1,0,1,0
0,0.0,0.0,0.0,0.0,0,-0.33977530263912814,0,1,0,1,0,1,0
0,0.0,0.0,0.0,0.0,0,-0.7338780825023853,0,1,1,0,0,1,0
0,0.0,0.0,0.0,0.0,0,1.8277899866087863,0,1,1,0,0,1,0
0,0.0,0.0,0.0,0.0,1,-0.33977530263912814,1,0,1,0,0,1,0
0,0.0,0.0,0.0,0.0,0,-0.5368266925707568,0,1,0,0,1,1,0
0,0.0,0.0,0.0,0.0,0,0.05432747722412909,0,1,0,1,0,1,0
0,0.0,0.0,0.0,0.0,0,-0.7338780825023853,1,0,0,0,1,1,0
0,0.0,0.0,0.0,0.0,0,2.418944156403672,0,1,0,1,0,0,1
0,0.0,0.0,0.0,0.0,0,0.8425330369506435,0,1,0,1,0,1,0
0,0.0,0.0,0.0,0.0,0,0.05432747722412909,0,1,1,0,0,1,0
0,0.0,0.0,0.0,0.0,0,0.2513788671557577,0,1,1,0,0,0,1
0,0.0,0.0,0.0,0.0,0,2.418944156403672,0,1,1,0,0,0,1
0,0.0,0.0,0.0,0.0,1,-0.7338780825023853,0,1,0,0,1,1,0
0,0.0,0.0,0.0,0.0,1,-0.5368266925707568,0,1,1,0,0,1,0
0,0.0,0.0,0.0,0.0,1,-0.33977530263912814,1,0,1,0,0,1,0
0,0.0,0.0,0.0,0.0,1,-0.7338780825023853,0,1,0,0,1,1,0
0,0.0,0.0,0.0,0.0,0,-0.1427239127074995,0,1,0,0,1,1,0
0,0.734,0.733767,0.7337669895308354,0.7337669895308354,1,0.4484302570873863,1,0,0,1,0,1,0
0,0.0,0.0,0.0,0.0,0,-0.7338780825023853,1,0,0,1,0,1,0
0,0.0,0.0,0.0,0.0,0,0.2513788671557577,1,0,1,0,0,1,0
0,0.0,0.0,0.0,0.0,1,-0.7338780825023853,0,1,1,0,0,0,1
0,0.0,0.0,0.0,0.0,0,0.05432747722412909,0,1,1,0,0,0,1
0,0.0,0.0,0.0,0.0,0,0.05432747722412909,0,1,1,0,0,1,0
0,0.0,0.0,0.0,0.0,0,0.2513788671557577,0,1,1,0,0,1,0
0,0.0,0.0,0.0,0.0,0,-0.7338780825023853,1,0,1,0,0,0,1
0,0.0,0.0,0.0,0.0,0,-0.7338780825023853,1,0,1,0,0,0,1
0,0.0,0.0,0.0,0.0,0,-0.1427239127074995,0,1,1,0,0,0,1
0,0.0,0.0,0.0,0.0,0,-0.7338780825023853,0,1,1,0,0,0,1
0,0.0,0.0,0.0,0.0,0,-0.5368266925707568,0,1,0,0,1,1,0
0,0.0,0.0,0.0,0.0,1,1.039584426882272,0,1,1,0,0,1,0
0,0.0,0.0,0.0,0.0,0,-0.7338780825023853,0,1,0,1,0,0,1
0,0.0,0.0,0.0,0.0,0,-0.1427239127074995,0,1,1,0,0,1,0
0,0.0,0.0,0.0,0.0,0,3.010098326198558,0,1,1,0,0,1,0
0,0.0,0.0,0.0,0.0,0,0.6454816470190149,0,1,0,1,0,1,0
0,0.0,0.0,0.0,0.0,1,-0.33977530263912814,1,0,0,0,1,1,0
0,0.0,0.0,0.0,0.0,1,-0.1427239127074995,0,1,1,0,0,1,0
0,0.0,0.0,0.0,0.0,0,0.05432747722412909,0,1,0,1,0,0,1
0,0.0,0.0,0.0,0.0,1,-0.7338780825023853,0,1,1,0,0,1,0
0,0.0,0.0,0.0,0.0,1,-0.5368266925707568,0,1,0,0,1,1,0
0,0.0,0.0,0.0,0.0,0,-0.5368266925707568,0,1,1,0,0,1,0
0,0.0,0.0,0.0,0.0,0,-0.33977530263912814,0,1,1,0,0,1,0
0,0.0,0.0,0.0,0.0,0,1.039584426882272,0,1,1,0,0,1,0
0,0.0,0.0,0.0,0.0,0,0.4484302570873863,1,0,1,0,0,1,0
0,0.0,0.0,0.0,0.0,1,0.05432747722412909,0,1,1,0,0,1,0
0,0.0,0.0,0.0,0.0,0,0.05432747722412909,0,1,0,1,0,0,1
0,0.0,0.0,0.0,0.0,0,2.0248413765404147,0,1,1,0,0,1,0
0,0.0,0.0,0.0,0.0,0,-0.5368266925707568,0,1,1,0,0,1,0
0,0.0,0.0,0.0,0.0,0,0.4484302570873863,0,1,1,0,0,1,0
0,0.0,0.0,0.0,0.0,1,-0.7338780825023853,0,1,1,0,0,1,0
0,0.0,0.0,0.0,0.0,1,-0.7338780825023853,1,0,0,0,1,0,1
0,0.0,0.0,0.0,0.0,1,-0.7338780825023853,0,1,1,0,0,0,1
0,0.0,0.0,0.0,0.0,1,-0.5368266925707568,0,1,0,0,1,1,0
0,0.0,0.0,0.0,0.0,0,-0.7338780825023853,0,1,0,0,1,1,0
0,0.0,0.0,0.0,0.0,1,-0.33977530263912814,1,0,1,0,0,1,0
0,0.0,0.0,0.0,0.0,0,-0.5368266925707568,0,1,0,0,1,0,1
0,0.0,0.0,0.0,0.0,0,-0.33977530263912814,0,1,0,0,1,0,1
0,0.0,0.0,0.0,0.0,0,-0.33977530263912814,0,1,1,0,0,1,0
0,0.0,0.0,0.0,0.0,0,-0.5368266925707568,0,1,0,0,1,1,0
0,0.0,0.0,0.0,0.0,0,-0.5368266925707568,0,1,0,0,1,1,0
0,0.0,0.0,0.0,0.0,0,0.2513788671557577,0,1,1,0,0,0,1
0,0.0,0.0,0.0,0.0,0,-0.33977530263912814,0,1,1,0,0,0,1
0,0.0,0.0,0.0,0.0,0,-0.5368266925707568,0,1,1,0,0,1,0
0,0.0,0.0,0.0,0.0,0,-0.7338780825023853,0,1,1,0,0,1,0
0,0.0,0.0,0.0,0.0,1,-0.7338780825023853,0,1,0,1,0,0,1
0,0.0,0.0,0.0,0.0,0,1.8277899866087863,0,1,1,0,0,1,0
0,0.0,0.0,0.0,0.0,1,-0.1427239127074995,0,1,1,0,0,1,0
0,0.693,0.6930284,0.6930283686032681,0.6930283686032681,0,0.8425330369506435,0,1,1,0,0,0,1
0,0.0,0.0,0.0,0.0,0,-0.1427239127074995,0,1,1,0,0,0,1
0,0.0,0.0,0.0,0.0,1,0.2513788671557577,0,1,0,1,0,1,0
0,0.0,0.0,0.0,0.0,1,-0.5368266925707568,0,1,1,0,0,1,0
0,0.0,0.0,0.0,0.0,0,1.039584426882272,0,1,1,0,0,1,0
0,0.0,0.0,0.0,0.0,1,0.6454816470190149,1,0,0,1,0,0,1
0,0.0,0.0,0.0,0.0,0,-0.1427239127074995,0,1,1,0,0,1,0
0,0.0,0.0,0.0,0.0,0,-0.5368266925707568,0,1,1,0,0,1,0
0,0.0,0.0,0.0,0.0,0,-0.5368266925707568,0,1,1,0,0,0,1
0,0.0,0.0,0.0,0.0,0,-0.5368266925707568,0,1,1,0,0,0,1
0,0.0,0.0,0.0,0.0,0,0.2513788671557577,0,1,1,0,0,1,0
0,0.0,0.0,0.0,0.0,0,-0.1427239127074995,0,1,1,0,0,0,1
0,0.0,0.0,0.0,0.0,0,-0.7338780825023853,1,0,0,0,1,1,0
0,0.0,0.0,0.0,0.0,0,-0.7338780825023853,0,1,0,0,1,0,1
0,0.0,0.0,0.0,0.0,1,-0.7338780825023853,0,1,1,0,0,1,0
0,0.0,0.0,0.0,0.0,0,-0.7338780825023853,0,1,1,0,0,0,1
0,0.0,0.0,0.0,0.0,0,0.4484302570873863,0,1,0,1,0,0,1
0,0.0,0.0,0.0,0.0,1,-0.7338780825023853,0,1,0,1,0,1,0
0,0.0,0.0,0.0,0.0,0,0.4484302570873863,0,1,0,0,1,1,0
0,0.0,0.0,0.0,0.0,1,-0.1427239127074995,0,1,1,0,0,1,0
0,0.0,0.0,0.0,0.0,0,-0.1427239127074995,0,1,0,1,0,1,0
0,0.0,0.0,0.0,0.0,0,0.2513788671557577,0,1,1,0,0,1,0
0,0.0,0.0,0.0,0.0,0,-0.5368266925707568,0,1,0,0,1,1,0
0,0.0,0.0,0.0,0.0,0,3.6012524959934438,0,1,1,0,0,1,0
0,0.0,0.0,0.0,0.0,0,0.4484302570873863,0,1,1,0,0,1,0
0,0.0,0.0,0.0,0.0,1,-0.7338780825023853,0,1,0,0,1,0,1
0,0.0,0.0,0.0,0.0,0,-0.33977530263912814,0,1,0,1,0,0,1
0,0.0,0.0,0.0,0.0,0,0.05432747722412909,0,1,1,0,0,1,0
0,0.0,0.0,0.0,0.0,1,-0.1427239127074995,0,1,1,0,0,1,0
0,0.0,0.0,0.0,0.0,1,-0.5368266925707568,1,0,1,0,0,1,0
0,0.0,0.0,0.0,0.0,0,-0.7338780825023853,0,1,0,0,1,1,0
0,0.0,0.0,0.0,0.0,1,-0.7338780825023853,1,0,0,1,0,0,1
0,0.0,0.0,0.0,0.0,0,2.8130469362669293,0,1,1,0,0,0,1
0,0.0,0.0,0.0,0.0,0,0.8425330369506435,0,1,1,0,0,1,0
0,0.6953,0.69515336,0.6951533369561016,0.6951533369561016,0,0.6454816470190149,0,1,1,0,0,1,0
0,0.0,0.0,0.0,0.0,0,-0.1427239127074995,0,1,1,0,0,0,1
0,0.0,0.0,0.0,0.0,0,-0.7338780825023853,0,1,1,0,0,0,1
0,0.0,0.0,0.0,0.0,0,-0.5368266925707568,0,1,0,0,1,0,1
0,0.0,0.0,0.0,0.0,0,-0.7338780825023853,1,0,0,0,1,0,1
0,0.0,0.0,0.0,0.0,0,-0.5368266925707568,0,1,1,0,0,0,1
0,0.0,0.0,0.0,0.0,1,4.389458055719958,0,1,0,1,0,1,0
0,0.0,0.0,0.0,0.0,0,3.010098326198558,0,1,1,0,0,1,0
0,0.0,0.0,0.0,0.0,0,-0.33977530263912814,1,0,1,0,0,1,0
0,0.0,0.0,0.0,0.0,1,-0.7338780825023853,0,1,0,1,0,1,0
0,0.0,0.0,0.0,0.0,0,0.4484302570873863,0,1,1,0,0,1,0
0,0.0,0.0,0.0,0.0,0,1.039584426882272,0,1,0,1,0,0,1
0,0.0,0.0,0.0,0.0,1,-0.5368266925707568,0,1,1,0,0,0,1
0,0.0,0.0,0.0,0.0,0,1.2366358168139007,0,1,1,0,0,1,0
0,0.0,0.0,0.0,0.0,1,1.039584426882272,1,0,1,0,0,0,1
0,0.0,0.0,0.0,0.0,0,-0.7338780825023853,0,1,0,1,0,1,0
0,0.0,0.0,0.0,0.0,0,0.2513788671557577,0,1,1,0,0,0,1
0,0.0,0.0,0.0,0.0,1,-0.7338780825023853,0,1,0,0,1,1,0
0,0.747,0.74717814,0.7471781328795917,0.7471781328795917,0,0.8425330369506435,0,1,1,0,0,0,1
0,0.0,0.0,0.0,0.0,0,-0.5368266925707568,0,1,1,0,0,1,0
0,0.0,0.0,0.0,0.0,0,-0.33977530263912814,0,1,1,0,0,1,0
0,0.0,0.0,0.0,0.0,0,1.8277899866087863,0,1,1,0,0,0,1
0,0.0,0.0,0.0,0.0,0,0.8425330369506435,0,1,1,0,0,1,0
0,0.0,0.0,0.0,0.0,0,1.2366358168139007,0,1,0,1,0,1,0
0,0.0,0.0,0.0,0.0,1,-0.5368266925707568,1,0,1,0,0,0,1
0,0.0,0.0,0.0,0.0,1,-0.5368266925707568,0,1,0,1,0,0,1
0,0.0,0.0,0.0,0.0,1,-0.7338780825023853,0,1,1,0,0,1,0
0,0.0,0.0,0.0,0.0,1,-0.33977530263912814,0,1,0,0,1,1,0
0,0.0,0.0,0.0,0.0,0,0.4484302570873863,0,1,1,0,0,1,0
0,0.0,0.0,0.0,0.0,1,0.6454816470190149,1,0,1,0,0,1,0
0,0.0,0.0,0.0,0.0,1,-0.1427239127074995,0,1,0,0,1,0,1
0,0.0,0.0,0.0,0.0,1,-0.7338780825023853,0,1,1,0,0,0,1
0,0.0,0.0,0.0,0.0,0,-0.5368266925707568,0,1,0,0,1,1,0
0,0.7075,0.7077052,0.7077052118041789,0.7077052118041789,0,0.8425330369506435,0,1,1,0,0,0,1
0,0.0,0.0,0.0,0.0,0,0.8425330369506435,0,1,0,1,0,1,0
0,0.0,0.0,0.0,0.0,0,-0.33977530263912814,0,1,0,0,1,0,1
0,0.0,0.0,0.0,0.0,0,-0.7338780825023853,0,1,0,0,1,0,1
0,0.0,0.0,0.0,0.0,1,0.2513788671557577,0,1,0,1,0,0,1
0,0.0,0.0,0.0,0.0,1,1.8277899866087863,0,1,0,1,0,1,0
0,0.0,0.0,0.0,0.0,1,0.2513788671557577,0,1,1,0,0,0,1
0,0.0,0.0,0.0,0.0,1,-0.7338780825023853,1,0,0,0,1,0,1
0,0.0,0.0,0.0,0.0,0,0.2513788671557577,1,0,1,0,0,1,0
0,0.0,0.0,0.0,0.0,0,-0.5368266925707568,0,1,0,0,1,1,0
0,0.0,0.0,0.0,0.0,0,-0.7338780825023853,1,0,0,0,1,0,1
0,0.751,0.750932,0.7509319796338465,0.7509319796338465,0,0.6454816470190149,0,1,1,0,0,1,0
0,0.0,0.0,0.0,0.0,0,0.2513788671557577,0,1,1,0,0,1,0
0,0.0,0.0,0.0,0.0,1,-0.1427239127074995,1,0,1,0,0,1,0
0,0.0,0.0,0.0,0.0,1,0.6454816470190149,0,1,1,0,0,0,1
0,0.0,0.0,0.0,0.0,0,3.798303885925072,0,1,1,0,0,1,0
0,0.0,0.0,0.0,0.0,1,0.8425330369506435,0,1,1,0,0,1,0
0,0.0,0.0,0.0,0.0,0,0.2513788671557577,0,1,1,0,0,1,0
0,0.0,0.0,0.0,0.0,1,-0.33977530263912814,0,1,1,0,0,1,0
0,0.0,0.0,0.0,0.0,1,-0.5368266925707568,1,0,1,0,0,1,0
0,0.0,0.0,0.0,0.0,1,-0.7338780825023853,0,1,1,0,0,0,1
0,0.0,0.0,0.0,0.0,1,0.05432747722412909,0,1,1,0,0,1,0
0,0.0,0.0,0.0,0.0,1,-0.5368266925707568,0,1,1,0,0,1,0
0,0.0,0.0,0.0,0.0,0,-0.7338780825023853,0,1,1,0,0,1,0
0,0.0,0.0,0.0,0.0,1,0.4484302570873863,0,1,0,0,1,1,0
0,0.0,0.0,0.0,0.0,1,-0.5368266925707568,0,1,1,0,0,1,0
0,0.0,0.0,0.0,0.0,1,-0.33977530263912814,0,1,1,0,0,1,0
0,0.0,0.0,0.0,0.0,0,2.418944156403672,0,1,1,0,0,0,1
0,0.0,0.0,0.0,0.0,0,-0.5368266925707568,0,1,1,0,0,0,1
0,0.0,0.0,0.0,0.0,1,-0.33977530263912814,0,1,1,0,0,1,0
0,0.0,0.0,0.0,0.0,0,-0.7338780825023853,0,1,0,0,1,0,1
0,0.0,0.0,0.0,0.0,1,-0.5368266925707568,0,1,0,1,0,1,0
0,0.0,0.0,0.0,0.0,0,-0.5368266925707568,0,1,0,0,1,1,0
0,0.0,0.0,0.0,0.0,1,-0.5368266925707568,0,1,1,0,0,0,1
0,0.0,0.0,0.0,0.0,1,-0.1427239127074995,1,0,1,0,0,1,0
0,0.0,0.0,0.0,0.0,1,-0.33977530263912814,0,1,0,1,0,0,1
0,0.0,0.0,0.0,0.0,0,-0.7338780825023853,0,1,0,0,1,1,0
0,0.0,0.0,0.0,0.0,1,-0.5368266925707568,0,1,1,0,0,1,0
0,0.0,0.0,0.0,0.0,1,-0.7338780825023853,0,1,1,0,0,1,0
0,0.0,0.0,0.0,0.0,1,0.4484302570873863,0,1,1,0,0,1,0
0,0.0,0.0,0.0,0.0,1,-0.5368266925707568,0,1,0,0,1,1,0
0,0.0,0.0,0.0,0.0,0,0.8425330369506435,0,1,0,1,0,1,0
0,0.0,0.0,0.0,0.0,1,-0.7338780825023853,0,1,1,0,0,0,1
0,0.0,0.0,0.0,0.0,1,-0.5368266925707568,1,0,0,1,0,0,1
0,0.0,0.0,0.0,0.0,0,-0.7338780825023853,0,1,1,0,0,1,0
0,0.0,0.0,0.0,0.0,0,0.2513788671557577,0,1,0,1,0,1,0
0,0.0,0.0,0.0,0.0,1,-0.7338780825023853,1,0,1,0,0,0,1
0,0.0,0.0,0.0,0.0,1,-0.33977530263912814,0,1,1,0,0,0,1
0,0.0,0.0,0.0,0.0,0,-0.7338780825023853,0,1,0,0,1,1,0
0,0.0,0.0,0.0,0.0,0,3.4042011060618154,0,1,1,0,0,1,0
0,0.0,0.0,0.0,0.0,0,2.0248413765404147,1,0,1,0,0,1,0
0,0.0,0.0,0.0,0.0,0,0.05432747722412909,0,1,1,0,0,1,0
0,0.0,0.0,0.0,0.0,0,-0.5368266925707568,0,1,0,0,1,0,1
0,0.0,0.0,0.0,0.0,0,-0.5368266925707568,0,1,0,0,1,1,0
0,0.0,0.0,0.0,0.0,0,-0.1427239127074995,0,1,0,1,0,1,0
0,0.0,0.0,0.0,0.0,0,0.05432747722412909,0,1,1,0,0,0,1
0,0.0,0.0,0.0,0.0,0,-0.7338780825023853,0,1,1,0,0,1,0
0,0.0,0.0,0.0,0.0,0,-0.7338780825023853,1,0,1,0,0,1,0
0,0.0,0.0,0.0,0.0,1,-0.1427239127074995,0,1,0,1,0,1,0
0,0.0,0.0,0.0,0.0,1,-0.33977530263912814,0,1,1,0,0,1,0
0,0.0,0.0,0.0,0.0,1,-0.5368266925707568,0,1,1,0,0,1,0
0,0.736,0.7357091,0.7357090792864718,0.7357090792864718,0,0.4484302570873863,0,1,1,0,0,0,1
0,0.0,0.0,0.0,0.0,0,0.2513788671557577,0,1,1,0,0,0,1
0,0.0,0.0,0.0,0.0,0,-0.1427239127074995,0,1,0,0,1,1,0
0,0.0,0.0,0.0,0.0,0,-0.5368266925707568,1,0,1,0,0,1,0
0,0.0,0.0,0.0,0.0,0,-0.7338780825023853,0,1,0,0,1,1,0
0,0.0,0.0,0.0,0.0,1,-0.33977530263912814,0,1,1,0,0,1,0
0,0.0,0.0,0.0,0.0,1,-0.7338780825023853,0,1,1,0,0,1,0
0,0.0,0.0,0.0,0.0,0,-0.5368266925707568,0,1,0,1,0,1,0
0,0.0,0.0,0.0,0.0,1,-0.7338780825023853,1,0,1,0,0,0,1
0,0.0,0.0,0.0,0.0,0,-0.7338780825023853,0,1,1,0,0,0,1
0,0.0,0.0,0.0,0.0,0,-0.7338780825023853,0,1,1,0,0,0,1
0,0.0,0.0,0.0,0.0,0,-0.5368266925707568,0,1,0,0,1,1,0
0,0.0,0.0,0.0,0.0,0,3.6012524959934438,0,1,0,1,0,1,0
0,0.0,0.0,0.0,0.0,1,-0.7338780825023853,1,0,1,0,0,1,0
0,0.0,0.0,0.0,0.0,1,-0.1427239127074995,0,1,1,0,0,0,1
0,0.0,0.0,0.0,0.0,1,-0.33977530263912814,0,1,0,1,0,0,1
0,0.0,0.0,0.0,0.0,1,-0.33977530263912814,1,0,1,0,0,1,0
0,0.0,0.0,0.0,0.0,0,0.05432747722412909,1,0,1,0,0,1,0
0,0.0,0.0,0.0,0.0,0,-0.33977530263912814,0,1,1,0,0,1,0
0,0.0,0.0,0.0,0.0,0,-0.5368266925707568,0,1,0,1,0,1,0
0,0.0,0.0,0.0,0.0,0,-0.7338780825023853,1,0,0,0,1,0,1
0,0.0,0.0,0.0,0.0,0,-0.7338780825023853,0,1,0,0,1,1,0
0,0.0,0.0,0.0,0.0,1,-0.1427239127074995,0,1,0,1,0,0,1
0,0.0,0.0,0.0,0.0,0,-0.7338780825023853,0,1,0,1,0,0,1
0,0.0,0.0,0.0,0.0,0,-0.5368266925707568,1,0,1,0,0,1,0
0,0.0,0.0,0.0,0.0,0,1.6307385966771577,0,1,1,0,0,1,0
0,0.755,0.7546516,0.7546516338427502,0.7546516338427502,0,0.6454816470190149,0,1,1,0,0,1,0
0,0.0,0.0,0.0,0.0,0,1.6307385966771577,1,0,1,0,0,1,0
0,0.0,0.0,0.0,0.0,0,-0.7338780825023853,0,1,1,0,0,0,1
0,0.0,0.0,0.0,0.0,1,-0.7338780825023853,0,1,0,1,0,0,1
0,0.0,0.0,0.0,0.0,1,-0.7338780825023853,0,1,1,0,0,0,1
0,0.0,0.0,0.0,0.0,0,1.039584426882272,0,1,1,0,0,1,0
0,0.0,0.0,0.0,0.0,1,-0.7338780825023853,0,1,1,0,0,0,1
0,0.0,0.0,0.0,0.0,0,-0.5368266925707568,0,1,1,0,0,0,1
0,0.0,0.0,0.0,0.0,1,-0.7338780825023853,0,1,0,0,1,0,1
0,0.0,0.0,0.0,0.0,0,-0.1427239127074995,0,1,1,0,0,1,0
0,0.0,0.0,0.0,0.0,0,0.2513788671557577,0,1,1,0,0,1,0
0,0.0,0.0,0.0,0.0,1,-0.5368266925707568,0,1,1,0,0,1,0
0,0.0,0.0,0.0,0.0,0,1.2366358168139007,0,1,1,0,0,0,1
0,0.0,0.0,0.0,0.0,0,-0.7338780825023853,1,0,1,0,0,1,0
0,0.0,0.0,0.0,0.0,1,-0.7338780825023853,0,1,1,0,0,0,1
0,0.0,0.0,0.0,0.0,0,0.6454816470190149,1,0,1,0,0,1,0
0,0.0,0.0,0.0,0.0,0,-0.7338780825023853,0,1,0,0,1,1,0
0,0.0,0.0,0.0,0.0,0,1.4336872067455293,0,1,1,0,0,1,0
0,0.0,0.0,0.0,0.0,1,2.8130469362669293,0,1,1,0,0,1,0
0,0.0,0.0,0.0,0.0,1,-0.5368266925707568,0,1,0,0,1,1,0
0,0.0,0.0,0.0,0.0,0,2.0248413765404147,0,1,0,1,0,0,1
0,0.0,0.0,0.0,0.0,1,0.6454816470190149,0,1,0,1,0,1,0
0,0.0,0.0,0.0,0.0,0,4.192406665788329,0,1,0,1,0,1,0
0,0.0,0.0,0.0,0.0,1,-0.33977530263912814,0,1,0,1,0,1,0
0,0.0,0.0,0.0,0.0,0,0.05432747722412909,0,1,0,1,0,1,0
0,0.0,0.0,0.0,0.0,0,-0.1427239127074995,0,1,0,0,1,1,0
0,0.0,0.0,0.0,0.0,0,-0.5368266925707568,0,1,0,0,1,1,0
0,0.0,0.0,0.0,0.0,0,2.2218927664720436,0,1,1,0,0,1,0
0,0.7676,0.76740444,0.7674044165839726,0.7674044165839726,1,0.8425330369506435,0,1,1,0,0,0,1
0,0.0,0.0,0.0,0.0,0,-0.5368266925707568,0,1,1,0,0,1,0
0,0.0,0.0,0.0,0.0,0,-0.7338780825023853,0,1,1,0,0,0,1
0,0.0,0.0,0.0,0.0,1,0.05432747722412909,0,1,0,1,0,0,1
0,0.0,0.0,0.0,0.0,0,-0.5368266925707568,0,1,0,1,0,0,1
0,0.0,0.0,0.0,0.0,1,-0.33977530263912814,0,1,1,0,0,1,0
0,0.0,0.0,0.0,0.0,0,-0.5368266925707568,0,1,1,0,0,1,0
0,0.0,0.0,0.0,0.0,0,3.995355275856701,0,1,1,0,0,1,0
0,0.0,0.0,0.0,0.0,1,-0.7338780825023853,0,1,0,0,1,0,1
0,0.0,0.0,0.0,0.0,1,0.05432747722412909,0,1,0,0,1,0,1
0,0.0,0.0,0.0,0.0,1,-0.33977530263912814,0,1,1,0,0,1,0
0,0.0,0.0,0.0,0.0,1,-0.33977530263912814,0,1,0,1,0,1,0
0,0.0,0.0,0.0,0.0,0,-0.5368266925707568,1,0,0,0,1,1,0
0,0.0,0.0,0.0,0.0,1,-0.33977530263912814,0,1,0,0,1,1,0
0,0.0,0.0,0.0,0.0,0,-0.1427239127074995,1,0,1,0,0,0,1
0,0.0,0.0,0.0,0.0,0,-0.33977530263912814,0,1,1,0,0,1,0
0,0.0,0.0,0.0,0.0,0,-0.1427239127074995,0,1,0,0,1,1,0
0,0.0,0.0,0.0,0.0,0,-0.7338780825023853,0,1,1,0,0,0,1
0,0.0,0.0,0.0,0.0,0,-0.5368266925707568,1,0,0,1,0,0,1
0,0.0,0.0,0.0,0.0,0,-0.5368266925707568,0,1,1,0,0,1,0
0,0.0,0.0,0.0,0.0,1,0.2513788671557577,0,1,0,0,1,0,1
0,0.0,0.0,0.0,0.0,0,-0.7338780825023853,0,1,0,0,1,1,0
0,0.0,0.0,0.0,0.0,0,-0.33977530263912814,0,1,1,0,0,1,0
0,0.0,0.0,0.0,0.0,0,0.2513788671557577,1,0,0,1,0,1,0
0,0.0,0.0,0.0,0.0,0,-0.33977530263912814,0,1,0,1,0,1,0
0,0.0,0.0,0.0,0.0,1,-0.7338780825023853,0,1,0,0,1,1,0
0,0.0,0.0,0.0,0.0,0,0.8425330369506435,0,1,0,1,0,0,1
0,0.0,0.0,0.0,0.0,0,0.6454816470190149,0,1,1,0,0,0,1
0,0.0,0.0,0.0,0.0,1,-0.7338780825023853,1,0,1,0,0,0,1
0,0.0,0.0,0.0,0.0,1,0.8425330369506435,0,1,0,0,1,1,0
0,0.0,0.0,0.0,0.0,1,-0.5368266925707568,1,0,1,0,0,0,1
0,0.0,0.0,0.0,0.0,0,-0.7338780825023853,0,1,0,0,1,1,0
0,0.7583,0.7583373,0.7583373241205442,0.7583373241205442,0,0.6454816470190149,0,1,1,0,0,1,0
0,0.0,0.0,0.0,0.0,0,-0.33977530263912814,0,1,1,0,0,1,0
0,0.0,0.0,0.0,0.0,1,-0.7338780825023853,1,0,1,0,0,1,0
0,0.0,0.0,0.0,0.0,1,-0.5368266925707568,0,1,0,1,0,1,0
0,0.0,0.0,0.0,0.0,0,-0.5368266925707568,0,1,0,0,1,0,1
0,0.0,0.0,0.0,0.0,0,-0.5368266925707568,0,1,1,0,0,0,1
0,0.0,0.0,0.0,0.0,0,-0.7338780825023853,0,1,1,0,0,1,0
0,0.0,0.0,0.0,0.0,1,-0.5368266925707568,0,1,0,1,0,1,0
0,0.0,0.0,0.0,0.0,1,-0.7338780825023853,0,1,0,0,1,0,1
0,0.0,0.0,0.0,0.0,1,-0.5368266925707568,0,1,1,0,0,1,0
0,0.0,0.0,0.0,0.0,1,0.4484302570873863,0,1,1,0,0,1,0
0,0.0,0.0,0.0,0.0,0,-0.5368266925707568,0,1,0,0,1,1,0
0,0.0,0.0,0.0,0.0,1,-0.5368266925707568,0,1,0,0,1,0,1
0,0.0,0.0,0.0,0.0,0,-0.1427239127074995,1,0,1,0,0,1,0
0,0.0,0.0,0.0,0.0,1,0.6454816470190149,0,1,1,0,0,0,1
0,0.0,0.0,0.0,0.0,1,-0.7338780825023853,0,1,0,0,1,0,1
0,0.0,0.0,0.0,0.0,0,0.6454816470190149,1,0,1,0,0,0,1
0,0.0,0.0,0.0,0.0,1,-0.7338780825023853,0,1,1,0,0,0,1
0,0.0,0.0,0.0,0.0,1,-0.5368266925707568,1,0,1,0,0,1,0
0,0.0,0.0,0.0,0.0,1,-0.7338780825023853,0,1,1,0,0,1,0
0,0.0,0.0,0.0,0.0,0,-0.33977530263912814,0,1,1,0,0,0,1
0,0.0,0.0,0.0,0.0,0,-0.7338780825023853,0,1,0,1,0,1,0
0,0.0,0.0,0.0,0.0,1,-0.5368266925707568,0,1,0,1,0,1,0
0,0.0,0.0,0.0,0.0,0,0.8425330369506435,0,1,0,0,1,1,0
0,0.0,0.0,0.0,0.0,1,-0.7338780825023853,0,1,1,0,0,1,0
0,0.0,0.0,0.0,0.0,1,-0.1427239127074995,0,1,0,1,0,1,0
0,0.0,0.0,0.0,0.0,0,0.8425330369506435,0,1,0,1,0,1,0
0,0.0,0.0,0.0,0.0,1,-0.7338780825023853,0,1,0,1,0,0,1
0,0.0,0.0,0.0,0.0,0,0.6454816470190149,1,0,1,0,0,0,1
0,0.0,0.0,0.0,0.0,0,-0.5368266925707568,0,1,0,1,0,1,0
0,0.0,0.0,0.0,0.0,0,3.2071497161301865,0,1,1,0,0,1,0
0,0.0,0.0,0.0,0.0,0,-0.7338780825023853,0,1,1,0,0,1,0
0,0.0,0.0,0.0,0.0,0,1.039584426882272,0,1,1,0,0,1,0
0,0.0,0.0,0.0,0.0,1,1.2366358168139007,0,1,1,0,0,0,1
0,0.0,0.0,0.0,0.0,0,-0.7338780825023853,0,1,1,0,0,1,0
0,0.0,0.0,0.0,0.0,1,-0.1427239127074995,0,1,1,0,0,0,1
0,0.0,0.0,0.0,0.0,0,-0.33977530263912814,0,1,0,0,1,1,0
0,0.0,0.0,0.0,0.0,0,2.8130469362669293,0,1,1,0,0,0,1
0,0.0,0.0,0.0,0.0,1,-0.33977530263912814,0,1,1,0,0,1,0
0,0.0,0.0,0.0,0.0,0,-0.33977530263912814,0,1,1,0,0,0,1
0,0.0,0.0,0.0,0.0,1,-0.1427239127074995,0,1,1,0,0,1,0
0,0.0,0.0,0.0,0.0,1,2.0248413765404147,0,1,1,0,0,1,0
0,0.0,0.0,0.0,0.0,0,-0.1427239127074995,0,1,0,1,0,1,0
0,0.0,0.0,0.0,0.0,0,-0.33977530263912814,0,1,0,0,1,1,0
0,0.0,0.0,0.0,0.0,0,-0.5368266925707568,0,1,0,0,1,1,0
0,0.0,0.0,0.0,0.0,0,-0.7338780825023853,0,1,1,0,0,1,0
0,0.0,0.0,0.0,0.0,1,-0.1427239127074995,0,1,0,1,0,0,1
0,0.0,0.0,0.0,0.0,0,-0.1427239127074995,0,1,1,0,0,1,0
0,0.0,0.0,0.0,0.0,1,1.4336872067455293,0,1,0,1,0,1,0
0,0.0,0.0,0.0,0.0,0,-0.7338780825023853,0,1,0,1,0,0,1
0,0.0,0.0,0.0,0.0,1,-0.5368266925707568,0,1,0,1,0,0,1
0,0.0,0.0,0.0,0.0,0,-0.7338780825023853,0,1,0,1,0,0,1
0,0.755,0.7546516,0.7546516338427502,0.7546516338427502,0,0.4484302570873863,0,1,1,0,0,0,1
0,0.0,0.0,0.0,0.0,0,-0.1427239127074995,0,1,0,0,1,1,0
0,0.785,0.7849193,0.7849192945250534,0.7849192945250534,0,2.2218927664720436,0,1,0,1,0,1,0
0,0.0,0.0,0.0,0.0,0,-0.5368266925707568,0,1,0,1,0,0,1
0,0.0,0.0,0.0,0.0,0,1.2366358168139007,0,1,1,0,0,1,0
0,0.0,0.0,0.0,0.0,0,-0.33977530263912814,0,1,0,0,1,1,0
0,0.0,0.0,0.0,0.0,0,-0.33977530263912814,0,1,1,0,0,1,0
0,0.0,0.0,0.0,0.0,1,-0.7338780825023853,0,1,1,0,0,1,0
0,0.0,0.0,0.0,0.0,0,0.2513788671557577,1,0,0,1,0,1,0
0,0.0,0.0,0.0,0.0,0,-0.1427239127074995,0,1,0,1,0,1,0
0,0.0,0.0,0.0,0.0,0,-0.5368266925707568,1,0,0,0,1,1,0
0,0.0,0.0,0.0,0.0,1,-0.33977530263912814,1,0,1,0,0,1,0
0,0.0,0.0,0.0,0.0,0,0.05432747722412909,1,0,1,0,0,1,0
0,0.0,0.0,0.0,0.0,0,-0.5368266925707568,1,0,0,0,1,0,1
0,0.0,0.0,0.0,0.0,1,-0.7338780825023853,1,0,0,0,1,1,0
0,0.0,0.0,0.0,0.0,1,-0.5368266925707568,0,1,1,0,0,1,0
0,0.0,0.0,0.0,0.0,1,-0.5368266925707568,0,1,1,0,0,1,0
0,0.0,0.0,0.0,0.0,0,-0.5368266925707568,0,1,0,1,0,1,0
0,0.0,0.0,0.0,0.0,0,-0.5368266925707568,0,1,0,1,0,1,0
0,0.0,0.0,0.0,0.0,1,-0.5368266925707568,0,1,0,1,0,0,1
0,0.0,0.0,0.0,0.0,0,0.05432747722412909,0,1,0,1,0,1,0
0,0.0,0.0,0.0,0.0,0,0.05432747722412909,0,1,1,0,0,1,0
0,0.0,0.0,0.0,0.0,0,1.4336872067455293,0,1,1,0,0,1,0
0,0.0,0.0,0.0,0.0,1,-0.5368266925707568,0,1,0,0,1,1,0
0,0.0,0.0,0.0,0.0,0,0.05432747722412909,1,0,0,0,1,1,0
0,0.0,0.0,0.0,0.0,0,1.4336872067455293,0,1,0,1,0,0,1
0,0.0,0.0,0.0,0.0,0,-0.5368266925707568,1,0,0,0,1,0,1
0,0.0,0.0,0.0,0.0,1,-0.7338780825023853,0,1,0,0,1,1,0
0,0.0,0.0,0.0,0.0,0,-0.5368266925707568,0,1,0,0,1,1,0
0,0.0,0.0,0.0,0.0,1,1.039584426882272,0,1,1,0,0,1,0
0,0.0,0.0,0.0,0.0,1,-0.5368266925707568,0,1,0,1,0,0,1
0,0.0,0.0,0.0,0.0,1,-0.1427239127074995,0,1,1,0,0,0,1
0,0.0,0.0,0.0,0.0,1,0.4484302570873863,0,1,0,1,0,1,0
0,0.0,0.0,0.0,0.0,0,-0.5368266925707568,0,1,0,0,1,1,0
0,0.0,0.0,0.0,0.0,0,-0.7338780825023853,0,1,0,0,1,1,0
0,0.0,0.0,0.0,0.0,0,-0.7338780825023853,0,1,1,0,0,1,0
0,0.0,0.0,0.0,0.0,0,-0.5368266925707568,0,1,0,0,1,1,0
0,0.0,0.0,0.0,0.0,0,-0.7338780825023853,0,1,0,0,1,1,0
0,0.0,0.0,0.0,0.0,1,0.6454816470190149,0,1,1,0,0,0,1
0,0.0,0.0,0.0,0.0,0,0.4484302570873863,0,1,0,1,0,0,1
0,0.0,0.0,0.0,0.0,0,-0.7338780825023853,0,1,0,0,1,1,0
0,0.0,0.0,0.0,0.0,0,-0.5368266925707568,0,1,1,0,0,0,1
0,0.0,0.0,0.0,0.0,0,-0.7338780825023853,1,0,0,0,1,1,0
0,0.0,0.0,0.0,0.0,0,0.2513788671557577,0,1,1,0,0,1,0
0,0.0,0.0,0.0,0.0,0,-0.5368266925707568,0,1,0,1,0,1,0
0,0.0,0.0,0.0,0.0,0,-0.1427239127074995,0,1,0,1,0,1,0
0,0.0,0.0,0.0,0.0,0,-0.5368266925707568,0,1,1,0,0,0,1
0,0.0,0.0,0.0,0.0,0,-0.7338780825023853,0,1,0,0,1,0,1
0,0.0,0.0,0.0,0.0,1,-0.7338780825023853,0,1,1,0,0,0,1
0,0.0,0.0,0.0,0.0,1,-0.33977530263912814,0,1,1,0,0,0,1
0,0.0,0.0,0.0,0.0,1,-0.33977530263912814,0,1,0,0,1,0,1
0,0.0,0.0,0.0,0.0,1,-0.33977530263912814,0,1,0,1,0,0,1
0,0.0,0.0,0.0,0.0,0,-0.1427239127074995,0,1,0,0,1,1,0
0,0.0,0.0,0.0,0.0,1,0.05432747722412909,0,1,1,0,0,0,1
0,0.0,0.0,0.0,0.0,0,-0.5368266925707568,0,1,0,0,1,0,1
0,0.0,0.0,0.0,0.0,1,-0.33977530263912814,0,1,1,0,0,1,0
0,0.0,0.0,0.0,0.0,0,1.4336872067455293,0,1,1,0,0,1,0
0,0.0,0.0,0.0,0.0,1,0.05432747722412909,0,1,1,0,0,0,1
0,0.0,0.0,0.0,0.0,0,0.4484302570873863,0,1,1,0,0,1,0
0,0.0,0.0,0.0,0.0,0,-0.7338780825023853,1,0,0,0,1,0,1
0,0.0,0.0,0.0,0.0,1,-0.1427239127074995,0,1,1,0,0,1,0
0,0.0,0.0,0.0,0.0,0,-0.5368266925707568,0,1,1,0,0,1,0
0,0.0,0.0,0.0,0.0,1,-0.33977530263912814,0,1,0,1,0,0,1
0,0.0,0.0,0.0,0.0,1,-0.33977530263912814,0,1,1,0,0,1,0
0,0.0,0.0,0.0,0.0,0,-0.33977530263912814,0,1,1,0,0,1,0
0,0.0,0.0,0.0,0.0,0,-0.5368266925707568,1,0,1,0,0,1,0
0,0.0,0.0,0.0,0.0,1,-0.7338780825023853,1,0,1,0,0,1,0
0,0.0,0.0,0.0,0.0,0,1.8277899866087863,1,0,1,0,0,1,0
0,0.0,0.0,0.0,0.0,0,1.8277899866087863,0,1,0,1,0,1,0
0,0.0,0.0,0.0,0.0,0,-0.5368266925707568,0,1,1,0,0,0,1
0,0.0,0.0,0.0,0.0,0,-0.7338780825023853,0,1,1,0,0,1,0
0,0.0,0.0,0.0,0.0,0,-0.33977530263912814,0,1,0,0,1,1,0
0,0.0,0.0,0.0,0.0,0,-0.5368266925707568,0,1,1,0,0,0,1
0,0.0,0.0,0.0,0.0,1,-0.5368266925707568,0,1,0,1,0,1,0
0,0.0,0.0,0.0,0.0,0,1.2366358168139007,0,1,0,0,1,1,0
0,0.0,0.0,0.0,0.0,1,-0.1427239127074995,1,0,0,0,1,1,0
0,0.0,0.0,0.0,0.0,1,-0.5368266925707568,1,0,1,0,0,0,1
0,0.0,0.0,0.0,0.0,0,-0.33977530263912814,0,1,1,0,0,1,0
0,0.0,0.0,0.0,0.0,1,-0.7338780825023853,1,0,0,1,0,0,1
0,0.0,0.0,0.0,0.0,1,0.05432747722412909,0,1,0,1,0,0,1
0,0.0,0.0,0.0,0.0,0,0.6454816470190149,0,1,0,1,0,0,1
0,0.0,0.0,0.0,0.0,1,-0.7338780825023853,0,1,1,0,0,0,1
0,0.0,0.0,0.0,0.0,0,-0.7338780825023853,0,1,0,0,1,1,0
0,0.0,0.0,0.0,0.0,0,0.6454816470190149,0,1,1,0,0,0,1
0,0.0,0.0,0.0,0.0,0,3.010098326198558,0,1,1,0,0,1,0
0,0.0,0.0,0.0,0.0,0,-0.1427239127074995,0,1,1,0,0,1,0
0,0.0,0.0,0.0,0.0,1,1.4336872067455293,0,1,0,1,0,0,1
0,0.7197,0.71992356,0.7199235808145242,0.7199235808145242,0,0.8425330369506435,0,1,1,0,0,0,1
0,0.0,0.0,0.0,0.0,1,-0.5368266925707568,0,1,1,0,0,1,0
0,0.0,0.0,0.0,0.0,0,-0.7338780825023853,0,1,0,0,1,1,0
0,0.0,0.0,0.0,0.0,1,1.6307385966771577,0,1,0,1,0,1,0
0,0.0,0.0,0.0,0.0,1,-0.5368266925707568,0,1,1,0,0,0,1
0,0.0,0.0,0.0,0.0,1,-0.7338780825023853,0,1,0,1,0,0,1
0,0.0,0.0,0.0,0.0,0,-0.5368266925707568,0,1,0,0,1,1,0
0,0.0,0.0,0.0,0.0,1,-0.7338780825023853,1,0,0,1,0,0,1
0,0.0,0.0,0.0,0.0,0,1.8277899866087863,1,0,1,0,0,1,0
0,0.0,0.0,0.0,0.0,1,0.4484302570873863,0,1,0,1,0,1,0
0,0.0,0.0,0.0,0.0,1,-0.5368266925707568,1,0,1,0,0,0,1
0,0.0,0.0,0.0,0.0,0,-0.7338780825023853,0,1,0,1,0,0,1
0,0.0,0.0,0.0,0.0,1,-0.7338780825023853,1,0,1,0,0,1,0
0,0.732,0.73181605,0.731816079376955,0.731816079376955,0,0.6454816470190149,0,1,1,0,0,1,0
0,0.0,0.0,0.0,0.0,0,3.2071497161301865,0,1,1,0,0,1,0
0,0.0,0.0,0.0,0.0,1,0.05432747722412909,0,1,0,0,1,1,0
0,0.0,0.0,0.0,0.0,1,-0.7338780825023853,1,0,1,0,0,0,1
0,0.0,0.0,0.0,0.0,1,-0.5368266925707568,0,1,1,0,0,0,1
0,0.0,0.0,0.0,0.0,1,-0.5368266925707568,0,1,0,1,0,1,0
0,0.0,0.0,0.0,0.0,0,2.2218927664720436,0,1,0,1,0,0,1
0,0.0,0.0,0.0,0.0,0,-0.33977530263912814,0,1,1,0,0,1,0
0,0.0,0.0,0.0,0.0,0,-0.7338780825023853,0,1,0,0,1,1,0
0,0.0,0.0,0.0,0.0,0,1.2366358168139007,0,1,1,0,0,1,0
0,0.0,0.0,0.0,0.0,1,-0.7338780825023853,0,1,0,0,1,0,1
0,0.0,0.0,0.0,0.0,1,-0.33977530263912814,1,0,1,0,0,0,1
0,0.0,0.0,0.0,0.0,1,-0.7338780825023853,0,1,0,1,0,0,1
0,0.0,0.0,0.0,0.0,0,4.192406665788329,0,1,1,0,0,1,0
0,0.0,0.0,0.0,0.0,0,-0.7338780825023853,1,0,1,0,0,0,1
0,0.0,0.0,0.0,0.0,1,-0.7338780825023853,1,0,0,1,0,0,1
0,0.0,0.0,0.0,0.0,0,-0.5368266925707568,0,1,0,0,1,1,0
0,0.0,0.0,0.0,0.0,0,-0.7338780825023853,1,0,0,1,0,0,1
0,0.0,0.0,0.0,0.0,1,2.418944156403672,0,1,1,0,0,1,0
0,0.0,0.0,0.0,0.0,0,-0.7338780825023853,0,1,1,0,0,0,1
0,0.0,0.0,0.0,0.0,0,-0.7338780825023853,1,0,1,0,0,0,1
0,0.0,0.0,0.0,0.0,1,-0.5368266925707568,0,1,0,1,0,1,0
0,0.0,0.0,0.0,0.0,0,-0.5368266925707568,0,1,1,0,0,0,1
0,0.0,0.0,0.0,0.0,0,-0.7338780825023853,0,1,0,0,1,0,1
0,0.0,0.0,0.0,0.0,0,0.2513788671557577,0,1,1,0,0,1,0
0,0.0,0.0,0.0,0.0,0,-0.1427239127074995,0,1,0,1,0,0,1
0,0.726,0.7259101,0.7259101060407926,0.7259101060407926,0,2.2218927664720436,0,1,0,1,0,1,0
0,0.0,0.0,0.0,0.0,1,-0.7338780825023853,0,1,1,0,0,0,1
0,0.0,0.0,0.0,0.0,0,-0.7338780825023853,0,1,1,0,0,1,0
0,0.0,0.0,0.0,0.0,1,0.2513788671557577,0,1,1,0,0,1,0
0,0.0,0.0,0.0,0.0,0,-0.5368266925707568,0,1,0,0,1,1,0
0,0.0,0.0,0.0,0.0,0,-0.1427239127074995,0,1,1,0,0,0,1
0,0.0,0.0,0.0,0.0,0,-0.1427239127074995,0,1,0,1,0,1,0
0,0.0,0.0,0.0,0.0,0,0.05432747722412909,0,1,1,0,0,0,1
0,0.0,0.0,0.0,0.0,0,-0.7338780825023853,0,1,0,1,0,0,1
0,0.0,0.0,0.0,0.0,0,-0.5368266925707568,0,1,0,0,1,1,0
0,0.0,0.0,0.0,0.0,0,0.2513788671557577,0,1,0,0,1,1,0
0,0.0,0.0,0.0,0.0,1,-0.5368266925707568,0,1,0,1,0,1,0
0,0.0,0.0,0.0,0.0,0,-0.7338780825023853,0,1,0,0,1,1,0
0,0.0,0.0,0.0,0.0,0,-0.7338780825023853,0,1,0,0,1,1,0
0,0.0,0.0,0.0,0.0,1,0.05432747722412909,0,1,1,0,0,1,0
0,0.0,0.0,0.0,0.0,0,4.192406665788329,0,1,1,0,0,1,0
0,0.0,0.0,0.0,0.0,1,-0.5368266925707568,0,1,1,0,0,0,1
0,0.0,0.0,0.0,0.0,0,0.2513788671557577,0,1,1,0,0,0,1
0,0.0,0.0,0.0,0.0,0,0.05432747722412909,0,1,1,0,0,1,0
0,0.0,0.0,0.0,0.0,1,-0.5368266925707568,0,1,0,1,0,1,0
0,0.0,0.0,0.0,0.0,1,-0.1427239127074995,0,1,1,0,0,1,0
0,0.0,0.0,0.0,0.0,0,-0.7338780825023853,0,1,0,1,0,1,0
0,0.0,0.0,0.0,0.0,1,-0.7338780825023853,1,0,1,0,0,0,1
0,0.0,0.0,0.0,0.0,0,1.2366358168139007,0,1,1,0,0,1,0
0,0.0,0.0,0.0,0.0,0,0.4484302570873863,0,1,1,0,0,1,0
0,0.0,0.0,0.0,0.0,0,0.4484302570873863,0,1,1,0,0,1,0
0,0.0,0.0,0.0,0.0,1,-0.1427239127074995,0,1,0,1,0,1,0
0,0.0,0.0,0.0,0.0,0,-0.5368266925707568,0,1,1,0,0,1,0
0,0.0,0.0,0.0,0.0,1,-0.33977530263912814,0,1,0,1,0,1,0
0,0.0,0.0,0.0,0.0,0,-0.1427239127074995,0,1,0,0,1,1,0
0,0.0,0.0,0.0,0.0,0,2.0248413765404147,0,1,1,0,0,0,1
0,0.0,0.0,0.0,0.0,0,-0.1427239127074995,0,1,1,0,0,1,0
0,0.0,0.0,0.0,0.0,1,-0.1427239127074995,1,0,1,0,0,1,0
0,0.0,0.0,0.0,0.0,1,0.05432747722412909,0,1,1,0,0,1,0
0,0.0,0.0,0.0,0.0,0,-0.5368266925707568,1,0,0,0,1,0,1
0,0.0,0.0,0.0,0.0,0,0.6454816470190149,0,1,0,0,1,0,1
0,0.738,0.7376424,0.7376423801856891,0.7376423801856891,0,0.4484302570873863,0,1,1,0,0,0,1
0,0.0,0.0,0.0,0.0,1,-0.7338780825023853,1,0,1,0,0,0,1
0,0.0,0.0,0.0,0.0,1,-0.7338780825023853,0,1,1,0,0,0,1
0,0.0,0.0,0.0,0.0,0,2.8130469362669293,0,1,0,1,0,1,0
0,0.0,0.0,0.0,0.0,1,-0.5368266925707568,1,0,0,1,0,0,1
0,0.0,0.0,0.0,0.0,1,1.2366358168139007,1,0,1,0,0,1,0
0,0.0,0.0,0.0,0.0,0,0.2513788671557577,0,1,1,0,0,1,0
0,0.0,0.0,0.0,0.0,1,-0.5368266925707568,0,1,0,0,1,1,0
0,0.0,0.0,0.0,0.0,0,-0.1427239127074995,1,0,0,0,1,1,0
0,0.0,0.0,0.0,0.0,0,-0.7338780825023853,0,1,0,0,1,0,1
0,0.0,0.0,0.0,0.0,0,0.05432747722412909,1,0,1,0,0,1,0
0,0.0,0.0,0.0,0.0,0,-0.1427239127074995,1,0,1,0,0,0,1
0,0.0,0.0,0.0,0.0,0,-0.5368266925707568,1,0,1,0,0,0,1
0,0.0,0.0,0.0,0.0,1,-0.7338780825023853,0,1,0,1,0,1,0
0,0.0,0.0,0.0,0.0,0,0.4484302570873863,0,1,1,0,0,1,0
0,0.0,0.0,0.0,0.0,0,-0.7338780825023853,0,1,1,0,0,0,1
0,0.0,0.0,0.0,0.0,0,-0.1427239127074995,0,1,1,0,0,1,0
0,0.0,0.0,0.0,0.0,1,-0.7338780825023853,0,1,0,1,0,0,1
0,0.0,0.0,0.0,0.0,0,-0.5368266925707568,0,1,0,0,1,1,0
0,0.0,0.0,0.0,0.0,1,-0.1427239127074995,0,1,1,0,0,1,0
0,0.0,0.0,0.0,0.0,1,-0.7338780825023853,0,1,1,0,0,1,0
0,0.7036,0.7035587,0.7035587015314072,0.7035587015314072,0,0.4484302570873863,0,1,1,0,0,0,1
0,0.7744,0.77450854,0.7745085286615678,0.7745085286615678,1,0.6454816470190149,0,1,1,0,0,1,0
0,0.0,0.0,0.0,0.0,1,-0.7338780825023853,0,1,1,0,0,0,1
0,0.0,0.0,0.0,0.0,0,1.039584426882272,0,1,1,0,0,1,0
0,0.0,0.0,0.0,0.0,1,-0.7338780825023853,0,1,1,0,0,0,1
0,0.0,0.0,0.0,0.0,1,-0.7338780825023853,0,1,0,0,1,1,0
0,0.0,0.0,0.0,0.0,1,4.7835608355832155,0,1,0,1,0,1,0
0,0.0,0.0,0.0,0.0,0,0.05432747722412909,0,1,1,0,0,0,1
0,0.0,0.0,0.0,0.0,0,0.6454816470190149,0,1,1,0,0,0,1
0,0.0,0.0,0.0,0.0,1,-0.33977530263912814,0,1,1,0,0,0,1
0,0.0,0.0,0.0,0.0,0,-0.7338780825023853,0,1,1,0,0,0,1
0,0.0,0.0,0.0,0.0,0,0.4484302570873863,0,1,0,1,0,1,0
0,0.0,0.0,0.0,0.0,1,-0.33977530263912814,0,1,1,0,0,0,1
0,0.0,0.0,0.0,0.0,1,-0.1427239127074995,0,1,1,0,0,0,1
0,0.0,0.0,0.0,0.0,0,-0.5368266925707568,1,0,0,1,0,1,0
0,0.0,0.0,0.0,0.0,1,-0.1427239127074995,0,1,1,0,0,0,1
0,0.0,0.0,0.0,0.0,0,-0.7338780825023853,0,1,0,1,0,0,1
0,0.0,0.0,0.0,0.0,1,1.039584426882272,0,1,1,0,0,1,0
0,0.0,0.0,0.0,0.0,0,-0.5368266925707568,0,1,0,0,1,1,0
0,0.0,0.0,0.0,0.0,1,-0.7338780825023853,0,1,0,1,0,0,1
0,0.0,0.0,0.0,0.0,1,-0.1427239127074995,0,1,0,0,1,0,1
0,0.0,0.0,0.0,0.0,0,2.8130469362669293,0,1,1,0,0,0,1
0,0.0,0.0,0.0,0.0,1,1.4336872067455293,0,1,1,0,0,0,1
0,0.0,0.0,0.0,0.0,1,0.8425330369506435,0,1,0,1,0,1,0
0,0.0,0.0,0.0,0.0,1,0.6454816470190149,1,0,0,1,0,1,0
0,0.0,0.0,0.0,0.0,0,-0.1427239127074995,0,1,1,0,0,1,0
0,0.0,0.0,0.0,0.0,0,-0.7338780825023853,0,1,1,0,0,1,0
0,0.0,0.0,0.0,0.0,0,-0.1427239127074995,0,1,1,0,0,0,1
0,0.0,0.0,0.0,0.0,0,-0.1427239127074995,0,1,0,0,1,0,1
0,0.0,0.0,0.0,0.0,0,0.05432747722412909,0,1,1,0,0,0,1
0,0.0,0.0,0.0,0.0,1,-0.5368266925707568,0,1,1,0,0,1,0
0,0.0,0.0,0.0,0.0,1,-0.5368266925707568,0,1,1,0,0,1,0
0,0.0,0.0,0.0,0.0,0,-0.7338780825023853,0,1,0,0,1,1,0
0,0.0,0.0,0.0,0.0,0,-0.7338780825023853,0,1,1,0,0,1,0
0,0.0,0.0,0.0,0.0,1,-0.5368266925707568,0,1,0,1,0,0,1
0,0.0,0.0,0.0,0.0,0,0.2513788671557577,0,1,1,0,0,1,0
0,0.0,0.0,0.0,0.0,1,-0.33977530263912814,0,1,0,1,0,1,0
0,0.0,0.0,0.0,0.0,0,0.2513788671557577,0,1,1,0,0,1,0
0,0.0,0.0,0.0,0.0,1,-0.7338780825023853,0,1,1,0,0,1,0
0,0.0,0.0,0.0,0.0,1,-0.5368266925707568,0,1,1,0,0,0,1
0,0.0,0.0,0.0,0.0,1,-0.7338780825023853,0,1,1,0,0,0,1
0,0.0,0.0,0.0,0.0,0,-0.7338780825023853,0,1,1,0,0,1,0
0,0.0,0.0,0.0,0.0,0,-0.7338780825023853,0,1,0,0,1,0,1
0,0.0,0.0,0.0,0.0,0,-0.33977530263912814,0,1,0,0,1,1,0
0,0.0,0.0,0.0,0.0,0,-0.7338780825023853,1,0,1,0,0,1,0
0,0.0,0.0,0.0,0.0,0,-0.33977530263912814,0,1,0,0,1,1,0
0,0.0,0.0,0.0,0.0,0,-0.7338780825023853,0,1,0,1,0,0,1
0,0.0,0.0,0.0,0.0,1,-0.33977530263912814,0,1,1,0,0,1,0
0,0.0,0.0,0.0,0.0,1,-0.33977530263912814,0,1,0,1,0,0,1
0,0.0,0.0,0.0,0.0,1,-0.7338780825023853,0,1,0,1,0,0,1
0,0.0,0.0,0.0,0.0,0,-0.7338780825023853,0,1,1,0,0,0,1
0,0.0,0.0,0.0,0.0,1,-0.7338780825023853,0,1,0,0,1,1,0
0,0.0,0.0,0.0,0.0,1,-0.1427239127074995,1,0,0,0,1,0,1
0,0.0,0.0,0.0,0.0,0,0.2513788671557577,0,1,1,0,0,1,0
0,0.0,0.0,0.0,0.0,0,1.8277899866087863,0,1,1,0,0,1,0
0,0.0,0.0,0.0,0.0,0,3.010098326198558,0,1,1,0,0,1,0
0,0.0,0.0,0.0,0.0,0,-0.5368266925707568,0,1,0,0,1,0,1
0,0.0,0.0,0.0,0.0,1,-0.33977530263912814,0,1,1,0,0,1,0
0,0.0,0.0,0.0,0.0,0,1.2366358168139007,0,1,0,1,0,0,1
0,0.0,0.0,0.0,0.0,0,-0.33977530263912814,0,1,0,0,1,1,0
0,0.0,0.0,0.0,0.0,0,0.2513788671557577,0,1,1,0,0,1,0
0,0.0,0.0,0.0,0.0,1,-0.7338780825023853,1,0,1,0,0,0,1
0,0.0,0.0,0.0,0.0,1,-0.5368266925707568,0,1,0,1,0,0,1
0,0.0,0.0,0.0,0.0,0,-0.1427239127074995,0,1,0,0,1,1,0
0,0.0,0.0,0.0,0.0,1,-0.1427239127074995,0,1,0,1,0,1,0
0,0.0,0.0,0.0,0.0,0,-0.33977530263912814,0,1,1,0,0,1,0
0,0.0,0.0,0.0,0.0,0,3.4042011060618154,0,1,1,0,0,1,0
0,0.0,0.0,0.0,0.0,0,0.4484302570873863,0,1,0,0,1,1,0
0,0.0,0.0,0.0,0.0,0,-0.5368266925707568,0,1,0,0,1,1,0
0,0.0,0.0,0.0,0.0,1,-0.33977530263912814,0,1,0,1,0,0,1
0,0.0,0.0,0.0,0.0,0,-0.1427239127074995,0,1,0,1,0,1,0
0,0.7417,0.74148273,0.7414827399312736,0.7414827399312736,0,0.05432747722412909,1,0,0,1,0,1,0
0,0.0,0.0,0.0,0.0,1,1.8277899866087863,0,1,1,0,0,1,0
0,0.0,0.0,0.0,0.0,1,-0.1427239127074995,0,1,0,1,0,0,1
0,0.755,0.7546516,0.7546516338427502,0.7546516338427502,0,0.6454816470190149,0,1,1,0,0,1,0
0,0.0,0.0,0.0,0.0,0,0.4484302570873863,0,1,1,0,0,1,0
0,0.0,0.0,0.0,0.0,1,-0.5368266925707568,0,1,1,0,0,1,0
0,0.0,0.0,0.0,0.0,0,0.05432747722412909,0,1,0,1,0,0,1
0,0.0,0.0,0.0,0.0,0,-0.7338780825023853,1,0,1,0,0,1,0
0,0.0,0.0,0.0,0.0,0,-0.5368266925707568,0,1,1,0,0,1,0
0,0.0,0.0,0.0,0.0,0,-0.5368266925707568,1,0,1,0,0,1,0
0,0.0,0.0,0.0,0.0,0,-0.33977530263912814,0,1,0,1,0,0,1
0,0.0,0.0,0.0,0.0,0,-0.33977530263912814,0,1,0,1,0,1,0
0,0.7075,0.7077052,0.7077052118041789,0.7077052118041789,1,0.4484302570873863,0,1,1,0,0,0,1
0,0.0,0.0,0.0,0.0,1,-0.33977530263912814,0,1,1,0,0,1,0
0,0.0,0.0,0.0,0.0,1,-0.5368266925707568,0,1,1,0,0,0,1
0,0.0,0.0,0.0,0.0,0,1.6307385966771577,0,1,1,0,0,1,0
0,0.0,0.0,0.0,0.0,1,-0.7338780825023853,0,1,0,1,0,0,1
0,0.0,0.0,0.0,0.0,0,-0.5368266925707568,0,1,1,0,0,1,0
0,0.0,0.0,0.0,0.0,0,4.586509445651587,0,1,1,0,0,1,0
0,0.0,0.0,0.0,0.0,0,3.2071497161301865,0,1,1,0,0,1,0
0,0.0,0.0,0.0,0.0,0,-0.5368266925707568,0,1,0,0,1,1,0
0,0.0,0.0,0.0,0.0,1,-0.5368266925707568,0,1,1,0,0,1,0
0,0.0,0.0,0.0,0.0,0,2.8130469362669293,0,1,1,0,0,1,0
0,0.0,0.0,0.0,0.0,0,0.05432747722412909,0,1,1,0,0,1,0
0,0.0,0.0,0.0,0.0,0,-0.1427239127074995,0,1,1,0,0,1,0
0,0.0,0.0,0.0,0.0,0,-0.33977530263912814,0,1,1,0,0,0,1
0,0.0,0.0,0.0,0.0,0,0.2513788671557577,0,1,1,0,0,1,0
0,0.0,0.0,0.0,0.0,1,-0.7338780825023853,0,1,1,0,0,1,0
0,0.0,0.0,0.0,0.0,0,-0.7338780825023853,0,1,0,0,1,1,0
0,0.0,0.0,0.0,0.0,0,-0.5368266925707568,0,1,1,0,0,1,0
0,0.0,0.0,0.0,0.0,1,0.05432747722412909,0,1,0,1,0,0,1
0,0.0,0.0,0.0,0.0,0,-0.7338780825023853,0,1,0,0,1,1,0
0,0.0,0.0,0.0,0.0,0,-0.7338780825023853,0,1,0,0,1,1,0
0,0.762,0.7619893,0.7619892744665404,0.7619892744665404,0,2.2218927664720436,0,1,0,1,0,1,0
0,0.0,0.0,0.0,0.0,0,-0.1427239127074995,0,1,0,0,1,1,0
0,0.0,0.0,0.0,0.0,0,-0.7338780825023853,1,0,0,0,1,1,0
0,0.0,0.0,0.0,0.0,0,0.2513788671557577,0,1,0,1,0,1,0
0,0.0,0.0,0.0,0.0,0,0.2513788671557577,0,1,1,0,0,0,1
0,0.0,0.0,0.0,0.0,0,-0.7338780825023853,0,1,0,0,1,1,0
0,0.0,0.0,0.0,0.0,0,-0.5368266925707568,0,1,1,0,0,1,0
0,0.0,0.0,0.0,0.0,0,0.8425330369506435,0,1,1,0,0,1,0
0,0.0,0.0,0.0,0.0,0,0.8425330369506435,0,1,1,0,0,1,0
0,0.0,0.0,0.0,0.0,0,-0.7338780825023853,0,1,0,0,1,1,0
0,0.0,0.0,0.0,0.0,1,-0.7338780825023853,0,1,1,0,0,1,0
0,0.0,0.0,0.0,0.0,1,0.4484302570873863,0,1,0,1,0,1,0
0,0.0,0.0,0.0,0.0,1,-0.33977530263912814,0,1,1,0,0,1,0
0,0.0,0.0,0.0,0.0,0,1.6307385966771577,0,1,0,1,0,1,0
0,0.0,0.0,0.0,0.0,0,-0.33977530263912814,0,1,1,0,0,1,0
0,0.0,0.0,0.0,0.0,0,1.4336872067455293,0,1,1,0,0,1,0
0,0.0,0.0,0.0,0.0,1,-0.5368266925707568,0,1,0,1,0,0,1
0,0.0,0.0,0.0,0.0,0,0.05432747722412909,0,1,1,0,0,1,0
0,0.0,0.0,0.0,0.0,0,0.2513788671557577,0,1,1,0,0,1,0
0,0.0,0.0,0.0,0.0,1,-0.7338780825023853,1,0,1,0,0,0,1
0,0.0,0.0,0.0,0.0,0,0.8425330369506435,0,1,1,0,0,1,0
0,0.0,0.0,0.0,0.0,0,-0.1427239127074995,0,1,1,0,0,0,1
0,0.0,0.0,0.0,0.0,0,-0.33977530263912814,0,1,1,0,0,1,0
0,0.0,0.0,0.0,0.0,0,0.6454816470190149,0,1,0,1,0,0,1
0,0.0,0.0,0.0,0.0,0,-0.7338780825023853,0,1,1,0,0,0,1
0,0.0,0.0,0.0,0.0,0,0.8425330369506435,0,1,1,0,0,1,0
0,0.0,0.0,0.0,0.0,0,0.6454816470190149,0,1,0,1,0,1,0
0,0.0,0.0,0.0,0.0,1,1.2366358168139007,1,0,0,1,0,1,0
0,0.0,0.0,0.0,0.0,0,-0.1427239127074995,1,0,1,0,0,1,0
0,0.0,0.0,0.0,0.0,1,-0.5368266925707568,0,1,0,1,0,0,1
0,0.0,0.0,0.0,0.0,1,1.4336872067455293,0,1,1,0,0,1,0
0,0.0,0.0,0.0,0.0,0,-0.1427239127074995,0,1,1,0,0,1,0
0,0.0,0.0,0.0,0.0,1,-0.7338780825023853,0,1,0,1,0,0,1
0,0.0,0.0,0.0,0.0,1,-0.33977530263912814,1,0,0,0,1,1,0
0,0.0,0.0,0.0,0.0,0,0.4484302570873863,0,1,1,0,0,1,0
0,0.0,0.0,0.0,0.0,0,-0.33977530263912814,0,1,1,0,0,1,0
0,0.0,0.0,0.0,0.0,0,-0.5368266925707568,0,1,1,0,0,1,0
0,0.0,0.0,0.0,0.0,1,0.05432747722412909,0,1,1,0,0,1,0
0,0.0,0.0,0.0,0.0,1,3.6012524959934438,0,1,1,0,0,1,0
0,0.0,0.0,0.0,0.0,0,-0.5368266925707568,0,1,0,0,1,1,0
0,0.0,0.0,0.0,0.0,0,-0.33977530263912814,0,1,0,0,1,1,0
0,0.0,0.0,0.0,0.0,0,0.05432747722412909,0,1,0,0,1,0,1
0,0.0,0.0,0.0,0.0,1,-0.7338780825023853,0,1,1,0,0,0,1
0,0.0,0.0,0.0,0.0,0,0.6454816470190149,1,0,0,1,0,0,1
0,0.0,0.0,0.0,0.0,0,-0.7338780825023853,0,1,0,0,1,1,0
0,0.0,0.0,0.0,0.0,0,-0.5368266925707568,0,1,0,0,1,1,0
0,0.0,0.0,0.0,0.0,0,1.039584426882272,1,0,1,0,0,1,0
0,0.0,0.0,0.0,0.0,0,-0.5368266925707568,0,1,0,0,1,1,0
0,0.0,0.0,0.0,0.0,0,-0.7338780825023853,0,1,1,0,0,0,1
0,0.0,0.0,0.0,0.0,0,-0.33977530263912814,0,1,1,0,0,1,0
0,0.0,0.0,0.0,0.0,0,0.2513788671557577,0,1,1,0,0,1,0
0,0.0,0.0,0.0,0.0,0,5.374715005378102,0,1,0,1,0,1,0
0,0.0,0.0,0.0,0.0,1,-0.7338780825023853,0,1,1,0,0,1,0
0,0.0,0.0,0.0,0.0,0,-0.1427239127074995,0,1,1,0,0,1,0
0,0.0,0.0,0.0,0.0,1,-0.7338780825023853,0,1,1,0,0,1,0
0,0.0,0.0,0.0,0.0,0,0.4484302570873863,0,1,1,0,0,1,0
0,0.0,0.0,0.0,0.0,1,-0.33977530263912814,0,1,1,0,0,0,1
0,0.0,0.0,0.0,0.0,0,-0.7338780825023853,1,0,0,0,1,0,1
0,0.0,0.0,0.0,0.0,0,-0.7338780825023853,1,0,0,0,1,1,0
0,0.0,0.0,0.0,0.0,1,0.8425330369506435,0,1,0,1,0,1,0
0,0.0,0.0,0.0,0.0,1,-0.33977530263912814,0,1,0,1,0,0,1
0,0.0,0.0,0.0,0.0,1,-0.7338780825023853,0,1,1,0,0,0,1
0,0.0,0.0,0.0,0.0,0,1.039584426882272,0,1,0,1,0,1,0
0,0.0,0.0,0.0,0.0,0,-0.7338780825023853,1,0,0,0,1,1,0
0,0.0,0.0,0.0,0.0,1,-0.33977530263912814,1,0,1,0,0,1,0
0,0.0,0.0,0.0,0.0,1,0.05432747722412909,0,1,1,0,0,0,1
0,0.0,0.0,0.0,0.0,1,-0.7338780825023853,0,1,0,1,0,1,0
0,0.0,0.0,0.0,0.0,0,-0.33977530263912814,0,1,1,0,0,1,0
0,0.0,0.0,0.0,0.0,1,0.4484302570873863,0,1,0,1,0,1,0
0,0.0,0.0,0.0,0.0,0,-0.33977530263912814,0,1,0,0,1,0,1
0,0.0,0.0,0.0,0.0,1,-0.7338780825023853,0,1,1,0,0,1,0
0,0.0,0.0,0.0,0.0,1,-0.7338780825023853,0,1,1,0,0,0,1
0,0.0,0.0,0.0,0.0,0,-0.33977530263912814,0,1,1,0,0,0,1
0,0.0,0.0,0.0,0.0,0,1.4336872067455293,0,1,1,0,0,1,0
0,0.0,0.0,0.0,0.0,0,-0.5368266925707568,0,1,1,0,0,0,1
0,0.0,0.0,0.0,0.0,0,-0.33977530263912814,1,0,1,0,0,0,1
0,0.0,0.0,0.0,0.0,0,-0.33977530263912814,0,1,0,1,0,1,0
0,0.0,0.0,0.0,0.0,1,-0.7338780825023853,0,1,1,0,0,0,1
0,0.0,0.0,0.0,0.0,0,0.05432747722412909,0,1,0,0,1,0,1
0,0.0,0.0,0.0,0.0,1,0.05432747722412909,1,0,1,0,0,1,0
0,0.0,0.0,0.0,0.0,0,-0.5368266925707568,0,1,1,0,0,1,0
0,0.0,0.0,0.0,0.0,0,0.6454816470190149,0,1,0,1,0,1,0
0,0.0,0.0,0.0,0.0,0,-0.33977530263912814,0,1,1,0,0,0,1
0,0.0,0.0,0.0,0.0,1,0.4484302570873863,0,1,1,0,0,1,0
0,0.0,0.0,0.0,0.0,1,0.05432747722412909,0,1,1,0,0,0,1
0,0.0,0.0,0.0,0.0,0,0.2513788671557577,0,1,1,0,0,1,0
0,0.0,0.0,0.0,0.0,0,-0.33977530263912814,1,0,1,0,0,0,1
0,0.0,0.0,0.0,0.0,1,-0.7338780825023853,0,1,0,1,0,1,0
0,0.0,0.0,0.0,0.0,0,-0.33977530263912814,0,1,1,0,0,1,0
0,0.0,0.0,0.0,0.0,1,-0.33977530263912814,1,0,1,0,0,1,0
0,0.0,0.0,0.0,0.0,1,-0.33977530263912814,1,0,0,1,0,1,0
0,0.0,0.0,0.0,0.0,0,-0.5368266925707568,0,1,0,0,1,1,0
0,0.0,0.0,0.0,0.0,0,3.2071497161301865,0,1,1,0,0,1,0
0,0.0,0.0,0.0,0.0,0,0.4484302570873863,0,1,1,0,0,1,0
0,0.0,0.0,0.0,0.0,0,-0.7338780825023853,1,0,1,0,0,0,1
0,0.0,0.0,0.0,0.0,1,-0.7338780825023853,0,1,1,0,0,0,1
0,0.0,0.0,0.0,0.0,1,-0.33977530263912814,1,0,1,0,0,1,0
0,0.0,0.0,0.0,0.0,0,-0.1427239127074995,0,1,0,0,1,1,0
0,0.0,0.0,0.0,0.0,0,1.4336872067455293,0,1,1,0,0,1,0
0,0.0,0.0,0.0,0.0,0,-0.33977530263912814,1,0,1,0,0,1,0
0,0.0,0.0,0.0,0.0,0,-0.5368266925707568,0,1,0,0,1,0,1
0,0.732,0.73181605,0.731816079376955,0.731816079376955,0,0.6454816470190149,0,1,1,0,0,1,0
0,0.0,0.0,0.0,0.0,1,-0.5368266925707568,0,1,0,1,0,1,0
0,0.0,0.0,0.0,0.0,1,-0.5368266925707568,0,1,1,0,0,1,0
0,0.0,0.0,0.0,0.0,0,-0.5368266925707568,0,1,1,0,0,1,0
0,0.0,0.0,0.0,0.0,1,-0.5368266925707568,0,1,1,0,0,0,1
0,0.0,0.0,0.0,0.0,0,0.8425330369506435,0,1,1,0,0,1,0
0,0.0,0.0,0.0,0.0,0,3.798303885925072,0,1,0,1,0,1,0
0,0.0,0.0,0.0,0.0,0,-0.5368266925707568,0,1,0,0,1,1,0
0,0.0,0.0,0.0,0.0,1,0.05432747722412909,0,1,1,0,0,0,1
0,0.0,0.0,0.0,0.0,1,-0.5368266925707568,1,0,0,0,1,0,1
0,0.0,0.0,0.0,0.0,1,-0.5368266925707568,0,1,0,1,0,0,1
0,0.0,0.0,0.0,0.0,1,-0.5368266925707568,0,1,0,0,1,0,1
0,0.0,0.0,0.0,0.0,0,-0.5368266925707568,0,1,1,0,0,1,0
0,0.0,0.0,0.0,0.0,0,0.05432747722412909,0,1,1,0,0,1,0
0,0.0,0.0,0.0,0.0,0,0.8425330369506435,0,1,1,0,0,1,0
0,0.0,0.0,0.0,0.0,0,-0.7338780825023853,0,1,0,1,0,0,1
0,0.718,0.71791,0.7179100158694782,0.7179100158694782,1,0.6454816470190149,0,1,1,0,0,1,0
0,0.0,0.0,0.0,0.0,0,1.6307385966771577,0,1,1,0,0,1,0
0,0.0,0.0,0.0,0.0,1,0.2513788671557577,1,0,1,0,0,1,0
0,0.0,0.0,0.0,0.0,1,-0.5368266925707568,0,1,0,1,0,1,0
0,0.0,0.0,0.0,0.0,0,3.4042011060618154,0,1,1,0,0,1,0
0,0.0,0.0,0.0,0.0,0,2.418944156403672,0,1,0,1,0,1,0
0,0.0,0.0,0.0,0.0,1,-0.5368266925707568,0,1,1,0,0,0,1
0,0.0,0.0,0.0,0.0,1,0.8425330369506435,1,0,0,1,0,0,1
0,0.0,0.0,0.0,0.0,1,-0.1427239127074995,0,1,1,0,0,0,1
0,0.0,0.0,0.0,0.0,0,-0.7338780825023853,1,0,1,0,0,0,1
0,0.0,0.0,0.0,0.0,0,0.2513788671557577,0,1,1,0,0,1,0
0,0.0,0.0,0.0,0.0,0,-0.5368266925707568,0,1,0,0,1,0,1
0,0.0,0.0,0.0,0.0,0,-0.1427239127074995,0,1,0,1,0,1,0
0,0.0,0.0,0.0,0.0,1,-0.7338780825023853,0,1,1,0,0,0,1
0,0.0,0.0,0.0,0.0,0,-0.7338780825023853,0,1,0,0,1,0,1
0,0.0,0.0,0.0,0.0,0,3.798303885925072,0,1,1,0,0,1,0
0,0.0,0.0,0.0,0.0,0,-0.5368266925707568,0,1,0,0,1,1,0
0,0.0,0.0,0.0,0.0,1,1.2366358168139007,1,0,1,0,0,1,0
0,0.0,0.0,0.0,0.0,1,0.05432747722412909,0,1,0,0,1,0,1
0,0.0,0.0,0.0,0.0,0,-0.7338780825023853,0,1,1,0,0,1,0
0,0.0,0.0,0.0,0.0,0,-0.7338780825023853,0,1,1,0,0,0,1
0,0.0,0.0,0.0,0.0,0,-0.7338780825023853,0,1,1,0,0,0,1
0,0.0,0.0,0.0,0.0,0,-0.1427239127074995,0,1,1,0,0,1,0
0,0.0,0.0,0.0,0.0,1,-0.1427239127074995,0,1,1,0,0,1,0
0,0.0,0.0,0.0,0.0,1,-0.7338780825023853,0,1,1,0,0,1,0
0,0.0,0.0,0.0,0.0,0,-0.33977530263912814,0,1,1,0,0,1,0
0,0.0,0.0,0.0,0.0,1,3.4042011060618154,0,1,1,0,0,1,0
0,0.0,0.0,0.0,0.0,1,-0.7338780825023853,0,1,1,0,0,1,0
0,0.0,0.0,0.0,0.0,1,-0.5368266925707568,0,1,1,0,0,0,1
0,0.0,0.0,0.0,0.0,0,-0.7338780825023853,0,1,0,0,1,0,1
0,0.0,0.0,0.0,0.0,0,-0.33977530263912814,0,1,1,0,0,1,0
0,0.0,0.0,0.0,0.0,1,-0.1427239127074995,0,1,1,0,0,1,0
0,0.0,0.0,0.0,0.0,0,-0.7338780825023853,0,1,0,0,1,0,1
0,0.0,0.0,0.0,0.0,0,-0.7338780825023853,0,1,1,0,0,1,0
0,0.0,0.0,0.0,0.0,0,0.4484302570873863,0,1,1,0,0,1,0
0,0.0,0.0,0.0,0.0,0,-0.7338780825023853,0,1,0,0,1,1,0
0,0.0,0.0,0.0,0.0,1,-0.33977530263912814,1,0,0,1,0,0,1
0,0.0,0.0,0.0,0.0,1,-0.7338780825023853,0,1,1,0,0,1,0
0,0.0,0.0,0.0,0.0,0,-0.5368266925707568,0,1,0,0,1,1,0
0,0.0,0.0,0.0,0.0,1,-0.33977530263912814,0,1,0,0,1,1,0
0,0.0,0.0,0.0,0.0,0,-0.7338780825023853,0,1,0,0,1,1,0
0,0.0,0.0,0.0,0.0,1,-0.5368266925707568,0,1,0,0,1,1,0
0,0.0,0.0,0.0,0.0,1,-0.7338780825023853,0,1,1,0,0,1,0
0,0.0,0.0,0.0,0.0,1,-0.7338780825023853,1,0,0,0,1,0,1
0,0.0,0.0,0.0,0.0,0,0.8425330369506435,0,1,1,0,0,1,0
0,0.0,0.0,0.0,0.0,0,1.4336872067455293,0,1,0,1,0,1,0
0,0.0,0.0,0.0,0.0,0,3.010098326198558,0,1,0,1,0,1,0
0,0.0,0.0,0.0,0.0,1,-0.7338780825023853,0,1,0,1,0,1,0
0,0.0,0.0,0.0,0.0,0,0.8425330369506435,0,1,0,1,0,1,0
0,0.0,0.0,0.0,0.0,1,2.615995546335301,0,1,1,0,0,1,0
0,0.0,0.0,0.0,0.0,0,-0.1427239127074995,0,1,0,1,0,0,1
0,0.734,0.733767,0.7337669895308355,0.7337669895308355,0,0.6454816470190149,0,1,1,0,0,1,0
0,0.0,0.0,0.0,0.0,0,-0.1427239127074995,0,1,0,1,0,1,0
0,0.0,0.0,0.0,0.0,0,0.05432747722412909,0,1,1,0,0,1,0
0,0.0,0.0,0.0,0.0,1,-0.7338780825023853,0,1,1,0,0,1,0
0,0.0,0.0,0.0,0.0,0,-0.5368266925707568,0,1,0,0,1,0,1
0,0.0,0.0,0.0,0.0,0,1.039584426882272,0,1,1,0,0,1,0
0,0.0,0.0,0.0,0.0,0,-0.5368266925707568,1,0,1,0,0,0,1
0,0.0,0.0,0.0,0.0,1,-0.7338780825023853,1,0,0,1,0,1,0
0,0.0,0.0,0.0,0.0,0,-0.7338780825023853,1,0,0,0,1,1,0
0,0.0,0.0,0.0,0.0,0,-0.7338780825023853,0,1,0,0,1,1,0
0,0.0,0.0,0.0,0.0,0,-0.33977530263912814,1,0,0,1,0,1,0
0,0.0,0.0,0.0,0.0,1,-0.7338780825023853,1,0,1,0,0,0,1
0,0.0,0.0,0.0,0.0,1,-0.5368266925707568,0,1,1,0,0,0,1
0,0.0,0.0,0.0,0.0,1,-0.33977530263912814,0,1,1,0,0,0,1
0,0.0,0.0,0.0,0.0,1,-0.7338780825023853,0,1,1,0,0,1,0
0,0.0,0.0,0.0,0.0,0,-0.5368266925707568,0,1,1,0,0,1,0
0,0.0,0.0,0.0,0.0,0,-0.5368266925707568,1,0,1,0,0,0,1
0,0.0,0.0,0.0,0.0,1,0.05432747722412909,0,1,1,0,0,1,0
0,0.0,0.0,0.0,0.0,1,0.2513788671557577,0,1,1,0,0,1,0
0,0.0,0.0,0.0,0.0,1,-0.7338780825023853,0,1,1,0,0,1,0
0,0.0,0.0,0.0,0.0,1,-0.5368266925707568,0,1,1,0,0,1,0
0,0.0,0.0,0.0,0.0,1,-0.5368266925707568,0,1,1,0,0,1,0
0,0.0,0.0,0.0,0.0,1,-0.5368266925707568,0,1,1,0,0,0,1
0,0.0,0.0,0.0,0.0,1,-0.7338780825023853,0,1,1,0,0,1,0
0,0.0,0.0,0.0,0.0,0,0.2513788671557577,0,1,0,1,0,1,0
0,0.0,0.0,0.0,0.0,0,-0.1427239127074995,1,0,1,0,0,1,0
0,0.0,0.0,0.0,0.0,0,-0.33977530263912814,0,1,1,0,0,1,0
0,0.0,0.0,0.0,0.0,1,3.4042011060618154,0,1,0,1,0,1,0
0,0.0,0.0,0.0,0.0,0,-0.33977530263912814,0,1,0,0,1,0,1
0,0.0,0.0,0.0,0.0,0,0.2513788671557577,0,1,0,1,0,1,0
0,0.7075,0.7077052,0.7077052118041789,0.7077052118041789,0,0.6454816470190149,0,1,1,0,0,1,0
0,0.0,0.0,0.0,0.0,0,2.2218927664720436,0,1,1,0,0,0,1
0,0.0,0.0,0.0,0.0,1,-0.7338780825023853,0,1,0,0,1,1,0
0,0.0,0.0,0.0,0.0,0,1.6307385966771577,0,1,0,1,0,1,0
0,0.0,0.0,0.0,0.0,0,-0.5368266925707568,0,1,1,0,0,1,0
0,0.0,0.0,0.0,0.0,0,0.05432747722412909,0,1,1,0,0,1,0
0,0.0,0.0,0.0,0.0,1,0.2513788671557577,0,1,1,0,0,0,1
0,0.0,0.0,0.0,0.0,1,-0.7338780825023853,0,1,1,0,0,0,1
0,0.0,0.0,0.0,0.0,0,-0.7338780825023853,0,1,0,0,1,1,0
0,0.0,0.0,0.0,0.0,0,0.2513788671557577,0,1,1,0,0,1,0
0,0.0,0.0,0.0,0.0,0,0.2513788671557577,0,1,1,0,0,0,1
0,0.0,0.0,0.0,0.0,0,0.05432747722412909,0,1,1,0,0,1,0
0,0.0,0.0,0.0,0.0,1,-0.1427239127074995,0,1,1,0,0,1,0
0,0.0,0.0,0.0,0.0,0,1.039584426882272,0,1,1,0,0,1,0
0,0.0,0.0,0.0,0.0,0,-0.7338780825023853,0,1,1,0,0,1,0
0,0.0,0.0,0.0,0.0,0,-0.5368266925707568,0,1,1,0,0,1,0
0,0.0,0.0,0.0,0.0,1,-0.7338780825023853,0,1,0,1,0,1,0
0,0.0,0.0,0.0,0.0,1,-0.7338780825023853,0,1,0,1,0,0,1
0,0.0,0.0,0.0,0.0,0,-0.5368266925707568,0,1,0,0,1,0,1
0,0.0,0.0,0.0,0.0,0,-0.5368266925707568,0,1,1,0,0,1,0
0,0.0,0.0,0.0,0.0,1,-0.33977530263912814,0,1,0,1,0,1,0
0,0.0,0.0,0.0,0.0,0,-0.7338780825023853,0,1,0,0,1,0,1
0,0.0,0.0,0.0,0.0,0,-0.7338780825023853,0,1,0,0,1,1,0
0,0.0,0.0,0.0,0.0,1,-0.7338780825023853,1,0,1,0,0,1,0
0,0.0,0.0,0.0,0.0,1,-0.7338780825023853,1,0,1,0,0,1,0
0,0.0,0.0,0.0,0.0,0,-0.7338780825023853,0,1,1,0,0,0,1
0,0.0,0.0,0.0,0.0,1,0.2513788671557577,0,1,1,0,0,1,0
0,0.0,0.0,0.0,0.0,0,-0.33977530263912814,1,0,0,0,1,1,0
0,0.0,0.0,0.0,0.0,0,1.8277899866087863,0,1,0,1,0,1,0
0,0.0,0.0,0.0,0.0,0,-0.5368266925707568,0,1,1,0,0,0,1
0,0.0,0.0,0.0,0.0,0,-0.7338780825023853,1,0,0,0,1,1,0
0,0.0,0.0,0.0,0.0,0,-0.5368266925707568,0,1,1,0,0,1,0
0,0.0,0.0,0.0,0.0,1,-0.7338780825023853,0,1,0,0,1,0,1
0,0.0,0.0,0.0,0.0,1,-0.33977530263912814,0,1,1,0,0,1,0
0,0.0,0.0,0.0,0.0,1,-0.7338780825023853,0,1,0,1,0,1,0
0,0.0,0.0,0.0,0.0,1,1.039584426882272,1,0,0,0,1,0,1
0,0.0,0.0,0.0,0.0,0,-0.7338780825023853,0,1,0,0,1,0,1
0,0.0,0.0,0.0,0.0,0,-0.7338780825023853,0,1,0,0,1,1,0
0,0.0,0.0,0.0,0.0,0,-0.33977530263912814,0,1,0,0,1,1,0
0,0.0,0.0,0.0,0.0,0,-0.7338780825023853,0,1,0,0,1,1,0
0,0.0,0.0,0.0,0.0,1,-0.7338780825023853,0,1,1,0,0,1,0
0,0.0,0.0,0.0,0.0,0,-0.33977530263912814,0,1,1,0,0,1,0
0,0.0,0.0,0.0,0.0,0,0.8425330369506435,1,0,0,1,0,1,0
0,0.0,0.0,0.0,0.0,0,-0.33977530263912814,1,0,1,0,0,1,0
0,0.0,0.0,0.0,0.0,0,-0.5368266925707568,0,1,1,0,0,1,0
0,0.0,0.0,0.0,0.0,1,-0.1427239127074995,0,1,0,0,1,1,0
0,0.0,0.0,0.0,0.0,0,-0.5368266925707568,0,1,1,0,0,1,0
0,0.0,0.0,0.0,0.0,0,0.8425330369506435,0,1,1,0,0,1,0
0,0.0,0.0,0.0,0.0,0,0.05432747722412909,0,1,1,0,0,1,0
0,0.0,0.0,0.0,0.0,0,-0.5368266925707568,0,1,0,1,0,0,1
0,0.0,0.0,0.0,0.0,0,-0.7338780825023853,0,1,0,1,0,0,1
0,0.0,0.0,0.0,0.0,1,-0.33977530263912814,0,1,1,0,0,1,0
0,0.0,0.0,0.0,0.0,1,-0.33977530263912814,0,1,1,0,0,0,1
0,0.0,0.0,0.0,0.0,0,-0.7338780825023853,0,1,0,0,1,1,0
0,0.0,0.0,0.0,0.0,0,0.6454816470190149,0,1,1,0,0,0,1
0,0.0,0.0,0.0,0.0,0,0.2513788671557577,0,1,1,0,0,0,1
0,0.0,0.0,0.0,0.0,0,-0.5368266925707568,0,1,1,0,0,1,0
0,0.0,0.0,0.0,0.0,1,-0.5368266925707568,0,1,1,0,0,1,0
0,0.0,0.0,0.0,0.0,1,0.2513788671557577,0,1,1,0,0,0,1
0,0.0,0.0,0.0,0.0,0,2.615995546335301,0,1,1,0,0,1,0
0,0.0,0.0,0.0,0.0,0,-0.33977530263912814,0,1,1,0,0,1,0
0,0.0,0.0,0.0,0.0,0,1.2366358168139007,0,1,1,0,0,1,0
0,0.0,0.0,0.0,0.0,0,-0.1427239127074995,0,1,1,0,0,0,1
0,0.0,0.0,0.0,0.0,1,-0.5368266925707568,0,1,1,0,0,0,1
0,0.0,0.0,0.0,0.0,0,-0.33977530263912814,0,1,1,0,0,1,0
0,0.0,0.0,0.0,0.0,1,-0.33977530263912814,0,1,0,1,0,1,0
0,0.0,0.0,0.0,0.0,0,0.6454816470190149,0,1,1,0,0,0,1
0,0.0,0.0,0.0,0.0,1,-0.33977530263912814,0,1,1,0,0,1,0
0,0.0,0.0,0.0,0.0,1,-0.33977530263912814,0,1,0,1,0,1,0
0,0.0,0.0,0.0,0.0,0,-0.5368266925707568,0,1,0,0,1,0,1
0,0.0,0.0,0.0,0.0,0,-0.7338780825023853,1,0,0,0,1,0,1
0,0.0,0.0,0.0,0.0,1,3.2071497161301865,0,1,0,1,0,1,0
0,0.0,0.0,0.0,0.0,0,-0.5368266925707568,0,1,0,0,1,1,0
0,0.0,0.0,0.0,0.0,1,-0.7338780825023853,0,1,1,0,0,1,0
0,0.0,0.0,0.0,0.0,0,-0.33977530263912814,1,0,0,0,1,1,0
0,0.0,0.0,0.0,0.0,1,0.05432747722412909,1,0,1,0,0,1,0
0,0.0,0.0,0.0,0.0,0,-0.33977530263912814,0,1,0,0,1,1,0
0,0.0,0.0,0.0,0.0,1,-0.33977530263912814,0,1,1,0,0,1,0
0,0.0,0.0,0.0,0.0,1,-0.1427239127074995,0,1,0,1,0,0,1
0,0.0,0.0,0.0,0.0,0,-0.33977530263912814,0,1,1,0,0,1,0
0,0.0,0.0,0.0,0.0,0,-0.33977530263912814,0,1,1,0,0,1,0
0,0.0,0.0,0.0,0.0,1,-0.5368266925707568,1,0,0,1,0,1,0
0,0.0,0.0,0.0,0.0,1,-0.7338780825023853,1,0,1,0,0,1,0
0,0.0,0.0,0.0,0.0,0,-0.1427239127074995,0,1,0,0,1,1,0
0,0.0,0.0,0.0,0.0,0,1.8277899866087863,0,1,1,0,0,0,1
0,0.0,0.0,0.0,0.0,0,0.05432747722412909,0,1,1,0,0,1,0
0,0.0,0.0,0.0,0.0,0,-0.5368266925707568,0,1,0,0,1,1,0
0,0.0,0.0,0.0,0.0,1,-0.1427239127074995,0,1,0,0,1,1,0
0,0.0,0.0,0.0,0.0,1,0.8425330369506435,0,1,0,1,0,0,1
0,0.0,0.0,0.0,0.0,1,1.4336872067455293,0,1,0,0,1,1,0
0,0.0,0.0,0.0,0.0,1,0.2513788671557577,0,1,1,0,0,1,0
0,0.0,0.0,0.0,0.0,0,-0.7338780825023853,0,1,0,0,1,0,1
0,0.0,0.0,0.0,0.0,1,-0.33977530263912814,0,1,0,1,0,0,1
0,0.0,0.0,0.0,0.0,1,-0.33977530263912814,0,1,1,0,0,1,0
0,0.7563,0.7564987,0.7564987103663676,0.7564987103663676,0,0.6454816470190149,0,1,1,0,0,1,0
0,0.0,0.0,0.0,0.0,0,-0.7338780825023853,0,1,1,0,0,1,0
0,0.0,0.0,0.0,0.0,1,-0.5368266925707568,0,1,0,1,0,1,0
0,0.0,0.0,0.0,0.0,0,0.2513788671557577,0,1,1,0,0,0,1
0,0.0,0.0,0.0,0.0,1,-0.5368266925707568,0,1,1,0,0,0,1
0,0.0,0.0,0.0,0.0,1,-0.5368266925707568,0,1,0,1,0,0,1
0,0.0,0.0,0.0,0.0,0,-0.5368266925707568,0,1,0,0,1,1,0
0,0.0,0.0,0.0,0.0,1,-0.5368266925707568,0,1,1,0,0,1,0
0,0.0,0.0,0.0,0.0,0,-0.5368266925707568,0,1,0,0,1,1,0
0,0.0,0.0,0.0,0.0,1,-0.7338780825023853,1,0,0,1,0,1,0
0,0.0,0.0,0.0,0.0,1,-0.33977530263912814,0,1,0,0,1,1,0
0,0.0,0.0,0.0,0.0,0,2.615995546335301,0,1,1,0,0,0,1
0,0.0,0.0,0.0,0.0,0,2.0248413765404147,0,1,1,0,0,1,0
0,0.0,0.0,0.0,0.0,0,0.2513788671557577,0,1,0,0,1,1,0
0,0.0,0.0,0.0,0.0,0,0.4484302570873863,0,1,1,0,0,1,0
0,0.0,0.0,0.0,0.0,1,-0.7338780825023853,1,0,1,0,0,0,1
0,0.0,0.0,0.0,0.0,1,-0.7338780825023853,1,0,1,0,0,1,0
0,0.0,0.0,0.0,0.0,0,-0.7338780825023853,0,1,1,0,0,1,0
0,0.0,0.0,0.0,0.0,0,-0.1427239127074995,0,1,0,0,1,0,1
0,0.0,0.0,0.0,0.0,0,1.8277899866087863,0,1,1,0,0,1,0
0,0.0,0.0,0.0,0.0,1,-0.5368266925707568,1,0,1,0,0,0,1
0,0.0,0.0,0.0,0.0,0,3.798303885925072,0,1,1,0,0,1,0
0,0.0,0.0,0.0,0.0,0,-0.7338780825023853,0,1,0,1,0,1,0
0,0.0,0.0,0.0,0.0,1,-0.5368266925707568,1,0,1,0,0,1,0
0,0.743,0.74338984,0.7433898602242521,0.7433898602242521,1,0.4484302570873863,0,1,1,0,0,0,1
0,0.0,0.0,0.0,0.0,0,-0.33977530263912814,0,1,1,0,0,1,0
0,0.0,0.0,0.0,0.0,0,-0.7338780825023853,1,0,1,0,0,1,0
0,0.0,0.0,0.0,0.0,1,0.2513788671557577,0,1,0,1,0,1,0
0,0.0,0.0,0.0,0.0,0,-0.33977530263912814,0,1,0,0,1,0,1
0,0.0,0.0,0.0,0.0,0,-0.1427239127074995,1,0,0,0,1,0,1
0,0.0,0.0,0.0,0.0,1,-0.5368266925707568,0,1,0,0,1,0,1
0,0.0,0.0,0.0,0.0,0,-0.7338780825023853,1,0,0,0,1,0,1
0,0.0,0.0,0.0,0.0,0,0.05432747722412909,0,1,0,1,0,0,1
0,0.0,0.0,0.0,0.0,1,-0.33977530263912814,1,0,1,0,0,1,0
0,0.0,0.0,0.0,0.0,0,-0.7338780825023853,0,1,1,0,0,1,0
0,0.0,0.0,0.0,0.0,1,-0.1427239127074995,0,1,1,0,0,0,1
0,0.0,0.0,0.0,0.0,1,-0.7338780825023853,0,1,1,0,0,1,0
0,0.0,0.0,0.0,0.0,0,-0.7338780825023853,0,1,0,1,0,1,0
0,0.0,0.0,0.0,0.0,0,0.6454816470190149,1,0,1,0,0,1,0
0,0.0,0.0,0.0,0.0,0,-0.7338780825023853,1,0,1,0,0,1,0
0,0.0,0.0,0.0,0.0,0,-0.7338780825023853,0,1,1,0,0,1,0
0,0.0,0.0,0.0,0.0,0,-0.7338780825023853,0,1,0,0,1,1,0
0,0.0,0.0,0.0,0.0,1,0.4484302570873863,0,1,0,1,0,1,0
0,0.0,0.0,0.0,0.0,0,-0.7338780825023853,0,1,1,0,0,1,0
0,0.0,0.0,0.0,0.0,1,-0.5368266925707568,1,0,0,0,1,1,0
0,0.0,0.0,0.0,0.0,1,0.05432747722412909,0,1,1,0,0,0,1
0,0.0,0.0,0.0,0.0,1,-0.5368266925707568,0,1,0,0,1,0,1
0,0.0,0.0,0.0,0.0,0,1.6307385966771577,0,1,1,0,0,0,1
0,0.0,0.0,0.0,0.0,0,-0.33977530263912814,0,1,1,0,0,1,0
0,0.0,0.0,0.0,0.0,1,0.4484302570873863,0,1,1,0,0,1,0
0,0.0,0.0,0.0,0.0,1,-0.5368266925707568,1,0,1,0,0,1,0
0,0.0,0.0,0.0,0.0,0,-0.7338780825023853,0,1,1,0,0,1,0
0,0.0,0.0,0.0,0.0,1,-0.7338780825023853,0,1,1,0,0,1,0
0,0.0,0.0,0.0,0.0,1,-0.7338780825023853,1,0,0,1,0,0,1
0,0.0,0.0,0.0,0.0,0,1.4336872067455293,1,0,0,1,0,1,0
0,0.0,0.0,0.0,0.0,0,-0.7338780825023853,0,1,1,0,0,1,0
0,0.0,0.0,0.0,0.0,0,-0.33977530263912814,0,1,0,0,1,1,0
0,0.0,0.0,0.0,0.0,0,1.2366358168139007,0,1,1,0,0,1,0
0,0.0,0.0,0.0,0.0,0,-0.5368266925707568,0,1,0,0,1,1,0
0,0.0,0.0,0.0,0.0,1,-0.5368266925707568,1,0,0,0,1,1,0
0,0.0,0.0,0.0,0.0,0,-0.7338780825023853,0,1,0,0,1,1,0
0,0.0,0.0,0.0,0.0,1,-0.5368266925707568,0,1,0,1,0,1,0
0,0.0,0.0,0.0,0.0,1,-0.7338780825023853,0,1,1,0,0,1,0
0,0.0,0.0,0.0,0.0,0,-0.5368266925707568,0,1,1,0,0,1,0
0,0.0,0.0,0.0,0.0,0,-0.5368266925707568,1,0,1,0,0,1,0
0,0.0,0.0,0.0,0.0,0,-0.1427239127074995,0,1,1,0,0,0,1
0,0.0,0.0,0.0,0.0,1,-0.33977530263912814,1,0,1,0,0,1,0
0,0.0,0.0,0.0,0.0,0,0.05432747722412909,0,1,1,0,0,0,1
0,0.0,0.0,0.0,0.0,1,-0.33977530263912814,0,1,1,0,0,1,0
0,0.0,0.0,0.0,0.0,0,-0.5368266925707568,1,0,0,0,1,1,0
0,0.0,0.0,0.0,0.0,1,0.6454816470190149,0,1,1,0,0,0,1
0,0.0,0.0,0.0,0.0,1,0.05432747722412909,0,1,1,0,0,1,0
0,0.0,0.0,0.0,0.0,1,1.4336872067455293,0,1,1,0,0,1,0
0,0.0,0.0,0.0,0.0,0,-0.7338780825023853,0,1,0,1,0,0,1
0,0.0,0.0,0.0,0.0,0,-0.33977530263912814,0,1,1,0,0,0,1
0,0.0,0.0,0.0,0.0,0,0.2513788671557577,0,1,1,0,0,1,0
0,0.0,0.0,0.0,0.0,0,3.2071497161301865,0,1,0,1,0,0,1
0,0.0,0.0,0.0,0.0,0,1.039584426882272,0,1,1,0,0,1,0
0,0.0,0.0,0.0,0.0,0,0.4484302570873863,0,1,1,0,0,1,0
0,0.0,0.0,0.0,0.0,0,-0.5368266925707568,0,1,1,0,0,0,1
0,0.0,0.0,0.0,0.0,0,2.0248413765404147,0,1,1,0,0,1,0
0,0.0,0.0,0.0,0.0,0,-0.7338780825023853,0,1,1,0,0,1,0
0,0.0,0.0,0.0,0.0,1,-0.7338780825023853,0,1,1,0,0,0,1
0,0.0,0.0,0.0,0.0,0,-0.7338780825023853,1,0,1,0,0,1,0
0,0.0,0.0,0.0,0.0,0,-0.7338780825023853,0,1,1,0,0,1,0
0,0.0,0.0,0.0,0.0,0,-0.5368266925707568,0,1,0,1,0,0,1
0,0.0,0.0,0.0,0.0,0,-0.33977530263912814,1,0,1,0,0,1,0
0,0.0,0.0,0.0,0.0,1,0.2513788671557577,0,1,0,0,1,1,0
0,0.0,0.0,0.0,0.0,1,-0.33977530263912814,0,1,1,0,0,0,1
0,0.0,0.0,0.0,0.0,1,-0.33977530263912814,0,1,1,0,0,1,0
0,0.0,0.0,0.0,0.0,1,-0.33977530263912814,0,1,1,0,0,1,0
0,0.0,0.0,0.0,0.0,0,-0.1427239127074995,1,0,1,0,0,1,0
0,0.0,0.0,0.0,0.0,0,-0.7338780825023853,0,1,1,0,0,1,0
0,0.0,0.0,0.0,0.0,1,-0.7338780825023853,0,1,1,0,0,1,0
0,0.732,0.73181605,0.731816079376955,0.731816079376955,0,0.4484302570873863,0,1,1,0,0,0,1
0,0.0,0.0,0.0,0.0,0,-0.7338780825023853,0,1,0,0,1,0,1
0,0.0,0.0,0.0,0.0,0,-0.33977530263912814,0,1,0,0,1,0,1
0,0.0,0.0,0.0,0.0,0,-0.5368266925707568,0,1,0,0,1,1,0
0,0.0,0.0,0.0,0.0,0,-0.33977530263912814,1,0,0,0,1,1,0
0,0.0,0.0,0.0,0.0,1,-0.33977530263912814,0,1,0,1,0,1,0
0,0.0,0.0,0.0,0.0,1,-0.5368266925707568,0,1,0,1,0,0,1
0,0.0,0.0,0.0,0.0,1,-0.5368266925707568,0,1,0,1,0,1,0
0,0.0,0.0,0.0,0.0,0,-0.7338780825023853,1,0,0,0,1,0,1
0,0.0,0.0,0.0,0.0,0,0.2513788671557577,0,1,1,0,0,1,0
0,0.0,0.0,0.0,0.0,0,-0.1427239127074995,0,1,1,0,0,1,0
0,0.0,0.0,0.0,0.0,0,-0.7338780825023853,0,1,0,1,0,0,1
0,0.734,0.733767,0.7337669895308355,0.7337669895308355,1,0.6454816470190149,0,1,1,0,0,1,0
0,0.0,0.0,0.0,0.0,0,-0.7338780825023853,0,1,0,0,1,1,0
0,0.0,0.0,0.0,0.0,0,2.2218927664720436,0,1,1,0,0,0,1
0,0.0,0.0,0.0,0.0,0,-0.7338780825023853,0,1,1,0,0,1,0
0,0.0,0.0,0.0,0.0,1,-0.7338780825023853,0,1,1,0,0,1,0
0,0.0,0.0,0.0,0.0,0,-0.7338780825023853,0,1,0,0,1,1,0
0,0.0,0.0,0.0,0.0,1,-0.7338780825023853,0,1,1,0,0,1,0
0,0.0,0.0,0.0,0.0,0,-0.1427239127074995,0,1,0,1,0,0,1
0,0.0,0.0,0.0,0.0,0,-0.7338780825023853,0,1,0,0,1,1,0
0,0.0,0.0,0.0,0.0,1,0.05432747722412909,0,1,1,0,0,1,0
0,0.0,0.0,0.0,0.0,0,0.6454816470190149,0,1,1,0,0,0,1
0,0.0,0.0,0.0,0.0,0,1.6307385966771577,0,1,1,0,0,1,0
0,0.0,0.0,0.0,0.0,0,-0.33977530263912814,1,0,1,0,0,1,0
0,0.0,0.0,0.0,0.0,0,0.6454816470190149,1,0,1,0,0,1,0
0,0.0,0.0,0.0,0.0,0,-0.33977530263912814,0,1,1,0,0,1,0
0,0.0,0.0,0.0,0.0,0,3.6012524959934438,0,1,1,0,0,1,0
0,0.0,0.0,0.0,0.0,1,-0.7338780825023853,0,1,0,1,0,0,1
0,0.0,0.0,0.0,0.0,1,0.05432747722412909,0,1,1,0,0,0,1
0,0.0,0.0,0.0,0.0,0,2.0248413765404147,1,0,1,0,0,1,0
0,0.0,0.0,0.0,0.0,1,0.05432747722412909,0,1,1,0,0,1,0
0,0.0,0.0,0.0,0.0,0,0.8425330369506435,0,1,1,0,0,1,0
0,0.0,0.0,0.0,0.0,0,-0.5368266925707568,0,1,0,0,1,1,0
0,0.0,0.0,0.0,0.0,0,0.8425330369506435,0,1,1,0,0,1,0
0,0.773,0.77274483,0.7727448592131423,0.7727448592131423,0,0.6454816470190149,0,1,1,0,0,1,0
0,0.0,0.0,0.0,0.0,0,-0.7338780825023853,0,1,1,0,0,1,0
0,0.0,0.0,0.0,0.0,1,-0.5368266925707568,0,1,0,1,0,0,1
0,0.0,0.0,0.0,0.0,1,-0.7338780825023853,1,0,1,0,0,0,1
0,0.0,0.0,0.0,0.0,0,-0.5368266925707568,0,1,1,0,0,1,0
0,0.0,0.0,0.0,0.0,1,-0.7338780825023853,0,1,0,1,0,0,1
0,0.0,0.0,0.0,0.0,1,-0.7338780825023853,0,1,0,1,0,0,1
0,0.0,0.0,0.0,0.0,0,1.6307385966771577,0,1,0,1,0,1,0
0,0.0,0.0,0.0,0.0,1,-0.7338780825023853,0,1,0,1,0,1,0
0,0.755,0.7546516,0.7546516338427502,0.7546516338427502,0,2.2218927664720436,0,1,0,1,0,1,0
0,0.0,0.0,0.0,0.0,0,-0.5368266925707568,0,1,1,0,0,1,0
0,0.0,0.0,0.0,0.0,0,0.05432747722412909,1,0,1,0,0,1,0
0,0.0,0.0,0.0,0.0,1,-0.33977530263912814,0,1,0,1,0,1,0
0,0.0,0.0,0.0,0.0,0,-0.7338780825023853,1,0,1,0,0,0,1
0,0.0,0.0,0.0,0.0,0,4.192406665788329,0,1,1,0,0,0,1
0,0.0,0.0,0.0,0.0,0,-0.5368266925707568,1,0,1,0,0,0,1
0,0.0,0.0,0.0,0.0,1,-0.7338780825023853,0,1,1,0,0,1,0
0,0.0,0.0,0.0,0.0,0,-0.7338780825023853,1,0,1,0,0,0,1
0,0.0,0.0,0.0,0.0,0,-0.7338780825023853,0,1,1,0,0,0,1
0,0.0,0.0,0.0,0.0,0,-0.7338780825023853,0,1,0,0,1,1,0
0,0.0,0.0,0.0,0.0,0,-0.5368266925707568,0,1,0,1,0,1,0
0,0.0,0.0,0.0,0.0,0,1.2366358168139007,0,1,0,1,0,1,0
0,0.0,0.0,0.0,0.0,0,0.8425330369506435,0,1,0,1,0,1,0
0,0.0,0.0,0.0,0.0,0,-0.5368266925707568,0,1,0,0,1,1,0
0,0.0,0.0,0.0,0.0,0,2.615995546335301,0,1,0,1,0,1,0
0,0.0,0.0,0.0,0.0,0,-0.7338780825023853,0,1,0,0,1,1,0
0,0.0,0.0,0.0,0.0,0,0.05432747722412909,0,1,1,0,0,1,0
0,0.0,0.0,0.0,0.0,0,-0.1427239127074995,0,1,1,0,0,1,0
0,0.0,0.0,0.0,0.0,1,-0.7338780825023853,0,1,0,0,1,1,0
0,0.0,0.0,0.0,0.0,0,-0.7338780825023853,1,0,0,0,1,1,0
0,0.0,0.0,0.0,0.0,0,-0.33977530263912814,1,0,0,1,0,1,0
0,0.0,0.0,0.0,0.0,0,-0.5368266925707568,0,1,0,1,0,0,1
0,0.0,0.0,0.0,0.0,0,-0.1427239127074995,0,1,1,0,0,1,0
0,0.0,0.0,0.0,0.0,1,-0.33977530263912814,0,1,0,0,1,1,0
0,0.0,0.0,0.0,0.0,1,-0.7338780825023853,1,0,0,1,0,0,1
0,0.0,0.0,0.0,0.0,0,0.05432747722412909,0,1,1,0,0,1,0
0,0.0,0.0,0.0,0.0,0,0.4484302570873863,0,1,1,0,0,1,0
0,0.0,0.0,0.0,0.0,0,1.4336872067455293,0,1,1,0,0,0,1
0,0.0,0.0,0.0,0.0,0,2.418944156403672,0,1,1,0,0,1,0
0,0.0,0.0,0.0,0.0,0,0.2513788671557577,0,1,1,0,0,0,1
0,0.0,0.0,0.0,0.0,1,-0.33977530263912814,1,0,0,1,0,1,0
0,0.0,0.0,0.0,0.0,1,-0.7338780825023853,0,1,1,0,0,1,0
0,0.0,0.0,0.0,0.0,0,-0.5368266925707568,0,1,0,0,1,1,0
0,0.0,0.0,0.0,0.0,0,-0.5368266925707568,0,1,1,0,0,0,1
0,0.0,0.0,0.0,0.0,0,-0.7338780825023853,0,1,0,0,1,1,0
0,0.0,0.0,0.0,0.0,1,-0.1427239127074995,0,1,0,1,0,0,1
0,0.0,0.0,0.0,0.0,1,-0.33977530263912814,0,1,0,1,0,1,0
0,0.0,0.0,0.0,0.0,1,-0.1427239127074995,0,1,1,0,0,1,0
0,0.0,0.0,0.0,0.0,1,-0.7338780825023853,0,1,1,0,0,0,1
0,0.0,0.0,0.0,0.0,1,-0.7338780825023853,0,1,0,1,0,1,0
0,0.0,0.0,0.0,0.0,0,0.8425330369506435,0,1,1,0,0,1,0
0,0.0,0.0,0.0,0.0,0,0.05432747722412909,1,0,0,0,1,1,0
0,0.0,0.0,0.0,0.0,0,1.039584426882272,0,1,1,0,0,1,0
0,0.0,0.0,0.0,0.0,1,-0.33977530263912814,0,1,0,1,0,1,0
0,0.0,0.0,0.0,0.0,0,-0.33977530263912814,0,1,1,0,0,1,0
0,0.0,0.0,0.0,0.0,0,-0.7338780825023853,0,1,1,0,0,1,0
0,0.0,0.0,0.0,0.0,0,3.6012524959934438,0,1,1,0,0,1,0
0,0.0,0.0,0.0,0.0,1,-0.5368266925707568,1,0,0,1,0,1,0
0,0.0,0.0,0.0,0.0,0,-0.7338780825023853,0,1,1,0,0,1,0
0,0.0,0.0,0.0,0.0,1,-0.33977530263912814,1,0,0,1,0,1,0
0,0.0,0.0,0.0,0.0,0,-0.33977530263912814,0,1,1,0,0,1,0
0,0.0,0.0,0.0,0.0,0,1.6307385966771577,0,1,0,1,0,0,1
0,0.0,0.0,0.0,0.0,1,-0.7338780825023853,0,1,0,0,1,1,0
0,0.0,0.0,0.0,0.0,1,-0.7338780825023853,1,0,0,1,0,1,0
0,0.0,0.0,0.0,0.0,1,-0.7338780825023853,1,0,1,0,0,1,0
0,0.0,0.0,0.0,0.0,0,-0.7338780825023853,1,0,1,0,0,1,0
0,0.0,0.0,0.0,0.0,0,-0.1427239127074995,1,0,1,0,0,0,1
0,0.0,0.0,0.0,0.0,0,0.05432747722412909,0,1,0,0,1,1,0
0,0.0,0.0,0.0,0.0,0,-0.33977530263912814,0,1,0,0,1,1,0
0,0.0,0.0,0.0,0.0,0,-0.5368266925707568,0,1,1,0,0,0,1
0,0.0,0.0,0.0,0.0,1,-0.33977530263912814,0,1,1,0,0,0,1
0,0.0,0.0,0.0,0.0,1,-0.33977530263912814,1,0,1,0,0,1,0
0,0.0,0.0,0.0,0.0,0,0.2513788671557577,0,1,1,0,0,1,0
0,0.0,0.0,0.0,0.0,1,-0.5368266925707568,1,0,1,0,0,0,1
0,0.0,0.0,0.0,0.0,1,-0.7338780825023853,0,1,0,1,0,1,0
0,0.0,0.0,0.0,0.0,0,-0.33977530263912814,0,1,0,1,0,0,1
0,0.0,0.0,0.0,0.0,0,-0.5368266925707568,0,1,1,0,0,1,0
0,0.6953,0.69515336,0.6951533369561016,0.6951533369561016,1,0.8425330369506435,0,1,1,0,0,0,1
0,0.0,0.0,0.0,0.0,0,1.2366358168139007,0,1,1,0,0,1,0
0,0.0,0.0,0.0,0.0,0,-0.5368266925707568,1,0,1,0,0,0,1
0,0.0,0.0,0.0,0.0,1,-0.7338780825023853,0,1,1,0,0,0,1
0,0.0,0.0,0.0,0.0,1,0.2513788671557577,0,1,1,0,0,1,0
0,0.0,0.0,0.0,0.0,0,-0.5368266925707568,1,0,0,0,1,1,0
0,0.0,0.0,0.0,0.0,1,-0.5368266925707568,0,1,1,0,0,1,0
0,0.0,0.0,0.0,0.0,0,-0.7338780825023853,0,1,1,0,0,1,0
0,0.0,0.0,0.0,0.0,1,-0.7338780825023853,0,1,0,0,1,0,1
0,0.0,0.0,0.0,0.0,1,-0.33977530263912814,1,0,1,0,0,1,0
0,0.0,0.0,0.0,0.0,0,-0.1427239127074995,0,1,0,0,1,1,0
0,0.0,0.0,0.0,0.0,1,-0.33977530263912814,0,1,1,0,0,1,0
0,0.0,0.0,0.0,0.0,0,0.8425330369506435,0,1,0,1,0,1,0
0,0.0,0.0,0.0,0.0,1,-0.7338780825023853,1,0,0,1,0,0,1
0,0.0,0.0,0.0,0.0,0,0.2513788671557577,0,1,1,0,0,0,1
0,0.0,0.0,0.0,0.0,1,0.05432747722412909,0,1,1,0,0,0,1
0,0.0,0.0,0.0,0.0,0,-0.1427239127074995,0,1,0,1,0,0,1
0,0.0,0.0,0.0,0.0,0,0.2513788671557577,0,1,0,1,0,1,0
0,0.0,0.0,0.0,0.0,0,-0.1427239127074995,1,0,1,0,0,0,1
0,0.0,0.0,0.0,0.0,0,-0.7338780825023853,0,1,0,0,1,1,0
0,0.0,0.0,0.0,0.0,1,0.2513788671557577,0,1,1,0,0,0,1
0,0.0,0.0,0.0,0.0,1,0.05432747722412909,1,0,1,0,0,0,1
0,0.0,0.0,0.0,0.0,1,-0.7338780825023853,1,0,0,0,1,0,1
0,0.0,0.0,0.0,0.0,1,0.4484302570873863,1,0,1,0,0,1,0
0,0.0,0.0,0.0,0.0,1,-0.5368266925707568,0,1,0,1,0,1,0
0,0.0,0.0,0.0,0.0,1,-0.5368266925707568,0,1,0,0,1,1,0
0,0.0,0.0,0.0,0.0,1,1.8277899866087863,0,1,1,0,0,1,0
0,0.0,0.0,0.0,0.0,1,-0.7338780825023853,0,1,0,1,0,0,1
0,0.0,0.0,0.0,0.0,0,-0.5368266925707568,0,1,0,0,1,1,0
0,0.0,0.0,0.0,0.0,1,-0.33977530263912814,0,1,1,0,0,1,0
0,0.0,0.0,0.0,0.0,0,-0.33977530263912814,0,1,0,0,1,1,0
0,0.0,0.0,0.0,0.0,0,0.2513788671557577,0,1,0,1,0,0,1
0,0.0,0.0,0.0,0.0,1,-0.33977530263912814,1,0,0,0,1,1,0
0,0.0,0.0,0.0,0.0,0,-0.33977530263912814,0,1,1,0,0,1,0
0,0.0,0.0,0.0,0.0,0,-0.7338780825023853,0,1,0,0,1,1,0
0,0.0,0.0,0.0,0.0,0,2.418944156403672,1,0,1,0,0,1,0
0,0.0,0.0,0.0,0.0,0,-0.7338780825023853,0,1,1,0,0,1,0
0,0.714,0.7138556,0.7138555955076475,0.7138555955076475,0,0.6454816470190149,0,1,1,0,0,1,0
0,0.0,0.0,0.0,0.0,0,-0.7338780825023853,0,1,0,0,1,1,0
0,0.0,0.0,0.0,0.0,0,3.2071497161301865,0,1,1,0,0,1,0
0,0.0,0.0,0.0,0.0,0,-0.33977530263912814,0,1,1,0,0,1,0
0,0.0,0.0,0.0,0.0,0,-0.7338780825023853,1,0,0,1,0,1,0
0,0.0,0.0,0.0,0.0,0,-0.5368266925707568,1,0,0,0,1,0,1
0,0.0,0.0,0.0,0.0,0,-0.33977530263912814,0,1,1,0,0,1,0
0,0.0,0.0,0.0,0.0,0,-0.5368266925707568,0,1,0,0,1,0,1
0,0.0,0.0,0.0,0.0,0,0.05432747722412909,0,1,1,0,0,1,0
0,0.73,0.7298563,0.7298563169471574,0.7298563169471574,0,0.4484302570873863,0,1,1,0,0,0,1
0,0.0,0.0,0.0,0.0,1,-0.5368266925707568,0,1,0,1,0,0,1
0,0.0,0.0,0.0,0.0,0,-0.5368266925707568,1,0,0,0,1,1,0
0,0.726,0.7259101,0.7259101060407925,0.7259101060407925,0,0.05432747722412909,1,0,0,1,0,1,0
0,0.0,0.0,0.0,0.0,0,4.980612225514844,0,1,1,0,0,1,0
0,0.0,0.0,0.0,0.0,0,-0.33977530263912814,0,1,1,0,0,1,0
0,0.0,0.0,0.0,0.0,0,-0.5368266925707568,0,1,0,0,1,1,0
0,0.0,0.0,0.0,0.0,0,-0.7338780825023853,1,0,1,0,0,0,1
0,0.0,0.0,0.0,0.0,1,-0.7338780825023853,1,0,1,0,0,0,1
0,0.0,0.0,0.0,0.0,1,0.6454816470190149,1,0,1,0,0,0,1
0,0.0,0.0,0.0,0.0,0,0.05432747722412909,0,1,1,0,0,0,1
0,0.0,0.0,0.0,0.0,0,2.615995546335301,0,1,0,0,1,1,0
0,0.0,0.0,0.0,0.0,0,1.2366358168139007,1,0,1,0,0,0,1
0,0.0,0.0,0.0,0.0,1,-0.33977530263912814,0,1,1,0,0,0,1
0,0.0,0.0,0.0,0.0,0,-0.1427239127074995,0,1,1,0,0,1,0
0,0.0,0.0,0.0,0.0,1,-0.5368266925707568,1,0,0,1,0,1,0
0,0.0,0.0,0.0,0.0,1,-0.5368266925707568,0,1,1,0,0,0,1
0,0.0,0.0,0.0,0.0,1,-0.7338780825023853,0,1,1,0,0,0,1
0,0.0,0.0,0.0,0.0,0,-0.7338780825023853,0,1,0,0,1,0,1
0,0.0,0.0,0.0,0.0,0,-0.7338780825023853,0,1,0,1,0,0,1
0,0.0,0.0,0.0,0.0,1,1.039584426882272,0,1,1,0,0,1,0
0,0.0,0.0,0.0,0.0,1,-0.7338780825023853,1,0,1,0,0,0,1
0,0.0,0.0,0.0,0.0,0,-0.5368266925707568,0,1,0,0,1,1,0
0,0.0,0.0,0.0,0.0,1,-0.7338780825023853,0,1,0,1,0,1,0
0,0.0,0.0,0.0,0.0,1,-0.7338780825023853,0,1,0,1,0,0,1
0,0.0,0.0,0.0,0.0,1,-0.33977530263912814,1,0,1,0,0,0,1
0,0.0,0.0,0.0,0.0,1,-0.7338780825023853,0,1,0,0,1,1,0
0,0.0,0.0,0.0,0.0,0,1.2366358168139007,0,1,1,0,0,0,1
0,0.0,0.0,0.0,0.0,0,-0.33977530263912814,0,1,0,0,1,1,0
0,0.0,0.0,0.0,0.0,0,0.2513788671557577,0,1,1,0,0,0,1
0,0.0,0.0,0.0,0.0,1,-0.7338780825023853,1,0,0,1,0,1,0
0,0.0,0.0,0.0,0.0,0,-0.5368266925707568,0,1,1,0,0,1,0
0,0.0,0.0,0.0,0.0,0,0.05432747722412909,0,1,0,1,0,0,1
0,0.0,0.0,0.0,0.0,0,-0.33977530263912814,0,1,1,0,0,1,0
0,0.0,0.0,0.0,0.0,0,-0.5368266925707568,1,0,0,1,0,1,0
0,0.0,0.0,0.0,0.0,1,-0.5368266925707568,1,0,0,0,1,0,1
0,0.0,0.0,0.0,0.0,1,-0.5368266925707568,0,1,1,0,0,1,0
0,0.0,0.0,0.0,0.0,0,1.039584426882272,0,1,0,1,0,1,0
0,0.0,0.0,0.0,0.0,0,1.039584426882272,0,1,1,0,0,1,0
0,0.0,0.0,0.0,0.0,0,0.4484302570873863,0,1,1,0,0,1,0
0,0.0,0.0,0.0,0.0,1,0.8425330369506435,0,1,0,1,0,1,0
0,0.0,0.0,0.0,0.0,0,-0.33977530263912814,0,1,1,0,0,1,0
0,0.0,0.0,0.0,0.0,1,-0.33977530263912814,0,1,1,0,0,1,0
0,0.0,0.0,0.0,0.0,0,-0.7338780825023853,0,1,0,0,1,1,0
0,0.0,0.0,0.0,0.0,0,-0.33977530263912814,0,1,1,0,0,0,1
0,0.0,0.0,0.0,0.0,1,-0.7338780825023853,1,0,1,0,0,0,1
0,0.0,0.0,0.0,0.0,0,1.2366358168139007,0,1,1,0,0,1,0
0,0.0,0.0,0.0,0.0,0,-0.33977530263912814,0,1,0,0,1,1,0
0,0.0,0.0,0.0,0.0,1,-0.5368266925707568,0,1,1,0,0,1,0
0,0.0,0.0,0.0,0.0,1,-0.7338780825023853,0,1,0,0,1,0,1
0,0.0,0.0,0.0,0.0,1,-0.33977530263912814,0,1,0,1,0,1,0
0,0.0,0.0,0.0,0.0,0,1.6307385966771577,0,1,0,0,1,1,0
0,0.773,0.77274483,0.7727448592131423,0.7727448592131423,0,0.4484302570873863,0,1,1,0,0,0,1
0,0.0,0.0,0.0,0.0,0,-0.1427239127074995,0,1,1,0,0,0,1
0,0.0,0.0,0.0,0.0,0,2.418944156403672,0,1,1,0,0,1,0
0,0.0,0.0,0.0,0.0,1,-0.5368266925707568,1,0,1,0,0,1,0
0,0.0,0.0,0.0,0.0,0,-0.5368266925707568,0,1,1,0,0,1,0
0,0.0,0.0,0.0,0.0,0,1.2366358168139007,0,1,1,0,0,1,0
0,0.0,0.0,0.0,0.0,1,-0.33977530263912814,0,1,1,0,0,1,0
0,0.0,0.0,0.0,0.0,1,-0.5368266925707568,0,1,0,1,0,1,0
0,0.0,0.0,0.0,0.0,1,-0.7338780825023853,0,1,1,0,0,1,0
0,0.0,0.0,0.0,0.0,1,-0.5368266925707568,1,0,0,1,0,0,1
0,0.0,0.0,0.0,0.0,0,0.2513788671557577,0,1,1,0,0,0,1
0,0.0,0.0,0.0,0.0,1,-0.1427239127074995,0,1,1,0,0,1,0
0,0.0,0.0,0.0,0.0,0,-0.7338780825023853,0,1,0,0,1,1,0
0,0.0,0.0,0.0,0.0,0,-0.5368266925707568,0,1,0,0,1,1,0
0,0.0,0.0,0.0,0.0,0,-0.7338780825023853,1,0,0,0,1,1,0
0,0.0,0.0,0.0,0.0,0,-0.5368266925707568,0,1,0,1,0,0,1
0,0.0,0.0,0.0,0.0,1,-0.33977530263912814,1,0,0,0,1,1,0
0,0.0,0.0,0.0,0.0,0,-0.7338780825023853,0,1,0,0,1,1,0
0,0.0,0.0,0.0,0.0,0,-0.5368266925707568,0,1,0,0,1,1,0
0,0.0,0.0,0.0,0.0,1,0.6454816470190149,1,0,0,0,1,0,1
0,0.0,0.0,0.0,0.0,1,0.4484302570873863,0,1,1,0,0,1,0
0,0.0,0.0,0.0,0.0,1,-0.7338780825023853,0,1,0,0,1,1,0
0,0.0,0.0,0.0,0.0,1,-0.5368266925707568,0,1,0,0,1,0,1
0,0.0,0.0,0.0,0.0,1,-0.5368266925707568,1,0,0,0,1,1,0
0,0.0,0.0,0.0,0.0,1,-0.5368266925707568,0,1,1,0,0,0,1
0,0.0,0.0,0.0,0.0,0,-0.33977530263912814,0,1,0,0,1,1,0
0,0.0,0.0,0.0,0.0,0,0.05432747722412909,0,1,1,0,0,1,0
0,0.0,0.0,0.0,0.0,0,-0.5368266925707568,0,1,0,0,1,1,0
0,0.0,0.0,0.0,0.0,1,-0.7338780825023853,0,1,0,1,0,0,1
0,0.0,0.0,0.0,0.0,0,-0.7338780825023853,0,1,0,0,1,1,0
0,0.0,0.0,0.0,0.0,0,-0.7338780825023853,0,1,1,0,0,1,0
0,0.0,0.0,0.0,0.0,0,3.010098326198558,0,1,0,1,0,1,0
0,0.0,0.0,0.0,0.0,0,-0.7338780825023853,0,1,1,0,0,0,1
0,0.0,0.0,0.0,0.0,1,-0.5368266925707568,0,1,0,1,0,0,1
0,0.0,0.0,0.0,0.0,0,-0.33977530263912814,0,1,0,0,1,1,0
0,0.0,0.0,0.0,0.0,0,3.995355275856701,0,1,0,1,0,0,1
0,0.0,0.0,0.0,0.0,0,-0.7338780825023853,1,0,1,0,0,1,0
0,0.0,0.0,0.0,0.0,0,-0.33977530263912814,0,1,0,0,1,1,0
0,0.0,0.0,0.0,0.0,1,-0.1427239127074995,1,0,1,0,0,1,0
0,0.0,0.0,0.0,0.0,0,-0.7338780825023853,0,1,1,0,0,1,0
0,0.0,0.0,0.0,0.0,0,1.4336872067455293,0,1,1,0,0,1,0
0,0.0,0.0,0.0,0.0,1,-0.5368266925707568,0,1,1,0,0,1,0
0,0.0,0.0,0.0,0.0,1,0.4484302570873863,0,1,1,0,0,1,0
0,0.0,0.0,0.0,0.0,1,-0.33977530263912814,0,1,0,0,1,1,0
0,0.0,0.0,0.0,0.0,0,-0.5368266925707568,0,1,1,0,0,0,1
0,0.0,0.0,0.0,0.0,0,1.2366358168139007,1,0,1,0,0,1,0
0,0.0,0.0,0.0,0.0,0,-0.7338780825023853,1,0,0,0,1,1,0
0,0.0,0.0,0.0,0.0,0,2.0248413765404147,0,1,1,0,0,1,0
0,0.0,0.0,0.0,0.0,0,0.8425330369506435,0,1,0,1,0,0,1
0,0.0,0.0,0.0,0.0,0,0.05432747722412909,1,0,1,0,0,1,0
0,0.0,0.0,0.0,0.0,0,-0.7338780825023853,0,1,1,0,0,0,1
0,0.0,0.0,0.0,0.0,0,-0.33977530263912814,0,1,1,0,0,1,0
0,0.0,0.0,0.0,0.0,1,-0.7338780825023853,0,1,1,0,0,1,0
0,0.0,0.0,0.0,0.0,1,-0.1427239127074995,0,1,1,0,0,0,1
0,0.0,0.0,0.0,0.0,1,-0.7338780825023853,0,1,1,0,0,1,0
0,0.0,0.0,0.0,0.0,0,1.039584426882272,0,1,1,0,0,0,1
0,0.0,0.0,0.0,0.0,0,3.6012524959934438,0,1,1,0,0,1,0
0,0.0,0.0,0.0,0.0,0,-0.1427239127074995,0,1,1,0,0,0,1
0,0.0,0.0,0.0,0.0,0,0.2513788671557577,0,1,1,0,0,1,0
0,0.0,0.0,0.0,0.0,1,2.418944156403672,0,1,1,0,0,1,0
0,0.0,0.0,0.0,0.0,1,-0.7338780825023853,0,1,1,0,0,1,0
0,0.0,0.0,0.0,0.0,0,-0.7338780825023853,1,0,0,0,1,1,0
0,0.714,0.7138556,0.7138555955076475,0.7138555955076475,0,0.6454816470190149,0,1,1,0,0,1,0
0,0.0,0.0,0.0,0.0,1,4.586509445651587,0,1,0,1,0,0,1
0,0.0,0.0,0.0,0.0,0,-0.33977530263912814,0,1,1,0,0,1,0
0,0.0,0.0,0.0,0.0,0,1.8277899866087863,0,1,1,0,0,1,0
0,0.0,0.0,0.0,0.0,0,0.2513788671557577,0,1,1,0,0,1,0
0,0.0,0.0,0.0,0.0,0,0.2513788671557577,0,1,1,0,0,1,0
0,0.0,0.0,0.0,0.0,0,-0.5368266925707568,0,1,0,0,1,1,0
0,0.0,0.0,0.0,0.0,0,-0.1427239127074995,0,1,1,0,0,0,1
0,0.0,0.0,0.0,0.0,1,-0.7338780825023853,0,1,1,0,0,1,0
0,0.0,0.0,0.0,0.0,1,-0.7338780825023853,1,0,1,0,0,0,1
0,0.0,0.0,0.0,0.0,0,0.4484302570873863,0,1,0,0,1,1,0
0,0.0,0.0,0.0,0.0,1,-0.7338780825023853,0,1,0,0,1,1,0
0,0.0,0.0,0.0,0.0,1,-0.7338780825023853,1,0,0,1,0,0,1
0,0.0,0.0,0.0,0.0,0,2.418944156403672,0,1,0,1,0,1,0
0,0.0,0.0,0.0,0.0,0,0.2513788671557577,0,1,1,0,0,1,0
0,0.0,0.0,0.0,0.0,0,-0.1427239127074995,1,0,1,0,0,1,0
0,0.0,0.0,0.0,0.0,0,-0.33977530263912814,0,1,1,0,0,0,1
0,0.0,0.0,0.0,0.0,0,-0.1427239127074995,1,0,0,0,1,1,0
0,0.0,0.0,0.0,0.0,0,-0.7338780825023853,0,1,0,0,1,1,0
0,0.0,0.0,0.0,0.0,0,-0.1427239127074995,1,0,1,0,0,1,0
0,0.0,0.0,0.0,0.0,0,-0.5368266925707568,1,0,1,0,0,0,1
0,0.0,0.0,0.0,0.0,1,-0.7338780825023853,1,0,0,1,0,1,0
0,0.0,0.0,0.0,0.0,1,-0.7338780825023853,0,1,0,0,1,1,0
0,0.0,0.0,0.0,0.0,1,0.8425330369506435,0,1,1,0,0,1,0
0,0.0,0.0,0.0,0.0,0,-0.7338780825023853,0,1,0,0,1,0,1
0,0.0,0.0,0.0,0.0,0,1.039584426882272,0,1,1,0,0,1,0
0,0.0,0.0,0.0,0.0,0,3.4042011060618154,0,1,0,1,0,1,0
0,0.0,0.0,0.0,0.0,0,-0.1427239127074995,0,1,1,0,0,1,0
0,0.0,0.0,0.0,0.0,0,-0.1427239127074995,0,1,0,1,0,1,0
0,0.0,0.0,0.0,0.0,0,-0.7338780825023853,0,1,1,0,0,1,0
0,0.0,0.0,0.0,0.0,1,-0.1427239127074995,0,1,0,1,0,1,0
0,0.0,0.0,0.0,0.0,0,0.8425330369506435,1,0,1,0,0,1,0
0,0.0,0.0,0.0,0.0,1,-0.33977530263912814,0,1,1,0,0,0,1
0,0.0,0.0,0.0,0.0,1,-0.5368266925707568,0,1,1,0,0,1,0
0,0.0,0.0,0.0,0.0,0,-0.7338780825023853,1,0,1,0,0,1,0
0,0.0,0.0,0.0,0.0,1,0.05432747722412909,0,1,1,0,0,0,1
0,0.0,0.0,0.0,0.0,0,-0.7338780825023853,0,1,1,0,0,0,1
0,0.0,0.0,0.0,0.0,0,-0.33977530263912814,0,1,0,0,1,1,0
0,0.0,0.0,0.0,0.0,1,-0.7338780825023853,0,1,1,0,0,1,0
0,0.0,0.0,0.0,0.0,0,-0.7338780825023853,0,1,1,0,0,0,1
0,0.0,0.0,0.0,0.0,1,-0.7338780825023853,0,1,0,1,0,1,0
0,0.0,0.0,0.0,0.0,1,-0.1427239127074995,0,1,0,1,0,1,0
0,0.0,0.0,0.0,0.0,0,-0.5368266925707568,0,1,0,0,1,1,0
0,0.0,0.0,0.0,0.0,1,-0.5368266925707568,0,1,0,0,1,1,0
0,0.0,0.0,0.0,0.0,1,-0.7338780825023853,0,1,1,0,0,1,0
0,0.0,0.0,0.0,0.0,0,0.2513788671557577,0,1,1,0,0,1,0
0,0.0,0.0,0.0,0.0,1,-0.7338780825023853,1,0,1,0,0,0,1
0,0.0,0.0,0.0,0.0,1,-0.33977530263912814,0,1,1,0,0,0,1
0,0.0,0.0,0.0,0.0,0,1.039584426882272,0,1,0,1,0,1,0
0,0.0,0.0,0.0,0.0,0,-0.33977530263912814,0,1,1,0,0,0,1
0,0.0,0.0,0.0,0.0,1,0.05432747722412909,0,1,1,0,0,1,0
0,0.0,0.0,0.0,0.0,0,-0.7338780825023853,0,1,1,0,0,1,0
0,0.0,0.0,0.0,0.0,0,-0.7338780825023853,0,1,0,0,1,1,0
0,0.0,0.0,0.0,0.0,0,-0.7338780825023853,0,1,0,0,1,1,0
0,0.0,0.0,0.0,0.0,1,-0.7338780825023853,0,1,0,1,0,1,0
0,0.0,0.0,0.0,0.0,1,-0.7338780825023853,0,1,1,0,0,1,0
0,0.0,0.0,0.0,0.0,1,-0.7338780825023853,0,1,0,1,0,0,1
0,0.749,0.7490593,0.7490593447969769,0.7490593447969769,1,0.4484302570873863,0,1,1,0,0,0,1
0,0.0,0.0,0.0,0.0,0,0.2513788671557577,1,0,0,0,1,1,0
0,0.0,0.0,0.0,0.0,1,1.6307385966771577,0,1,0,1,0,1,0
0,0.0,0.0,0.0,0.0,1,-0.1427239127074995,0,1,1,0,0,1,0
0,0.0,0.0,0.0,0.0,0,2.2218927664720436,0,1,1,0,0,1,0
0,0.0,0.0,0.0,0.0,0,0.4484302570873863,0,1,1,0,0,1,0
0,0.0,0.0,0.0,0.0,0,0.05432747722412909,0,1,1,0,0,1,0
0,0.0,0.0,0.0,0.0,0,0.8425330369506435,0,1,0,0,1,1,0
0,0.0,0.0,0.0,0.0,0,-0.7338780825023853,0,1,1,0,0,1,0
0,0.0,0.0,0.0,0.0,0,-0.7338780825023853,0,1,1,0,0,1,0
0,0.0,0.0,0.0,0.0,0,-0.7338780825023853,1,0,1,0,0,1,0
0,0.0,0.0,0.0,0.0,1,-0.7338780825023853,0,1,0,1,0,1,0
0,0.0,0.0,0.0,0.0,1,-0.33977530263912814,0,1,1,0,0,1,0
0,0.0,0.0,0.0,0.0,1,-0.7338780825023853,0,1,1,0,0,0,1
0,0.0,0.0,0.0,0.0,1,-0.1427239127074995,0,1,0,1,0,1,0
0,0.0,0.0,0.0,0.0,0,-0.5368266925707568,1,0,1,0,0,0,1
0,0.0,0.0,0.0,0.0,1,-0.5368266925707568,0,1,1,0,0,1,0
0,0.0,0.0,0.0,0.0,0,0.05432747722412909,0,1,0,0,1,0,1
0,0.0,0.0,0.0,0.0,0,0.2513788671557577,0,1,1,0,0,0,1
0,0.0,0.0,0.0,0.0,0,-0.7338780825023853,0,1,0,0,1,1,0
0,0.0,0.0,0.0,0.0,0,-0.5368266925707568,0,1,1,0,0,0,1
0,0.0,0.0,0.0,0.0,0,1.039584426882272,1,0,1,0,0,1,0
0,0.0,0.0,0.0,0.0,0,-0.5368266925707568,0,1,1,0,0,1,0
0,0.0,0.0,0.0,0.0,0,0.4484302570873863,0,1,1,0,0,1,0
0,0.0,0.0,0.0,0.0,0,-0.33977530263912814,0,1,1,0,0,0,1
0,0.0,0.0,0.0,0.0,1,1.8277899866087863,0,1,1,0,0,1,0
0,0.0,0.0,0.0,0.0,0,0.05432747722412909,1,0,0,1,0,0,1
0,0.0,0.0,0.0,0.0,0,-0.7338780825023853,0,1,0,1,0,0,1
0,0.0,0.0,0.0,0.0,1,-0.7338780825023853,0,1,1,0,0,0,1
