entropy_nodtype,entropy_float16,entropy_float32,entropy_float64,entropy_longdouble,S,priors_count,sex_Female,sex_Male,age_cat_25 - 45,age_cat_Greater than 45,age_cat_Less than 25,c_charge_degree_F,c_charge_degree_M
0,0.0,0.0,0.0,0.0,0,-0.5368266925707568,0,1,0,0,1,1,0
0,0.0,0.0,0.0,0.0,1,-0.7338780825023853,0,1,1,0,0,1,0
0,0.0,0.0,0.0,0.0,0,1.2366358168139007,0,1,0,1,0,1,0
0,0.0,0.0,0.0,0.0,0,-0.5368266925707568,0,1,0,0,1,1,0
0,0.0,0.0,0.0,0.0,0,-0.7338780825023853,0,1,1,0,0,1,0
0,0.0,0.0,0.0,0.0,0,-0.1427239127074995,0,1,0,0,1,1,0
0,0.0,0.0,0.0,0.0,1,0.05432747722412909,1,0,1,0,0,0,1
0,0.0,0.0,0.0,0.0,1,-0.1427239127074995,0,1,1,0,0,0,1
0,0.0,0.0,0.0,0.0,0,0.2513788671557577,0,1,1,0,0,1,0
0,0.0,0.0,0.0,0.0,0,-0.5368266925707568,0,1,1,0,0,1,0
0,0.0,0.0,0.0,0.0,1,-0.1427239127074995,0,1,0,1,0,1,0
0,0.0,0.0,0.0,0.0,0,1.039584426882272,0,1,1,0,0,1,0
0,0.0,0.0,0.0,0.0,0,0.4484302570873863,0,1,1,0,0,0,1
0,0.0,0.0,0.0,0.0,0,-0.1427239127074995,0,1,0,1,0,0,1
0,0.0,0.0,0.0,0.0,0,-0.7338780825023853,0,1,1,0,0,0,1
0,0.0,0.0,0.0,0.0,0,-0.7338780825023853,0,1,1,0,0,0,1
0,0.0,0.0,0.0,0.0,0,1.4336872067455293,0,1,0,1,0,1,0
0,0.0,0.0,0.0,0.0,0,-0.5368266925707568,1,0,1,0,0,1,0
0,0.0,0.0,0.0,0.0,0,-0.7338780825023853,1,0,0,0,1,0,1
0,0.0,0.0,0.0,0.0,1,-0.7338780825023853,0,1,0,1,0,1,0
0,0.0,0.0,0.0,0.0,1,-0.7338780825023853,0,1,1,0,0,1,0
0,0.0,0.0,0.0,0.0,0,-0.7338780825023853,0,1,1,0,0,1,0
0,0.0,0.0,0.0,0.0,0,-0.7338780825023853,0,1,1,0,0,0,1
0,0.0,0.0,0.0,0.0,0,-0.5368266925707568,0,1,1,0,0,1,0
0,0.0,0.0,0.0,0.0,1,2.2218927664720436,0,1,0,1,0,1,0
0,0.0,0.0,0.0,0.0,0,0.05432747722412909,0,1,1,0,0,1,0
0,0.795,0.79504025,0.7950402793845223,0.7950402793845223,0,-0.33977530263912814,0,1,0,1,0,1,0
0,0.0,0.0,0.0,0.0,0,-0.7338780825023853,0,1,1,0,0,1,0
0,0.0,0.0,0.0,0.0,0,-0.5368266925707568,0,1,0,0,1,1,0
0,0.0,0.0,0.0,0.0,0,-0.5368266925707568,0,1,1,0,0,1,0
0,0.0,0.0,0.0,0.0,0,-0.33977530263912814,0,1,1,0,0,1,0
0,0.0,0.0,0.0,0.0,0,-0.5368266925707568,0,1,1,0,0,0,1
0,0.0,0.0,0.0,0.0,1,-0.7338780825023853,0,1,1,0,0,0,1
0,0.0,0.0,0.0,0.0,0,-0.7338780825023853,1,0,1,0,0,0,1
0,0.0,0.0,0.0,0.0,1,-0.5368266925707568,1,0,0,0,1,1,0
0,0.0,0.0,0.0,0.0,0,0.2513788671557577,0,1,0,1,0,1,0
0,0.0,0.0,0.0,0.0,0,-0.5368266925707568,0,1,1,0,0,0,1
0,0.0,0.0,0.0,0.0,0,0.2513788671557577,0,1,1,0,0,1,0
0,0.0,0.0,0.0,0.0,0,-0.5368266925707568,1,0,1,0,0,1,0
0,0.0,0.0,0.0,0.0,0,-0.33977530263912814,0,1,1,0,0,1,0
0,0.0,0.0,0.0,0.0,1,0.05432747722412909,0,1,1,0,0,1,0
0,0.8,0.7999937,0.7999936823666833,0.7999936823666833,0,-0.33977530263912814,0,1,0,1,0,1,0
0,0.0,0.0,0.0,0.0,0,-0.7338780825023853,0,1,1,0,0,1,0
0,0.0,0.0,0.0,0.0,0,0.6454816470190149,0,1,1,0,0,0,1
0,0.0,0.0,0.0,0.0,0,1.4336872067455293,0,1,1,0,0,0,1
0,0.0,0.0,0.0,0.0,0,1.2366358168139007,1,0,1,0,0,1,0
0,0.0,0.0,0.0,0.0,1,-0.1427239127074995,0,1,0,1,0,0,1
0,0.0,0.0,0.0,0.0,1,0.8425330369506435,0,1,0,1,0,1,0
0,0.0,0.0,0.0,0.0,1,-0.33977530263912814,1,0,1,0,0,0,1
0,0.0,0.0,0.0,0.0,0,0.6454816470190149,0,1,1,0,0,1,0
0,0.0,0.0,0.0,0.0,0,-0.7338780825023853,0,1,1,0,0,0,1
0,0.0,0.0,0.0,0.0,1,-0.5368266925707568,0,1,1,0,0,1,0
0,0.0,0.0,0.0,0.0,1,-0.1427239127074995,0,1,0,1,0,0,1
0,0.0,0.0,0.0,0.0,0,-0.7338780825023853,0,1,0,0,1,1,0
0,0.0,0.0,0.0,0.0,0,-0.5368266925707568,1,0,1,0,0,1,0
0,0.0,0.0,0.0,0.0,0,-0.7338780825023853,0,1,1,0,0,0,1
0,0.0,0.0,0.0,0.0,0,-0.33977530263912814,0,1,1,0,0,0,1
0,0.0,0.0,0.0,0.0,0,-0.7338780825023853,0,1,1,0,0,1,0
0,0.0,0.0,0.0,0.0,1,0.2513788671557577,0,1,0,0,1,1,0
0,0.0,0.0,0.0,0.0,0,-0.7338780825023853,0,1,1,0,0,1,0
0,0.0,0.0,0.0,0.0,0,-0.5368266925707568,0,1,1,0,0,1,0
0,0.0,0.0,0.0,0.0,0,-0.7338780825023853,1,0,0,0,1,1,0
0,0.0,0.0,0.0,0.0,0,0.05432747722412909,1,0,0,1,0,1,0
0,0.0,0.0,0.0,0.0,1,-0.5368266925707568,0,1,0,1,0,1,0
0,0.0,0.0,0.0,0.0,1,-0.7338780825023853,0,1,0,1,0,0,1
0,0.0,0.0,0.0,0.0,0,-0.1427239127074995,0,1,0,1,0,1,0
0,0.0,0.0,0.0,0.0,0,-0.33977530263912814,0,1,0,0,1,0,1
0,0.0,0.0,0.0,0.0,0,2.418944156403672,0,1,0,1,0,1,0
0,0.0,0.0,0.0,0.0,0,-0.5368266925707568,0,1,0,0,1,0,1
0,0.0,0.0,0.0,0.0,1,0.4484302570873863,0,1,0,1,0,0,1
0,0.0,0.0,0.0,0.0,0,0.05432747722412909,0,1,1,0,0,1,0
0,0.0,0.0,0.0,0.0,1,-0.7338780825023853,0,1,1,0,0,0,1
0,0.0,0.0,0.0,0.0,1,0.05432747722412909,0,1,1,0,0,0,1
0,0.0,0.0,0.0,0.0,0,-0.1427239127074995,0,1,1,0,0,1,0
0,0.0,0.0,0.0,0.0,0,0.05432747722412909,0,1,1,0,0,0,1
0,0.0,0.0,0.0,0.0,0,1.2366358168139007,0,1,0,0,1,0,1
0,0.0,0.0,0.0,0.0,0,-0.7338780825023853,0,1,1,0,0,0,1
0,0.0,0.0,0.0,0.0,1,-0.7338780825023853,0,1,1,0,0,1,0
0,0.0,0.0,0.0,0.0,0,-0.7338780825023853,0,1,1,0,0,1,0
0,0.0,0.0,0.0,0.0,0,-0.33977530263912814,0,1,1,0,0,1,0
0,0.0,0.0,0.0,0.0,0,1.039584426882272,0,1,0,1,0,1,0
0,0.0,0.0,0.0,0.0,1,-0.33977530263912814,0,1,1,0,0,1,0
0,0.0,0.0,0.0,0.0,0,-0.7338780825023853,0,1,0,0,1,1,0
0,0.0,0.0,0.0,0.0,1,-0.7338780825023853,0,1,1,0,0,1,0
0,0.0,0.0,0.0,0.0,0,0.4484302570873863,1,0,0,0,1,0,1
0,0.0,0.0,0.0,0.0,0,-0.1427239127074995,0,1,1,0,0,1,0
0,0.0,0.0,0.0,0.0,0,-0.1427239127074995,0,1,1,0,0,1,0
0,0.0,0.0,0.0,0.0,1,-0.1427239127074995,0,1,0,1,0,1,0
0,0.0,0.0,0.0,0.0,1,-0.7338780825023853,0,1,1,0,0,0,1
0,0.0,0.0,0.0,0.0,0,1.2366358168139007,0,1,1,0,0,1,0
0,0.0,0.0,0.0,0.0,0,-0.5368266925707568,0,1,0,0,1,1,0
0,0.0,0.0,0.0,0.0,0,-0.7338780825023853,0,1,1,0,0,1,0
0,0.8223,0.8221855,0.8221855039190834,0.8221855039190834,1,-0.7338780825023853,1,0,0,1,0,0,1
0,0.0,0.0,0.0,0.0,1,-0.1427239127074995,0,1,1,0,0,1,0
0,0.0,0.0,0.0,0.0,0,-0.7338780825023853,1,0,0,0,1,1,0
0,0.0,0.0,0.0,0.0,1,-0.33977530263912814,1,0,0,1,0,1,0
0,0.0,0.0,0.0,0.0,1,0.05432747722412909,0,1,0,1,0,0,1
0,0.0,0.0,0.0,0.0,0,0.2513788671557577,1,0,0,1,0,1,0
0,0.0,0.0,0.0,0.0,0,-0.5368266925707568,1,0,0,0,1,1,0
0,0.0,0.0,0.0,0.0,0,-0.5368266925707568,0,1,0,0,1,1,0
0,0.0,0.0,0.0,0.0,0,-0.5368266925707568,1,0,0,1,0,1,0
0,0.0,0.0,0.0,0.0,1,-0.7338780825023853,0,1,0,0,1,1,0
0,0.0,0.0,0.0,0.0,1,-0.33977530263912814,1,0,1,0,0,0,1
0,0.0,0.0,0.0,0.0,0,-0.5368266925707568,0,1,0,1,0,1,0
0,0.0,0.0,0.0,0.0,0,-0.33977530263912814,0,1,1,0,0,0,1
0,0.0,0.0,0.0,0.0,0,-0.5368266925707568,0,1,0,0,1,1,0
0,0.0,0.0,0.0,0.0,1,0.4484302570873863,0,1,1,0,0,1,0
0,0.0,0.0,0.0,0.0,0,1.8277899866087863,0,1,1,0,0,1,0
0,0.0,0.0,0.0,0.0,1,-0.7338780825023853,0,1,0,1,0,0,1
0,0.0,0.0,0.0,0.0,1,-0.1427239127074995,0,1,1,0,0,1,0
0,0.0,0.0,0.0,0.0,0,2.615995546335301,0,1,1,0,0,0,1
0,0.0,0.0,0.0,0.0,0,-0.7338780825023853,0,1,1,0,0,0,1
0,0.0,0.0,0.0,0.0,0,-0.7338780825023853,0,1,1,0,0,1,0
0,0.0,0.0,0.0,0.0,0,0.6454816470190149,0,1,1,0,0,1,0
0,0.0,0.0,0.0,0.0,0,0.2513788671557577,0,1,1,0,0,1,0
0,0.0,0.0,0.0,0.0,0,0.05432747722412909,0,1,1,0,0,1,0
0,0.0,0.0,0.0,0.0,0,-0.33977530263912814,0,1,1,0,0,1,0
0,0.0,0.0,0.0,0.0,0,-0.7338780825023853,1,0,1,0,0,1,0
0,0.0,0.0,0.0,0.0,0,-0.7338780825023853,0,1,1,0,0,0,1
0,0.0,0.0,0.0,0.0,0,-0.7338780825023853,0,1,0,0,1,1,0
0,0.0,0.0,0.0,0.0,1,-0.7338780825023853,0,1,1,0,0,0,1
0,0.0,0.0,0.0,0.0,0,3.2071497161301865,0,1,0,1,0,1,0
0,0.0,0.0,0.0,0.0,0,-0.1427239127074995,0,1,0,1,0,0,1
0,0.0,0.0,0.0,0.0,1,-0.5368266925707568,0,1,1,0,0,1,0
0,0.0,0.0,0.0,0.0,1,-0.5368266925707568,1,0,0,0,1,0,1
0,0.0,0.0,0.0,0.0,0,-0.7338780825023853,0,1,1,0,0,1,0
0,0.0,0.0,0.0,0.0,1,-0.7338780825023853,1,0,0,0,1,1,0
0,0.0,0.0,0.0,0.0,1,-0.5368266925707568,0,1,0,1,0,0,1
0,0.0,0.0,0.0,0.0,0,-0.5368266925707568,1,0,0,0,1,1,0
0,0.0,0.0,0.0,0.0,1,-0.7338780825023853,0,1,0,0,1,1,0
0,0.0,0.0,0.0,0.0,0,-0.1427239127074995,0,1,1,0,0,1,0
0,0.0,0.0,0.0,0.0,0,1.6307385966771577,0,1,1,0,0,0,1
0,0.0,0.0,0.0,0.0,0,-0.1427239127074995,0,1,0,0,1,1,0
0,0.0,0.0,0.0,0.0,0,0.4484302570873863,0,1,1,0,0,1,0
0,0.0,0.0,0.0,0.0,0,-0.7338780825023853,1,0,0,0,1,1,0
0,0.0,0.0,0.0,0.0,0,1.4336872067455293,0,1,1,0,0,1,0
0,0.0,0.0,0.0,0.0,0,-0.33977530263912814,1,0,1,0,0,1,0
0,0.0,0.0,0.0,0.0,0,-0.7338780825023853,0,1,1,0,0,0,1
0,0.0,0.0,0.0,0.0,0,-0.7338780825023853,0,1,0,1,0,0,1
0,0.0,0.0,0.0,0.0,1,-0.5368266925707568,1,0,1,0,0,0,1
0,0.0,0.0,0.0,0.0,0,-0.33977530263912814,1,0,1,0,0,1,0
0,0.0,0.0,0.0,0.0,0,3.6012524959934438,1,0,1,0,0,1,0
0,0.0,0.0,0.0,0.0,0,-0.7338780825023853,1,0,0,0,1,1,0
0,0.0,0.0,0.0,0.0,1,-0.7338780825023853,0,1,0,1,0,0,1
0,0.0,0.0,0.0,0.0,0,0.05432747722412909,0,1,1,0,0,1,0
0,0.0,0.0,0.0,0.0,1,-0.5368266925707568,0,1,1,0,0,0,1
0,0.0,0.0,0.0,0.0,1,-0.5368266925707568,0,1,0,0,1,1,0
0,0.0,0.0,0.0,0.0,1,-0.7338780825023853,0,1,0,1,0,0,1
0,0.0,0.0,0.0,0.0,0,-0.7338780825023853,0,1,0,0,1,1,0
0,0.0,0.0,0.0,0.0,1,-0.7338780825023853,0,1,0,0,1,1,0
0,0.0,0.0,0.0,0.0,1,-0.7338780825023853,0,1,1,0,0,1,0
0,0.0,0.0,0.0,0.0,0,-0.7338780825023853,0,1,0,0,1,1,0
0,0.0,0.0,0.0,0.0,1,-0.5368266925707568,0,1,1,0,0,1,0
0,0.0,0.0,0.0,0.0,0,-0.7338780825023853,0,1,1,0,0,1,0
0,0.0,0.0,0.0,0.0,1,-0.7338780825023853,1,0,1,0,0,0,1
0,0.0,0.0,0.0,0.0,0,-0.5368266925707568,1,0,0,1,0,1,0
0,0.0,0.0,0.0,0.0,1,-0.7338780825023853,0,1,1,0,0,0,1
0,0.0,0.0,0.0,0.0,0,-0.5368266925707568,0,1,0,0,1,0,1
0,0.0,0.0,0.0,0.0,1,0.05432747722412909,0,1,1,0,0,0,1
0,0.0,0.0,0.0,0.0,1,-0.7338780825023853,0,1,1,0,0,1,0
0,0.0,0.0,0.0,0.0,1,-0.5368266925707568,0,1,0,1,0,1,0
0,0.0,0.0,0.0,0.0,0,1.6307385966771577,0,1,1,0,0,1,0
0,0.0,0.0,0.0,0.0,1,-0.5368266925707568,0,1,0,0,1,1,0
0,0.0,0.0,0.0,0.0,1,1.039584426882272,0,1,1,0,0,0,1
0,0.0,0.0,0.0,0.0,0,-0.7338780825023853,0,1,1,0,0,0,1
0,0.0,0.0,0.0,0.0,1,-0.5368266925707568,0,1,0,1,0,0,1
0,0.0,0.0,0.0,0.0,0,1.039584426882272,0,1,1,0,0,1,0
0,0.0,0.0,0.0,0.0,0,0.05432747722412909,0,1,1,0,0,0,1
0,0.0,0.0,0.0,0.0,0,-0.33977530263912814,0,1,1,0,0,1,0
0,0.0,0.0,0.0,0.0,1,-0.7338780825023853,0,1,0,0,1,0,1
0,0.0,0.0,0.0,0.0,1,-0.5368266925707568,0,1,0,0,1,1,0
0,0.0,0.0,0.0,0.0,1,-0.7338780825023853,1,0,0,0,1,0,1
0,0.0,0.0,0.0,0.0,1,-0.7338780825023853,0,1,1,0,0,0,1
0,0.0,0.0,0.0,0.0,1,-0.7338780825023853,0,1,0,1,0,0,1
0,0.0,0.0,0.0,0.0,0,0.2513788671557577,0,1,1,0,0,1,0
0,0.0,0.0,0.0,0.0,1,0.8425330369506435,0,1,0,1,0,0,1
0,0.0,0.0,0.0,0.0,1,-0.7338780825023853,1,0,1,0,0,1,0
0,0.0,0.0,0.0,0.0,0,-0.7338780825023853,1,0,1,0,0,0,1
0,0.0,0.0,0.0,0.0,1,-0.5368266925707568,0,1,0,1,0,1,0
0,0.0,0.0,0.0,0.0,0,-0.5368266925707568,0,1,0,1,0,1,0
0,0.0,0.0,0.0,0.0,0,-0.5368266925707568,0,1,0,1,0,0,1
0,0.0,0.0,0.0,0.0,1,-0.33977530263912814,0,1,1,0,0,0,1
0,0.0,0.0,0.0,0.0,1,-0.5368266925707568,0,1,1,0,0,1,0
0,0.0,0.0,0.0,0.0,0,-0.33977530263912814,1,0,1,0,0,1,0
0,0.0,0.0,0.0,0.0,0,-0.33977530263912814,0,1,0,0,1,0,1
0,0.0,0.0,0.0,0.0,0,0.2513788671557577,0,1,0,0,1,1,0
0,0.0,0.0,0.0,0.0,1,-0.7338780825023853,0,1,1,0,0,0,1
0,0.0,0.0,0.0,0.0,0,0.05432747722412909,0,1,1,0,0,1,0
0,0.0,0.0,0.0,0.0,1,0.2513788671557577,0,1,0,1,0,1,0
0,0.0,0.0,0.0,0.0,1,1.8277899866087863,0,1,0,1,0,1,0
0,0.0,0.0,0.0,0.0,1,-0.7338780825023853,1,0,1,0,0,1,0
0,0.0,0.0,0.0,0.0,0,2.2218927664720436,0,1,0,1,0,1,0
0,0.0,0.0,0.0,0.0,0,-0.5368266925707568,0,1,0,0,1,1,0
0,0.0,0.0,0.0,0.0,0,-0.1427239127074995,0,1,0,0,1,1,0
0,0.0,0.0,0.0,0.0,0,-0.33977530263912814,0,1,0,0,1,1,0
0,0.0,0.0,0.0,0.0,1,0.8425330369506435,0,1,0,0,1,1,0
0,0.0,0.0,0.0,0.0,0,2.615995546335301,0,1,0,1,0,1,0
0,0.0,0.0,0.0,0.0,0,-0.1427239127074995,0,1,1,0,0,1,0
0,0.0,0.0,0.0,0.0,1,0.05432747722412909,0,1,1,0,0,1,0
0,0.0,0.0,0.0,0.0,1,-0.7338780825023853,0,1,0,0,1,1,0
0,0.0,0.0,0.0,0.0,1,-0.7338780825023853,0,1,0,1,0,1,0
0,0.0,0.0,0.0,0.0,0,0.2513788671557577,0,1,1,0,0,0,1
0,0.8066,0.8064885,0.8064885192927098,0.8064885192927098,1,-0.33977530263912814,0,1,0,1,0,1,0
0,0.0,0.0,0.0,0.0,0,0.05432747722412909,0,1,0,1,0,1,0
0,0.0,0.0,0.0,0.0,1,-0.7338780825023853,0,1,0,1,0,1,0
0,0.0,0.0,0.0,0.0,0,1.6307385966771577,0,1,1,0,0,1,0
0,0.0,0.0,0.0,0.0,1,-0.7338780825023853,0,1,0,0,1,1,0
0,0.0,0.0,0.0,0.0,0,-0.1427239127074995,0,1,1,0,0,1,0
0,0.0,0.0,0.0,0.0,1,0.2513788671557577,0,1,1,0,0,1,0
0,0.0,0.0,0.0,0.0,0,-0.5368266925707568,0,1,1,0,0,1,0
0,0.0,0.0,0.0,0.0,0,-0.1427239127074995,0,1,0,0,1,1,0
0,0.0,0.0,0.0,0.0,0,2.0248413765404147,0,1,1,0,0,1,0
0,0.0,0.0,0.0,0.0,1,0.4484302570873863,0,1,0,0,1,1,0
0,0.0,0.0,0.0,0.0,0,-0.7338780825023853,0,1,1,0,0,1,0
0,0.0,0.0,0.0,0.0,0,0.2513788671557577,0,1,1,0,0,1,0
0,0.0,0.0,0.0,0.0,0,-0.33977530263912814,0,1,1,0,0,1,0
0,0.0,0.0,0.0,0.0,1,0.05432747722412909,0,1,1,0,0,1,0
0,0.0,0.0,0.0,0.0,0,-0.33977530263912814,1,0,1,0,0,0,1
0,0.0,0.0,0.0,0.0,0,0.05432747722412909,0,1,0,0,1,1,0
0,0.79,0.7900157,0.7900156893384529,0.7900156893384529,0,-0.33977530263912814,0,1,0,1,0,1,0
0,0.0,0.0,0.0,0.0,1,-0.7338780825023853,0,1,1,0,0,0,1
0,0.0,0.0,0.0,0.0,0,-0.7338780825023853,0,1,1,0,0,1,0
0,0.0,0.0,0.0,0.0,0,1.2366358168139007,0,1,1,0,0,0,1
0,0.0,0.0,0.0,0.0,0,0.05432747722412909,0,1,0,1,0,1,0
0,0.0,0.0,0.0,0.0,0,-0.7338780825023853,0,1,1,0,0,1,0
0,0.0,0.0,0.0,0.0,1,-0.1427239127074995,0,1,0,1,0,0,1
0,0.0,0.0,0.0,0.0,0,1.4336872067455293,0,1,1,0,0,1,0
0,0.0,0.0,0.0,0.0,0,1.039584426882272,0,1,1,0,0,0,1
0,0.0,0.0,0.0,0.0,1,-0.5368266925707568,0,1,1,0,0,0,1
0,0.0,0.0,0.0,0.0,0,0.8425330369506435,0,1,0,1,0,0,1
0,0.0,0.0,0.0,0.0,0,2.418944156403672,0,1,1,0,0,0,1
0,0.0,0.0,0.0,0.0,1,0.2513788671557577,0,1,1,0,0,1,0
0,0.0,0.0,0.0,0.0,1,-0.7338780825023853,1,0,0,0,1,0,1
0,0.0,0.0,0.0,0.0,1,-0.7338780825023853,0,1,1,0,0,0,1
0,0.0,0.0,0.0,0.0,1,0.05432747722412909,0,1,0,1,0,1,0
0,0.0,0.0,0.0,0.0,1,-0.7338780825023853,1,0,1,0,0,1,0
0,0.0,0.0,0.0,0.0,0,-0.7338780825023853,0,1,1,0,0,1,0
0,0.0,0.0,0.0,0.0,0,3.995355275856701,0,1,1,0,0,1,0
0,0.0,0.0,0.0,0.0,0,-0.5368266925707568,0,1,1,0,0,1,0
0,0.0,0.0,0.0,0.0,0,0.2513788671557577,0,1,1,0,0,1,0
0,0.0,0.0,0.0,0.0,0,4.7835608355832155,0,1,0,1,0,1,0
0,0.0,0.0,0.0,0.0,0,-0.33977530263912814,1,0,0,0,1,1,0
0,0.0,0.0,0.0,0.0,1,-0.7338780825023853,0,1,1,0,0,1,0
0,0.0,0.0,0.0,0.0,1,0.8425330369506435,0,1,1,0,0,1,0
0,0.0,0.0,0.0,0.0,1,-0.7338780825023853,1,0,0,0,1,1,0
0,0.0,0.0,0.0,0.0,0,-0.5368266925707568,1,0,1,0,0,1,0
0,0.0,0.0,0.0,0.0,0,-0.33977530263912814,0,1,0,0,1,1,0
0,0.0,0.0,0.0,0.0,0,-0.1427239127074995,0,1,1,0,0,1,0
0,0.0,0.0,0.0,0.0,1,-0.7338780825023853,0,1,0,1,0,0,1
0,0.0,0.0,0.0,0.0,0,-0.7338780825023853,0,1,1,0,0,1,0
0,0.0,0.0,0.0,0.0,1,-0.1427239127074995,0,1,1,0,0,1,0
0,0.8354,0.8356661,0.8356661472318525,0.8356661472318525,1,-0.33977530263912814,0,1,0,1,0,1,0
0,0.0,0.0,0.0,0.0,1,0.2513788671557577,0,1,0,1,0,1,0
0,0.0,0.0,0.0,0.0,1,-0.7338780825023853,0,1,1,0,0,0,1
0,0.0,0.0,0.0,0.0,1,-0.7338780825023853,0,1,0,1,0,1,0
0,0.0,0.0,0.0,0.0,1,1.4336872067455293,0,1,1,0,0,1,0
0,0.0,0.0,0.0,0.0,0,-0.7338780825023853,0,1,0,0,1,1,0
0,0.0,0.0,0.0,0.0,1,0.4484302570873863,0,1,1,0,0,1,0
0,0.0,0.0,0.0,0.0,1,-0.1427239127074995,0,1,1,0,0,0,1
0,0.0,0.0,0.0,0.0,1,-0.1427239127074995,0,1,1,0,0,1,0
0,0.0,0.0,0.0,0.0,1,-0.33977530263912814,0,1,1,0,0,1,0
0,0.0,0.0,0.0,0.0,1,-0.7338780825023853,0,1,1,0,0,0,1
0,0.843,0.8428959,0.8428959163008507,0.8428959163008507,1,-0.33977530263912814,0,1,0,1,0,1,0
0,0.0,0.0,0.0,0.0,1,0.6454816470190149,0,1,0,1,0,1,0
0,0.0,0.0,0.0,0.0,0,-0.1427239127074995,0,1,0,0,1,1,0
0,0.0,0.0,0.0,0.0,1,-0.7338780825023853,0,1,1,0,0,0,1
0,0.0,0.0,0.0,0.0,1,-0.33977530263912814,0,1,1,0,0,0,1
0,0.0,0.0,0.0,0.0,0,-0.5368266925707568,1,0,0,0,1,0,1
0,0.0,0.0,0.0,0.0,0,1.8277899866087863,0,1,1,0,0,1,0
0,0.0,0.0,0.0,0.0,0,-0.7338780825023853,0,1,1,0,0,1,0
0,0.0,0.0,0.0,0.0,0,-0.5368266925707568,0,1,0,0,1,1,0
0,0.0,0.0,0.0,0.0,0,1.8277899866087863,0,1,1,0,0,1,0
0,0.0,0.0,0.0,0.0,0,0.4484302570873863,0,1,0,1,0,1,0
0,0.0,0.0,0.0,0.0,1,-0.5368266925707568,0,1,0,0,1,1,0
0,0.0,0.0,0.0,0.0,0,-0.7338780825023853,0,1,1,0,0,0,1
0,0.0,0.0,0.0,0.0,0,0.2513788671557577,1,0,1,0,0,1,0
0,0.0,0.0,0.0,0.0,0,1.4336872067455293,0,1,1,0,0,1,0
0,0.0,0.0,0.0,0.0,0,0.4484302570873863,0,1,1,0,0,0,1
0,0.0,0.0,0.0,0.0,0,-0.1427239127074995,0,1,1,0,0,0,1
0,0.0,0.0,0.0,0.0,1,-0.33977530263912814,0,1,1,0,0,1,0
0,0.0,0.0,0.0,0.0,0,-0.7338780825023853,1,0,1,0,0,0,1
0,0.0,0.0,0.0,0.0,0,0.2513788671557577,0,1,1,0,0,1,0
0,0.0,0.0,0.0,0.0,0,-0.7338780825023853,0,1,0,0,1,1,0
0,0.0,0.0,0.0,0.0,1,-0.1427239127074995,0,1,1,0,0,1,0
0,0.0,0.0,0.0,0.0,1,-0.7338780825023853,0,1,1,0,0,0,1
0,0.0,0.0,0.0,0.0,1,-0.7338780825023853,0,1,1,0,0,0,1
0,0.0,0.0,0.0,0.0,1,0.05432747722412909,1,0,1,0,0,0,1
0,0.0,0.0,0.0,0.0,0,-0.5368266925707568,0,1,1,0,0,0,1
0,0.0,0.0,0.0,0.0,0,1.2366358168139007,0,1,1,0,0,1,0
0,0.0,0.0,0.0,0.0,0,2.418944156403672,0,1,1,0,0,1,0
0,0.0,0.0,0.0,0.0,0,0.8425330369506435,0,1,1,0,0,1,0
0,0.0,0.0,0.0,0.0,0,-0.5368266925707568,0,1,0,1,0,0,1
0,0.0,0.0,0.0,0.0,1,-0.7338780825023853,0,1,0,1,0,0,1
0,0.0,0.0,0.0,0.0,1,0.6454816470190149,0,1,0,1,0,1,0
0,0.0,0.0,0.0,0.0,1,1.8277899866087863,0,1,1,0,0,1,0
0,0.0,0.0,0.0,0.0,1,-0.1427239127074995,0,1,1,0,0,1,0
0,0.0,0.0,0.0,0.0,0,-0.5368266925707568,0,1,1,0,0,0,1
0,0.0,0.0,0.0,0.0,0,0.6454816470190149,0,1,1,0,0,1,0
0,0.0,0.0,0.0,0.0,0,1.4336872067455293,0,1,1,0,0,1,0
0,0.0,0.0,0.0,0.0,1,-0.7338780825023853,0,1,1,0,0,0,1
0,0.0,0.0,0.0,0.0,0,1.4336872067455293,1,0,1,0,0,1,0
0,0.0,0.0,0.0,0.0,1,-0.33977530263912814,1,0,0,1,0,0,1
0,0.0,0.0,0.0,0.0,0,-0.5368266925707568,1,0,1,0,0,1,0
0,0.0,0.0,0.0,0.0,1,-0.5368266925707568,1,0,1,0,0,1,0
0,0.0,0.0,0.0,0.0,0,-0.5368266925707568,1,0,1,0,0,0,1
0,0.0,0.0,0.0,0.0,0,-0.7338780825023853,0,1,1,0,0,1,0
0,0.0,0.0,0.0,0.0,0,-0.5368266925707568,1,0,1,0,0,0,1
0,0.0,0.0,0.0,0.0,0,-0.7338780825023853,0,1,1,0,0,0,1
0,0.0,0.0,0.0,0.0,0,-0.1427239127074995,0,1,0,0,1,0,1
0,0.0,0.0,0.0,0.0,1,-0.33977530263912814,0,1,0,1,0,0,1
0,0.0,0.0,0.0,0.0,1,-0.7338780825023853,1,0,1,0,0,1,0
0,0.0,0.0,0.0,0.0,0,0.4484302570873863,0,1,1,0,0,1,0
0,0.0,0.0,0.0,0.0,0,-0.7338780825023853,1,0,0,0,1,0,1
0,0.0,0.0,0.0,0.0,0,-0.5368266925707568,0,1,0,0,1,1,0
0,0.0,0.0,0.0,0.0,0,2.615995546335301,0,1,1,0,0,1,0
0,0.0,0.0,0.0,0.0,1,0.05432747722412909,1,0,0,1,0,1,0
0,0.0,0.0,0.0,0.0,0,-0.7338780825023853,0,1,0,0,1,0,1
0,0.0,0.0,0.0,0.0,0,-0.1427239127074995,0,1,1,0,0,1,0
0,0.0,0.0,0.0,0.0,0,1.6307385966771577,0,1,1,0,0,1,0
0,0.0,0.0,0.0,0.0,0,-0.7338780825023853,0,1,0,0,1,0,1
0,0.0,0.0,0.0,0.0,1,-0.7338780825023853,0,1,1,0,0,0,1
0,0.0,0.0,0.0,0.0,1,-0.5368266925707568,0,1,0,1,0,1,0
0,0.0,0.0,0.0,0.0,0,0.05432747722412909,1,0,1,0,0,1,0
0,0.0,0.0,0.0,0.0,0,-0.33977530263912814,1,0,1,0,0,1,0
0,0.0,0.0,0.0,0.0,0,0.05432747722412909,0,1,0,0,1,1,0
0,0.0,0.0,0.0,0.0,0,0.6454816470190149,0,1,1,0,0,0,1
0,0.0,0.0,0.0,0.0,1,0.2513788671557577,1,0,0,1,0,0,1
0,0.0,0.0,0.0,0.0,1,-0.5368266925707568,0,1,0,1,0,1,0
0,0.0,0.0,0.0,0.0,0,-0.5368266925707568,0,1,0,0,1,1,0
0,0.0,0.0,0.0,0.0,0,0.05432747722412909,1,0,1,0,0,1,0
0,0.0,0.0,0.0,0.0,1,-0.1427239127074995,0,1,0,1,0,0,1
0,0.0,0.0,0.0,0.0,0,1.039584426882272,0,1,0,1,0,1,0
0,0.0,0.0,0.0,0.0,1,-0.5368266925707568,1,0,0,0,1,1,0
0,0.0,0.0,0.0,0.0,1,-0.5368266925707568,1,0,0,1,0,1,0
0,0.0,0.0,0.0,0.0,0,-0.5368266925707568,1,0,1,0,0,1,0
0,0.0,0.0,0.0,0.0,1,-0.7338780825023853,0,1,0,1,0,0,1
0,0.0,0.0,0.0,0.0,0,-0.5368266925707568,0,1,0,0,1,1,0
0,0.0,0.0,0.0,0.0,1,-0.5368266925707568,0,1,0,1,0,0,1
0,0.0,0.0,0.0,0.0,1,-0.7338780825023853,1,0,1,0,0,0,1
0,0.0,0.0,0.0,0.0,0,-0.7338780825023853,1,0,1,0,0,0,1
0,0.0,0.0,0.0,0.0,0,-0.5368266925707568,1,0,1,0,0,1,0
0,0.0,0.0,0.0,0.0,1,-0.33977530263912814,0,1,1,0,0,0,1
0,0.0,0.0,0.0,0.0,1,0.8425330369506435,0,1,0,1,0,0,1
0,0.0,0.0,0.0,0.0,0,0.05432747722412909,0,1,1,0,0,1,0
0,0.0,0.0,0.0,0.0,0,-0.5368266925707568,0,1,0,0,1,1,0
0,0.0,0.0,0.0,0.0,0,-0.5368266925707568,0,1,0,1,0,0,1
0,0.0,0.0,0.0,0.0,1,2.615995546335301,0,1,1,0,0,1,0
0,0.0,0.0,0.0,0.0,1,-0.7338780825023853,1,0,1,0,0,0,1
0,0.0,0.0,0.0,0.0,1,0.05432747722412909,0,1,0,1,0,1,0
0,0.0,0.0,0.0,0.0,1,-0.33977530263912814,1,0,0,1,0,1,0
0,0.0,0.0,0.0,0.0,1,-0.5368266925707568,0,1,1,0,0,0,1
0,0.0,0.0,0.0,0.0,0,-0.7338780825023853,0,1,0,0,1,1,0
0,0.0,0.0,0.0,0.0,1,-0.7338780825023853,0,1,0,1,0,1,0
0,0.0,0.0,0.0,0.0,0,0.05432747722412909,0,1,0,0,1,1,0
0,0.0,0.0,0.0,0.0,0,-0.5368266925707568,0,1,1,0,0,0,1
0,0.0,0.0,0.0,0.0,0,-0.33977530263912814,1,0,0,0,1,0,1
0,0.0,0.0,0.0,0.0,0,2.2218927664720436,0,1,1,0,0,1,0
0,0.0,0.0,0.0,0.0,0,0.6454816470190149,0,1,1,0,0,1,0
0,0.0,0.0,0.0,0.0,0,0.2513788671557577,0,1,1,0,0,1,0
0,0.825,0.8252336,0.8252336065126468,0.8252336065126468,1,-0.33977530263912814,0,1,0,1,0,1,0
0,0.0,0.0,0.0,0.0,0,-0.33977530263912814,0,1,1,0,0,1,0
0,0.0,0.0,0.0,0.0,1,-0.33977530263912814,0,1,1,0,0,0,1
0,0.0,0.0,0.0,0.0,0,0.2513788671557577,0,1,1,0,0,0,1
0,0.0,0.0,0.0,0.0,0,-0.5368266925707568,0,1,1,0,0,0,1
0,0.0,0.0,0.0,0.0,1,-0.7338780825023853,0,1,1,0,0,1,0
0,0.0,0.0,0.0,0.0,1,-0.7338780825023853,0,1,0,1,0,1,0
0,0.0,0.0,0.0,0.0,1,-0.33977530263912814,0,1,1,0,0,1,0
0,0.0,0.0,0.0,0.0,0,-0.7338780825023853,0,1,0,1,0,0,1
0,0.0,0.0,0.0,0.0,0,-0.7338780825023853,0,1,1,0,0,1,0
0,0.0,0.0,0.0,0.0,0,0.05432747722412909,0,1,0,0,1,1,0
0,0.0,0.0,0.0,0.0,0,-0.7338780825023853,1,0,0,0,1,0,1
0,0.0,0.0,0.0,0.0,1,-0.7338780825023853,0,1,0,0,1,1,0
0,0.0,0.0,0.0,0.0,0,0.8425330369506435,0,1,1,0,0,1,0
0,0.0,0.0,0.0,0.0,0,-0.7338780825023853,0,1,1,0,0,0,1
0,0.0,0.0,0.0,0.0,0,0.6454816470190149,0,1,1,0,0,1,0
0,0.0,0.0,0.0,0.0,0,-0.7338780825023853,1,0,1,0,0,1,0
0,0.0,0.0,0.0,0.0,0,-0.7338780825023853,0,1,0,0,1,1,0
0,0.0,0.0,0.0,0.0,0,0.4484302570873863,0,1,1,0,0,1,0
0,0.0,0.0,0.0,0.0,0,-0.5368266925707568,0,1,1,0,0,0,1
0,0.0,0.0,0.0,0.0,1,-0.7338780825023853,0,1,1,0,0,1,0
0,0.0,0.0,0.0,0.0,1,0.2513788671557577,0,1,1,0,0,1,0
0,0.0,0.0,0.0,0.0,1,-0.5368266925707568,0,1,1,0,0,1,0
0,0.0,0.0,0.0,0.0,0,-0.5368266925707568,1,0,1,0,0,1,0
0,0.0,0.0,0.0,0.0,0,-0.1427239127074995,0,1,1,0,0,1,0
0,0.0,0.0,0.0,0.0,1,-0.1427239127074995,0,1,0,0,1,1,0
0,0.0,0.0,0.0,0.0,1,0.2513788671557577,0,1,1,0,0,1,0
0,0.0,0.0,0.0,0.0,1,-0.1427239127074995,0,1,0,0,1,1,0
0,0.0,0.0,0.0,0.0,1,-0.33977530263912814,0,1,1,0,0,1,0
0,0.0,0.0,0.0,0.0,1,-0.7338780825023853,1,0,1,0,0,0,1
0,0.0,0.0,0.0,0.0,0,-0.1427239127074995,0,1,1,0,0,1,0
0,0.0,0.0,0.0,0.0,0,-0.7338780825023853,0,1,1,0,0,0,1
0,0.0,0.0,0.0,0.0,0,-0.1427239127074995,1,0,1,0,0,1,0
0,0.0,0.0,0.0,0.0,1,-0.1427239127074995,0,1,1,0,0,1,0
0,0.0,0.0,0.0,0.0,1,-0.33977530263912814,0,1,1,0,0,1,0
0,0.0,0.0,0.0,0.0,1,-0.7338780825023853,0,1,1,0,0,0,1
0,0.0,0.0,0.0,0.0,1,-0.5368266925707568,0,1,1,0,0,1,0
0,0.0,0.0,0.0,0.0,0,1.8277899866087863,0,1,0,1,0,0,1
0,0.0,0.0,0.0,0.0,0,1.039584426882272,1,0,1,0,0,1,0
0,0.0,0.0,0.0,0.0,1,-0.7338780825023853,0,1,0,1,0,1,0
0,0.0,0.0,0.0,0.0,0,-0.5368266925707568,1,0,1,0,0,0,1
0,0.0,0.0,0.0,0.0,1,-0.1427239127074995,1,0,1,0,0,0,1
0,0.0,0.0,0.0,0.0,0,0.4484302570873863,0,1,0,1,0,0,1
0,0.0,0.0,0.0,0.0,0,0.8425330369506435,0,1,0,1,0,0,1
0,0.795,0.79504025,0.7950402793845223,0.7950402793845223,1,-0.7338780825023853,1,0,0,1,0,0,1
0,0.0,0.0,0.0,0.0,0,-0.33977530263912814,0,1,0,0,1,0,1
0,0.8237,0.8237133,0.8237133233102514,0.8237133233102514,1,-0.33977530263912814,0,1,0,1,0,1,0
0,0.0,0.0,0.0,0.0,0,0.4484302570873863,0,1,1,0,0,1,0
0,0.0,0.0,0.0,0.0,0,0.4484302570873863,1,0,0,0,1,0,1
0,0.0,0.0,0.0,0.0,0,-0.1427239127074995,0,1,1,0,0,1,0
0,0.0,0.0,0.0,0.0,0,0.2513788671557577,0,1,1,0,0,1,0
0,0.0,0.0,0.0,0.0,0,-0.1427239127074995,0,1,0,1,0,0,1
0,0.0,0.0,0.0,0.0,0,0.05432747722412909,0,1,1,0,0,0,1
0,0.0,0.0,0.0,0.0,1,-0.7338780825023853,0,1,0,0,1,1,0
0,0.0,0.0,0.0,0.0,1,2.0248413765404147,0,1,1,0,0,1,0
0,0.0,0.0,0.0,0.0,1,-0.7338780825023853,0,1,1,0,0,1,0
0,0.0,0.0,0.0,0.0,1,-0.1427239127074995,0,1,0,1,0,0,1
0,0.0,0.0,0.0,0.0,0,1.4336872067455293,1,0,1,0,0,1,0
0,0.0,0.0,0.0,0.0,1,-0.7338780825023853,0,1,1,0,0,0,1
0,0.0,0.0,0.0,0.0,1,-0.7338780825023853,0,1,0,1,0,1,0
0,0.0,0.0,0.0,0.0,1,-0.1427239127074995,1,0,1,0,0,1,0
0,0.0,0.0,0.0,0.0,0,3.4042011060618154,1,0,0,1,0,1,0
0,0.0,0.0,0.0,0.0,0,2.8130469362669293,1,0,0,1,0,1,0
0,0.0,0.0,0.0,0.0,1,-0.7338780825023853,0,1,0,0,1,1,0
0,0.0,0.0,0.0,0.0,1,0.4484302570873863,0,1,1,0,0,1,0
0,0.0,0.0,0.0,0.0,0,-0.5368266925707568,0,1,0,0,1,1,0
0,0.0,0.0,0.0,0.0,1,-0.7338780825023853,0,1,0,1,0,0,1
0,0.0,0.0,0.0,0.0,0,-0.5368266925707568,0,1,1,0,0,1,0
0,0.0,0.0,0.0,0.0,0,-0.33977530263912814,0,1,0,0,1,1,0
0,0.0,0.0,0.0,0.0,0,-0.5368266925707568,0,1,1,0,0,1,0
0,0.0,0.0,0.0,0.0,1,-0.1427239127074995,0,1,1,0,0,1,0
0,0.0,0.0,0.0,0.0,1,-0.33977530263912814,0,1,1,0,0,1,0
0,0.0,0.0,0.0,0.0,0,-0.33977530263912814,0,1,1,0,0,1,0
0,0.0,0.0,0.0,0.0,0,0.4484302570873863,0,1,0,1,0,0,1
0,0.0,0.0,0.0,0.0,1,-0.7338780825023853,0,1,0,1,0,1,0
0,0.0,0.0,0.0,0.0,1,-0.7338780825023853,1,0,0,1,0,1,0
0,0.0,0.0,0.0,0.0,0,-0.5368266925707568,1,0,0,0,1,0,1
0,0.0,0.0,0.0,0.0,1,-0.33977530263912814,0,1,0,0,1,1,0
0,0.0,0.0,0.0,0.0,0,-0.1427239127074995,0,1,1,0,0,0,1
0,0.0,0.0,0.0,0.0,1,-0.5368266925707568,0,1,1,0,0,0,1
0,0.0,0.0,0.0,0.0,0,0.05432747722412909,1,0,0,1,0,1,0
0,0.0,0.0,0.0,0.0,0,-0.7338780825023853,1,0,0,0,1,1,0
0,0.0,0.0,0.0,0.0,0,-0.5368266925707568,0,1,1,0,0,0,1
0,0.0,0.0,0.0,0.0,1,-0.7338780825023853,0,1,0,0,1,0,1
0,0.0,0.0,0.0,0.0,0,-0.5368266925707568,0,1,0,1,0,1,0
0,0.0,0.0,0.0,0.0,1,-0.5368266925707568,0,1,1,0,0,1,0
0,0.0,0.0,0.0,0.0,0,-0.7338780825023853,0,1,1,0,0,1,0
0,0.0,0.0,0.0,0.0,0,-0.33977530263912814,0,1,1,0,0,1,0
0,0.0,0.0,0.0,0.0,0,-0.7338780825023853,1,0,1,0,0,0,1
0,0.0,0.0,0.0,0.0,1,-0.5368266925707568,0,1,0,1,0,0,1
0,0.0,0.0,0.0,0.0,0,0.4484302570873863,0,1,1,0,0,0,1
0,0.0,0.0,0.0,0.0,1,-0.7338780825023853,0,1,0,0,1,1,0
0,0.0,0.0,0.0,0.0,0,2.418944156403672,0,1,1,0,0,1,0
0,0.0,0.0,0.0,0.0,0,1.2366358168139007,0,1,1,0,0,1,0
0,0.0,0.0,0.0,0.0,1,-0.1427239127074995,0,1,1,0,0,0,1
0,0.0,0.0,0.0,0.0,0,0.05432747722412909,0,1,0,1,0,0,1
0,0.0,0.0,0.0,0.0,0,2.0248413765404147,0,1,0,1,0,1,0
0,0.0,0.0,0.0,0.0,1,0.05432747722412909,0,1,0,1,0,0,1
0,0.797,0.7966993,0.7966992933903274,0.7966992933903274,0,-0.33977530263912814,0,1,0,1,0,1,0
0,0.0,0.0,0.0,0.0,0,-0.7338780825023853,1,0,0,1,0,1,0
0,0.0,0.0,0.0,0.0,0,1.8277899866087863,0,1,0,1,0,1,0
0,0.0,0.0,0.0,0.0,0,-0.1427239127074995,0,1,0,1,0,1,0
0,0.0,0.0,0.0,0.0,0,-0.7338780825023853,0,1,1,0,0,0,1
0,0.0,0.0,0.0,0.0,1,-0.33977530263912814,0,1,0,0,1,0,1
0,0.0,0.0,0.0,0.0,0,-0.5368266925707568,0,1,0,1,0,1,0
0,0.0,0.0,0.0,0.0,0,2.418944156403672,0,1,1,0,0,1,0
0,0.0,0.0,0.0,0.0,0,-0.7338780825023853,1,0,1,0,0,0,1
0,0.0,0.0,0.0,0.0,0,-0.33977530263912814,1,0,1,0,0,0,1
0,0.0,0.0,0.0,0.0,0,-0.33977530263912814,0,1,0,0,1,0,1
0,0.0,0.0,0.0,0.0,0,-0.33977530263912814,0,1,1,0,0,1,0
0,0.7935,0.79337335,0.7933733558484901,0.7933733558484901,1,-0.7338780825023853,1,0,0,1,0,0,1
0,0.0,0.0,0.0,0.0,0,-0.7338780825023853,0,1,1,0,0,0,1
0,0.0,0.0,0.0,0.0,1,0.05432747722412909,1,0,1,0,0,1,0
0,0.0,0.0,0.0,0.0,1,-0.7338780825023853,0,1,1,0,0,0,1
0,0.0,0.0,0.0,0.0,1,-0.5368266925707568,0,1,0,0,1,1,0
0,0.0,0.0,0.0,0.0,1,0.2513788671557577,0,1,1,0,0,0,1
0,0.0,0.0,0.0,0.0,0,-0.33977530263912814,0,1,1,0,0,0,1
0,0.0,0.0,0.0,0.0,0,0.8425330369506435,0,1,1,0,0,0,1
0,0.0,0.0,0.0,0.0,0,2.418944156403672,0,1,1,0,0,1,0
0,0.0,0.0,0.0,0.0,1,-0.33977530263912814,0,1,1,0,0,0,1
0,0.0,0.0,0.0,0.0,0,-0.5368266925707568,0,1,0,0,1,1,0
0,0.0,0.0,0.0,0.0,1,-0.33977530263912814,1,0,1,0,0,1,0
0,0.0,0.0,0.0,0.0,0,0.4484302570873863,0,1,1,0,0,1,0
0,0.0,0.0,0.0,0.0,0,-0.7338780825023853,0,1,0,0,1,1,0
0,0.0,0.0,0.0,0.0,1,-0.7338780825023853,0,1,1,0,0,1,0
0,0.0,0.0,0.0,0.0,0,0.05432747722412909,0,1,1,0,0,1,0
0,0.0,0.0,0.0,0.0,1,-0.7338780825023853,0,1,0,1,0,0,1
0,0.0,0.0,0.0,0.0,1,-0.7338780825023853,1,0,1,0,0,1,0
0,0.0,0.0,0.0,0.0,1,-0.5368266925707568,0,1,0,1,0,1,0
0,0.0,0.0,0.0,0.0,1,-0.5368266925707568,0,1,0,1,0,1,0
0,0.0,0.0,0.0,0.0,1,0.6454816470190149,1,0,1,0,0,1,0
0,0.0,0.0,0.0,0.0,1,1.2366358168139007,0,1,1,0,0,0,1
0,0.0,0.0,0.0,0.0,0,-0.5368266925707568,0,1,0,0,1,1,0
0,0.0,0.0,0.0,0.0,0,-0.5368266925707568,0,1,0,1,0,0,1
0,0.0,0.0,0.0,0.0,1,-0.5368266925707568,1,0,0,1,0,1,0
0,0.0,0.0,0.0,0.0,1,-0.5368266925707568,0,1,0,0,1,1,0
0,0.0,0.0,0.0,0.0,0,1.4336872067455293,0,1,1,0,0,1,0
0,0.0,0.0,0.0,0.0,0,-0.5368266925707568,1,0,1,0,0,1,0
0,0.0,0.0,0.0,0.0,0,0.8425330369506435,0,1,1,0,0,1,0
0,0.0,0.0,0.0,0.0,0,-0.7338780825023853,1,0,1,0,0,0,1
0,0.0,0.0,0.0,0.0,0,3.798303885925072,1,0,1,0,0,1,0
0,0.0,0.0,0.0,0.0,0,1.4336872067455293,0,1,1,0,0,1,0
0,0.0,0.0,0.0,0.0,1,-0.5368266925707568,1,0,1,0,0,1,0
0,0.0,0.0,0.0,0.0,1,0.2513788671557577,0,1,1,0,0,1,0
0,0.0,0.0,0.0,0.0,0,0.4484302570873863,0,1,1,0,0,0,1
0,0.0,0.0,0.0,0.0,1,-0.7338780825023853,0,1,1,0,0,1,0
0,0.0,0.0,0.0,0.0,0,1.4336872067455293,0,1,1,0,0,0,1
0,0.0,0.0,0.0,0.0,1,-0.7338780825023853,0,1,1,0,0,1,0
0,0.0,0.0,0.0,0.0,1,-0.7338780825023853,1,0,1,0,0,1,0
0,0.0,0.0,0.0,0.0,1,-0.7338780825023853,0,1,0,1,0,0,1
0,0.0,0.0,0.0,0.0,1,-0.5368266925707568,0,1,0,1,0,1,0
0,0.0,0.0,0.0,0.0,1,-0.1427239127074995,1,0,1,0,0,1,0
0,0.0,0.0,0.0,0.0,1,-0.7338780825023853,1,0,1,0,0,1,0
0,0.816,0.8159985,0.8159984789708665,0.8159984789708665,0,2.0248413765404147,1,0,0,1,0,0,1
0,0.0,0.0,0.0,0.0,1,-0.7338780825023853,1,0,1,0,0,1,0
0,0.0,0.0,0.0,0.0,0,0.8425330369506435,0,1,1,0,0,1,0
0,0.0,0.0,0.0,0.0,0,2.0248413765404147,0,1,1,0,0,1,0
0,0.0,0.0,0.0,0.0,1,-0.5368266925707568,1,0,1,0,0,1,0
0,0.0,0.0,0.0,0.0,0,-0.1427239127074995,0,1,1,0,0,0,1
0,0.0,0.0,0.0,0.0,0,-0.7338780825023853,0,1,0,0,1,0,1
0,0.0,0.0,0.0,0.0,1,-0.5368266925707568,0,1,1,0,0,1,0
0,0.0,0.0,0.0,0.0,0,-0.33977530263912814,0,1,1,0,0,0,1
0,0.0,0.0,0.0,0.0,1,-0.1427239127074995,0,1,1,0,0,0,1
0,0.0,0.0,0.0,0.0,0,1.039584426882272,0,1,1,0,0,1,0
0,0.0,0.0,0.0,0.0,0,2.0248413765404147,0,1,1,0,0,1,0
0,0.0,0.0,0.0,0.0,1,-0.7338780825023853,0,1,0,0,1,1,0
0,0.0,0.0,0.0,0.0,0,-0.5368266925707568,0,1,0,1,0,0,1
0,0.0,0.0,0.0,0.0,1,-0.7338780825023853,1,0,1,0,0,1,0
0,0.0,0.0,0.0,0.0,0,-0.5368266925707568,0,1,0,0,1,1,0
0,0.0,0.0,0.0,0.0,0,2.8130469362669293,0,1,1,0,0,1,0
0,0.0,0.0,0.0,0.0,1,-0.5368266925707568,0,1,1,0,0,1,0
0,0.0,0.0,0.0,0.0,0,0.2513788671557577,0,1,1,0,0,0,1
0,0.0,0.0,0.0,0.0,1,-0.5368266925707568,1,0,1,0,0,0,1
0,0.0,0.0,0.0,0.0,1,-0.5368266925707568,0,1,0,1,0,1,0
0,0.0,0.0,0.0,0.0,1,-0.1427239127074995,0,1,1,0,0,1,0
0,0.0,0.0,0.0,0.0,0,0.05432747722412909,0,1,1,0,0,0,1
0,0.0,0.0,0.0,0.0,1,-0.33977530263912814,1,0,1,0,0,0,1
0,0.0,0.0,0.0,0.0,0,-0.1427239127074995,1,0,1,0,0,1,0
0,0.0,0.0,0.0,0.0,0,-0.33977530263912814,0,1,1,0,0,1,0
0,0.0,0.0,0.0,0.0,1,-0.7338780825023853,0,1,1,0,0,1,0
0,0.0,0.0,0.0,0.0,0,-0.7338780825023853,0,1,0,0,1,0,1
0,0.0,0.0,0.0,0.0,1,0.05432747722412909,0,1,0,1,0,0,1
0,0.0,0.0,0.0,0.0,0,-0.33977530263912814,0,1,0,0,1,1,0
0,0.0,0.0,0.0,0.0,0,-0.7338780825023853,0,1,0,0,1,1,0
0,0.843,0.8428959,0.8428959163008507,0.8428959163008507,1,-0.7338780825023853,1,0,0,1,0,0,1
0,0.0,0.0,0.0,0.0,0,-0.5368266925707568,0,1,1,0,0,0,1
0,0.0,0.0,0.0,0.0,1,-0.7338780825023853,1,0,1,0,0,0,1
0,0.0,0.0,0.0,0.0,0,-0.5368266925707568,1,0,1,0,0,1,0
0,0.0,0.0,0.0,0.0,1,-0.7338780825023853,1,0,1,0,0,1,0
0,0.0,0.0,0.0,0.0,1,-0.33977530263912814,0,1,1,0,0,1,0
0,0.0,0.0,0.0,0.0,0,-0.7338780825023853,0,1,1,0,0,0,1
0,0.0,0.0,0.0,0.0,0,-0.33977530263912814,0,1,0,0,1,1,0
0,0.0,0.0,0.0,0.0,0,2.2218927664720436,0,1,0,0,1,1,0
0,0.0,0.0,0.0,0.0,0,-0.5368266925707568,1,0,1,0,0,1,0
0,0.0,0.0,0.0,0.0,0,-0.33977530263912814,0,1,0,1,0,0,1
0,0.0,0.0,0.0,0.0,0,-0.33977530263912814,0,1,0,0,1,1,0
0,0.0,0.0,0.0,0.0,1,-0.5368266925707568,0,1,1,0,0,1,0
0,0.0,0.0,0.0,0.0,1,-0.1427239127074995,0,1,0,0,1,0,1
0,0.802,0.8016291,0.8016291015856118,0.8016291015856118,1,-0.7338780825023853,1,0,0,1,0,0,1
0,0.0,0.0,0.0,0.0,1,-0.7338780825023853,1,0,0,0,1,0,1
0,0.0,0.0,0.0,0.0,1,-0.7338780825023853,1,0,1,0,0,1,0
0,0.0,0.0,0.0,0.0,0,-0.33977530263912814,0,1,1,0,0,1,0
0,0.0,0.0,0.0,0.0,1,-0.7338780825023853,1,0,1,0,0,0,1
0,0.0,0.0,0.0,0.0,0,-0.33977530263912814,0,1,0,0,1,1,0
0,0.0,0.0,0.0,0.0,1,-0.7338780825023853,0,1,1,0,0,1,0
0,0.0,0.0,0.0,0.0,0,-0.33977530263912814,0,1,0,0,1,0,1
0,0.0,0.0,0.0,0.0,0,-0.5368266925707568,1,0,1,0,0,1,0
0,0.0,0.0,0.0,0.0,0,2.418944156403672,0,1,1,0,0,1,0
0,0.0,0.0,0.0,0.0,0,2.0248413765404147,1,0,1,0,0,1,0
0,0.0,0.0,0.0,0.0,0,-0.5368266925707568,0,1,1,0,0,0,1
0,0.0,0.0,0.0,0.0,0,5.7688177852413585,0,1,0,1,0,1,0
0,0.0,0.0,0.0,0.0,0,0.6454816470190149,0,1,0,0,1,1,0
0,0.0,0.0,0.0,0.0,0,-0.33977530263912814,0,1,0,1,0,0,1
0,0.0,0.0,0.0,0.0,1,0.05432747722412909,0,1,0,1,0,1,0
0,0.0,0.0,0.0,0.0,0,-0.5368266925707568,0,1,1,0,0,1,0
0,0.0,0.0,0.0,0.0,0,1.4336872067455293,1,0,0,0,1,0,1
0,0.0,0.0,0.0,0.0,0,-0.7338780825023853,1,0,0,0,1,0,1
0,0.0,0.0,0.0,0.0,1,0.2513788671557577,0,1,0,1,0,0,1
0,0.0,0.0,0.0,0.0,0,-0.5368266925707568,0,1,1,0,0,1,0
0,0.0,0.0,0.0,0.0,1,-0.1427239127074995,0,1,0,1,0,1,0
0,0.0,0.0,0.0,0.0,0,-0.7338780825023853,1,0,1,0,0,0,1
0,0.0,0.0,0.0,0.0,1,-0.5368266925707568,0,1,0,1,0,1,0
0,0.0,0.0,0.0,0.0,0,-0.7338780825023853,0,1,0,0,1,1,0
0,0.0,0.0,0.0,0.0,1,-0.7338780825023853,1,0,1,0,0,0,1
0,0.0,0.0,0.0,0.0,0,-0.5368266925707568,1,0,0,0,1,1,0
0,0.0,0.0,0.0,0.0,0,-0.5368266925707568,0,1,1,0,0,0,1
0,0.816,0.8159985,0.8159984789708665,0.8159984789708665,1,-0.33977530263912814,0,1,0,1,0,1,0
0,0.0,0.0,0.0,0.0,1,-0.33977530263912814,0,1,1,0,0,1,0
0,0.0,0.0,0.0,0.0,1,1.2366358168139007,0,1,1,0,0,1,0
0,0.0,0.0,0.0,0.0,0,0.8425330369506435,0,1,0,1,0,1,0
0,0.0,0.0,0.0,0.0,0,-0.5368266925707568,0,1,1,0,0,0,1
0,0.0,0.0,0.0,0.0,1,-0.7338780825023853,1,0,1,0,0,1,0
0,0.0,0.0,0.0,0.0,0,0.4484302570873863,0,1,1,0,0,1,0
0,0.0,0.0,0.0,0.0,1,-0.7338780825023853,0,1,0,1,0,0,1
0,0.0,0.0,0.0,0.0,0,0.8425330369506435,0,1,1,0,0,1,0
0,0.0,0.0,0.0,0.0,0,-0.5368266925707568,0,1,0,0,1,0,1
0,0.0,0.0,0.0,0.0,0,-0.7338780825023853,0,1,0,0,1,0,1
0,0.0,0.0,0.0,0.0,1,-0.7338780825023853,0,1,1,0,0,1,0
0,0.0,0.0,0.0,0.0,1,-0.7338780825023853,0,1,0,1,0,1,0
0,0.0,0.0,0.0,0.0,1,1.039584426882272,1,0,1,0,0,0,1
0,0.0,0.0,0.0,0.0,0,-0.5368266925707568,1,0,1,0,0,1,0
0,0.0,0.0,0.0,0.0,0,-0.5368266925707568,0,1,1,0,0,0,1
0,0.0,0.0,0.0,0.0,0,0.05432747722412909,0,1,0,1,0,0,1
0,0.0,0.0,0.0,0.0,0,3.4042011060618154,0,1,1,0,0,1,0
0,0.0,0.0,0.0,0.0,1,-0.1427239127074995,0,1,1,0,0,0,1
0,0.0,0.0,0.0,0.0,0,2.2218927664720436,0,1,1,0,0,1,0
0,0.7676,0.76740444,0.7674044165839726,0.7674044165839726,0,-0.7338780825023853,1,0,0,1,0,0,1
0,0.0,0.0,0.0,0.0,0,-0.5368266925707568,0,1,1,0,0,1,0
0,0.0,0.0,0.0,0.0,1,-0.7338780825023853,0,1,1,0,0,1,0
0,0.0,0.0,0.0,0.0,0,1.039584426882272,0,1,1,0,0,1,0
0,0.0,0.0,0.0,0.0,0,1.8277899866087863,0,1,0,1,0,1,0
0,0.0,0.0,0.0,0.0,1,-0.7338780825023853,0,1,1,0,0,1,0
0,0.0,0.0,0.0,0.0,1,0.4484302570873863,1,0,0,1,0,1,0
0,0.0,0.0,0.0,0.0,0,2.8130469362669293,0,1,1,0,0,0,1
0,0.0,0.0,0.0,0.0,0,-0.33977530263912814,0,1,1,0,0,1,0
0,0.0,0.0,0.0,0.0,0,1.2366358168139007,0,1,1,0,0,1,0
0,0.0,0.0,0.0,0.0,1,-0.7338780825023853,0,1,0,1,0,1,0
0,0.0,0.0,0.0,0.0,0,0.4484302570873863,0,1,1,0,0,1,0
0,0.0,0.0,0.0,0.0,0,-0.5368266925707568,0,1,1,0,0,1,0
0,0.0,0.0,0.0,0.0,0,1.4336872067455293,1,0,1,0,0,1,0
0,0.0,0.0,0.0,0.0,1,-0.1427239127074995,0,1,1,0,0,1,0
0,0.0,0.0,0.0,0.0,1,-0.7338780825023853,0,1,1,0,0,0,1
0,0.0,0.0,0.0,0.0,1,-0.5368266925707568,0,1,0,0,1,1,0
0,0.0,0.0,0.0,0.0,0,0.05432747722412909,0,1,1,0,0,1,0
0,0.0,0.0,0.0,0.0,1,-0.33977530263912814,0,1,0,0,1,1,0
0,0.0,0.0,0.0,0.0,1,0.05432747722412909,0,1,0,0,1,0,1
0,0.0,0.0,0.0,0.0,0,-0.5368266925707568,0,1,0,0,1,1,0
0,0.0,0.0,0.0,0.0,1,-0.5368266925707568,0,1,0,0,1,1,0
0,0.0,0.0,0.0,0.0,0,-0.7338780825023853,0,1,0,0,1,0,1
0,0.0,0.0,0.0,0.0,1,-0.7338780825023853,0,1,0,0,1,1,0
0,0.0,0.0,0.0,0.0,0,1.039584426882272,0,1,1,0,0,1,0
0,0.0,0.0,0.0,0.0,0,1.039584426882272,1,0,1,0,0,0,1
0,0.0,0.0,0.0,0.0,1,-0.5368266925707568,1,0,0,1,0,0,1
0,0.8267,0.82674634,0.8267463724926178,0.8267463724926178,1,-0.7338780825023853,1,0,0,1,0,0,1
0,0.0,0.0,0.0,0.0,0,-0.7338780825023853,0,1,1,0,0,1,0
0,0.0,0.0,0.0,0.0,0,3.4042011060618154,0,1,1,0,0,0,1
0,0.0,0.0,0.0,0.0,0,2.615995546335301,0,1,0,1,0,1,0
0,0.0,0.0,0.0,0.0,0,-0.5368266925707568,0,1,1,0,0,1,0
0,0.0,0.0,0.0,0.0,0,0.05432747722412909,0,1,1,0,0,1,0
0,0.0,0.0,0.0,0.0,1,-0.5368266925707568,0,1,1,0,0,0,1
0,0.0,0.0,0.0,0.0,1,-0.33977530263912814,0,1,1,0,0,0,1
0,0.0,0.0,0.0,0.0,1,-0.5368266925707568,1,0,1,0,0,0,1
0,0.0,0.0,0.0,0.0,0,-0.7338780825023853,0,1,0,1,0,1,0
0,0.0,0.0,0.0,0.0,1,-0.7338780825023853,1,0,1,0,0,0,1
0,0.0,0.0,0.0,0.0,1,-0.5368266925707568,0,1,0,1,0,0,1
0,0.0,0.0,0.0,0.0,1,-0.1427239127074995,0,1,0,1,0,1,0
0,0.0,0.0,0.0,0.0,1,-0.33977530263912814,0,1,1,0,0,1,0
0,0.0,0.0,0.0,0.0,1,-0.5368266925707568,0,1,0,0,1,1,0
0,0.0,0.0,0.0,0.0,1,-0.33977530263912814,0,1,1,0,0,1,0
0,0.0,0.0,0.0,0.0,0,3.6012524959934438,0,1,0,1,0,0,1
0,0.0,0.0,0.0,0.0,0,3.798303885925072,0,1,1,0,0,1,0
0,0.0,0.0,0.0,0.0,1,-0.7338780825023853,0,1,1,0,0,0,1
0,0.0,0.0,0.0,0.0,1,2.0248413765404147,1,0,1,0,0,1,0
0,0.0,0.0,0.0,0.0,0,0.6454816470190149,0,1,0,1,0,0,1
0,0.0,0.0,0.0,0.0,0,1.6307385966771577,1,0,1,0,0,0,1
0,0.0,0.0,0.0,0.0,1,-0.7338780825023853,0,1,0,1,0,0,1
0,0.0,0.0,0.0,0.0,0,-0.33977530263912814,0,1,0,1,0,0,1
0,0.0,0.0,0.0,0.0,1,0.2513788671557577,0,1,0,0,1,0,1
0,0.0,0.0,0.0,0.0,0,2.2218927664720436,0,1,1,0,0,1,0
0,0.0,0.0,0.0,0.0,0,1.2366358168139007,0,1,1,0,0,1,0
0,0.0,0.0,0.0,0.0,0,1.2366358168139007,0,1,1,0,0,1,0
0,0.0,0.0,0.0,0.0,0,1.6307385966771577,0,1,0,0,1,0,1
0,0.0,0.0,0.0,0.0,0,0.05432747722412909,0,1,1,0,0,1,0
0,0.0,0.0,0.0,0.0,1,-0.7338780825023853,1,0,1,0,0,1,0
0,0.0,0.0,0.0,0.0,0,-0.7338780825023853,1,0,0,0,1,1,0
0,0.0,0.0,0.0,0.0,1,-0.1427239127074995,0,1,0,1,0,1,0
0,0.0,0.0,0.0,0.0,1,-0.5368266925707568,0,1,0,1,0,0,1
0,0.0,0.0,0.0,0.0,1,-0.5368266925707568,0,1,1,0,0,1,0
0,0.0,0.0,0.0,0.0,1,0.05432747722412909,0,1,0,0,1,1,0
0,0.0,0.0,0.0,0.0,0,-0.5368266925707568,1,0,1,0,0,1,0
0,0.0,0.0,0.0,0.0,1,-0.5368266925707568,0,1,0,1,0,1,0
0,0.0,0.0,0.0,0.0,0,0.6454816470190149,0,1,1,0,0,1,0
0,0.0,0.0,0.0,0.0,0,-0.7338780825023853,0,1,1,0,0,1,0
0,0.0,0.0,0.0,0.0,0,0.05432747722412909,0,1,1,0,0,1,0
0,0.0,0.0,0.0,0.0,0,-0.7338780825023853,1,0,0,0,1,0,1
0,0.0,0.0,0.0,0.0,0,0.8425330369506435,0,1,0,1,0,1,0
0,0.0,0.0,0.0,0.0,0,-0.5368266925707568,0,1,1,0,0,0,1
0,0.0,0.0,0.0,0.0,0,0.05432747722412909,0,1,1,0,0,1,0
0,0.0,0.0,0.0,0.0,0,1.039584426882272,0,1,1,0,0,1,0
0,0.0,0.0,0.0,0.0,0,0.4484302570873863,0,1,0,1,0,1,0
0,0.0,0.0,0.0,0.0,1,1.039584426882272,0,1,0,1,0,1,0
0,0.0,0.0,0.0,0.0,0,1.8277899866087863,0,1,1,0,0,0,1
0,0.0,0.0,0.0,0.0,0,-0.7338780825023853,0,1,0,0,1,1,0
0,0.0,0.0,0.0,0.0,0,-0.7338780825023853,0,1,1,0,0,1,0
0,0.0,0.0,0.0,0.0,0,0.05432747722412909,1,0,1,0,0,1,0
0,0.0,0.0,0.0,0.0,0,0.05432747722412909,0,1,1,0,0,0,1
0,0.0,0.0,0.0,0.0,0,0.2513788671557577,1,0,1,0,0,0,1
0,0.0,0.0,0.0,0.0,1,0.4484302570873863,0,1,1,0,0,0,1
0,0.0,0.0,0.0,0.0,1,-0.5368266925707568,0,1,0,1,0,1,0
0,0.0,0.0,0.0,0.0,0,-0.1427239127074995,0,1,0,0,1,1,0
0,0.0,0.0,0.0,0.0,1,-0.33977530263912814,0,1,0,1,0,0,1
0,0.0,0.0,0.0,0.0,0,0.6454816470190149,0,1,1,0,0,1,0
0,0.0,0.0,0.0,0.0,0,-0.7338780825023853,0,1,0,1,0,1,0
0,0.816,0.8159985,0.8159984789708665,0.8159984789708665,0,-0.33977530263912814,0,1,0,1,0,1,0
0,0.0,0.0,0.0,0.0,0,-0.7338780825023853,0,1,1,0,0,1,0
0,0.0,0.0,0.0,0.0,0,1.8277899866087863,0,1,1,0,0,1,0
0,0.0,0.0,0.0,0.0,1,-0.33977530263912814,1,0,1,0,0,1,0
0,0.0,0.0,0.0,0.0,0,-0.5368266925707568,0,1,0,0,1,1,0
0,0.0,0.0,0.0,0.0,0,0.05432747722412909,0,1,0,1,0,1,0
0,0.0,0.0,0.0,0.0,0,-0.7338780825023853,1,0,0,0,1,1,0
0,0.0,0.0,0.0,0.0,0,2.418944156403672,0,1,0,1,0,0,1
0,0.0,0.0,0.0,0.0,0,0.8425330369506435,0,1,0,1,0,1,0
0,0.0,0.0,0.0,0.0,0,0.05432747722412909,0,1,1,0,0,1,0
0,0.0,0.0,0.0,0.0,0,0.2513788671557577,0,1,1,0,0,0,1
0,0.0,0.0,0.0,0.0,0,2.418944156403672,0,1,1,0,0,0,1
0,0.0,0.0,0.0,0.0,1,-0.7338780825023853,0,1,0,0,1,1,0
0,0.0,0.0,0.0,0.0,1,-0.5368266925707568,0,1,1,0,0,1,0
0,0.0,0.0,0.0,0.0,1,-0.33977530263912814,1,0,1,0,0,1,0
0,0.0,0.0,0.0,0.0,1,-0.7338780825023853,0,1,0,0,1,1,0
0,0.0,0.0,0.0,0.0,0,-0.1427239127074995,0,1,0,0,1,1,0
0,0.0,0.0,0.0,0.0,1,0.4484302570873863,1,0,0,1,0,1,0
0,0.0,0.0,0.0,0.0,0,-0.7338780825023853,1,0,0,1,0,1,0
0,0.0,0.0,0.0,0.0,0,0.2513788671557577,1,0,1,0,0,1,0
0,0.0,0.0,0.0,0.0,1,-0.7338780825023853,0,1,1,0,0,0,1
0,0.0,0.0,0.0,0.0,0,0.05432747722412909,0,1,1,0,0,0,1
0,0.0,0.0,0.0,0.0,0,0.05432747722412909,0,1,1,0,0,1,0
0,0.0,0.0,0.0,0.0,0,0.2513788671557577,0,1,1,0,0,1,0
0,0.0,0.0,0.0,0.0,0,-0.7338780825023853,1,0,1,0,0,0,1
0,0.0,0.0,0.0,0.0,0,-0.7338780825023853,1,0,1,0,0,0,1
0,0.0,0.0,0.0,0.0,0,-0.1427239127074995,0,1,1,0,0,0,1
0,0.0,0.0,0.0,0.0,0,-0.7338780825023853,0,1,1,0,0,0,1
0,0.0,0.0,0.0,0.0,0,-0.5368266925707568,0,1,0,0,1,1,0
0,0.0,0.0,0.0,0.0,1,1.039584426882272,0,1,1,0,0,1,0
0,0.0,0.0,0.0,0.0,0,-0.7338780825023853,0,1,0,1,0,0,1
0,0.0,0.0,0.0,0.0,0,-0.1427239127074995,0,1,1,0,0,1,0
0,0.0,0.0,0.0,0.0,0,3.010098326198558,0,1,1,0,0,1,0
0,0.0,0.0,0.0,0.0,0,0.6454816470190149,0,1,0,1,0,1,0
0,0.0,0.0,0.0,0.0,1,-0.33977530263912814,1,0,0,0,1,1,0
0,0.0,0.0,0.0,0.0,1,-0.1427239127074995,0,1,1,0,0,1,0
0,0.0,0.0,0.0,0.0,0,0.05432747722412909,0,1,0,1,0,0,1
0,0.0,0.0,0.0,0.0,1,-0.7338780825023853,0,1,1,0,0,1,0
0,0.0,0.0,0.0,0.0,1,-0.5368266925707568,0,1,0,0,1,1,0
0,0.0,0.0,0.0,0.0,0,-0.5368266925707568,0,1,1,0,0,1,0
0,0.0,0.0,0.0,0.0,0,-0.33977530263912814,0,1,1,0,0,1,0
0,0.0,0.0,0.0,0.0,0,1.039584426882272,0,1,1,0,0,1,0
0,0.0,0.0,0.0,0.0,0,0.4484302570873863,1,0,1,0,0,1,0
0,0.0,0.0,0.0,0.0,1,0.05432747722412909,0,1,1,0,0,1,0
0,0.0,0.0,0.0,0.0,0,0.05432747722412909,0,1,0,1,0,0,1
0,0.0,0.0,0.0,0.0,0,2.0248413765404147,0,1,1,0,0,1,0
0,0.0,0.0,0.0,0.0,0,-0.5368266925707568,0,1,1,0,0,1,0
0,0.0,0.0,0.0,0.0,0,0.4484302570873863,0,1,1,0,0,1,0
0,0.0,0.0,0.0,0.0,1,-0.7338780825023853,0,1,1,0,0,1,0
0,0.0,0.0,0.0,0.0,1,-0.7338780825023853,1,0,0,0,1,0,1
0,0.0,0.0,0.0,0.0,1,-0.7338780825023853,0,1,1,0,0,0,1
0,0.0,0.0,0.0,0.0,1,-0.5368266925707568,0,1,0,0,1,1,0
0,0.0,0.0,0.0,0.0,0,-0.7338780825023853,0,1,0,0,1,1,0
0,0.0,0.0,0.0,0.0,1,-0.33977530263912814,1,0,1,0,0,1,0
0,0.0,0.0,0.0,0.0,0,-0.5368266925707568,0,1,0,0,1,0,1
0,0.0,0.0,0.0,0.0,0,-0.33977530263912814,0,1,0,0,1,0,1
0,0.0,0.0,0.0,0.0,0,-0.33977530263912814,0,1,1,0,0,1,0
0,0.0,0.0,0.0,0.0,0,-0.5368266925707568,0,1,0,0,1,1,0
0,0.0,0.0,0.0,0.0,0,-0.5368266925707568,0,1,0,0,1,1,0
0,0.0,0.0,0.0,0.0,0,0.2513788671557577,0,1,1,0,0,0,1
0,0.0,0.0,0.0,0.0,0,-0.33977530263912814,0,1,1,0,0,0,1
0,0.0,0.0,0.0,0.0,0,-0.5368266925707568,0,1,1,0,0,1,0
0,0.0,0.0,0.0,0.0,0,-0.7338780825023853,0,1,1,0,0,1,0
0,0.0,0.0,0.0,0.0,1,-0.7338780825023853,0,1,0,1,0,0,1
0,0.0,0.0,0.0,0.0,0,1.8277899866087863,0,1,1,0,0,1,0
0,0.0,0.0,0.0,0.0,1,-0.1427239127074995,0,1,1,0,0,1,0
0,0.0,0.0,0.0,0.0,0,0.8425330369506435,0,1,1,0,0,0,1
0,0.0,0.0,0.0,0.0,0,-0.1427239127074995,0,1,1,0,0,0,1
0,0.0,0.0,0.0,0.0,1,0.2513788671557577,0,1,0,1,0,1,0
0,0.0,0.0,0.0,0.0,1,-0.5368266925707568,0,1,1,0,0,1,0
0,0.0,0.0,0.0,0.0,0,1.039584426882272,0,1,1,0,0,1,0
0,0.0,0.0,0.0,0.0,1,0.6454816470190149,1,0,0,1,0,0,1
0,0.0,0.0,0.0,0.0,0,-0.1427239127074995,0,1,1,0,0,1,0
0,0.0,0.0,0.0,0.0,0,-0.5368266925707568,0,1,1,0,0,1,0
0,0.0,0.0,0.0,0.0,0,-0.5368266925707568,0,1,1,0,0,0,1
0,0.0,0.0,0.0,0.0,0,-0.5368266925707568,0,1,1,0,0,0,1
0,0.0,0.0,0.0,0.0,0,0.2513788671557577,0,1,1,0,0,1,0
0,0.0,0.0,0.0,0.0,0,-0.1427239127074995,0,1,1,0,0,0,1
0,0.0,0.0,0.0,0.0,0,-0.7338780825023853,1,0,0,0,1,1,0
0,0.0,0.0,0.0,0.0,0,-0.7338780825023853,0,1,0,0,1,0,1
0,0.0,0.0,0.0,0.0,1,-0.7338780825023853,0,1,1,0,0,1,0
0,0.0,0.0,0.0,0.0,0,-0.7338780825023853,0,1,1,0,0,0,1
0,0.0,0.0,0.0,0.0,0,0.4484302570873863,0,1,0,1,0,0,1
0,0.0,0.0,0.0,0.0,1,-0.7338780825023853,0,1,0,1,0,1,0
0,0.0,0.0,0.0,0.0,0,0.4484302570873863,0,1,0,0,1,1,0
0,0.0,0.0,0.0,0.0,1,-0.1427239127074995,0,1,1,0,0,1,0
0,0.0,0.0,0.0,0.0,0,-0.1427239127074995,0,1,0,1,0,1,0
0,0.0,0.0,0.0,0.0,0,0.2513788671557577,0,1,1,0,0,1,0
0,0.0,0.0,0.0,0.0,0,-0.5368266925707568,0,1,0,0,1,1,0
0,0.0,0.0,0.0,0.0,0,3.6012524959934438,0,1,1,0,0,1,0
0,0.0,0.0,0.0,0.0,0,0.4484302570873863,0,1,1,0,0,1,0
0,0.0,0.0,0.0,0.0,1,-0.7338780825023853,0,1,0,0,1,0,1
0,0.0,0.0,0.0,0.0,0,-0.33977530263912814,0,1,0,1,0,0,1
0,0.0,0.0,0.0,0.0,0,0.05432747722412909,0,1,1,0,0,1,0
0,0.0,0.0,0.0,0.0,1,-0.1427239127074995,0,1,1,0,0,1,0
0,0.0,0.0,0.0,0.0,1,-0.5368266925707568,1,0,1,0,0,1,0
0,0.0,0.0,0.0,0.0,0,-0.7338780825023853,0,1,0,0,1,1,0
0,0.802,0.8016291,0.8016291015856118,0.8016291015856118,1,-0.7338780825023853,1,0,0,1,0,0,1
0,0.0,0.0,0.0,0.0,0,2.8130469362669293,0,1,1,0,0,0,1
0,0.0,0.0,0.0,0.0,0,0.8425330369506435,0,1,1,0,0,1,0
0,0.0,0.0,0.0,0.0,0,0.6454816470190149,0,1,1,0,0,1,0
0,0.0,0.0,0.0,0.0,0,-0.1427239127074995,0,1,1,0,0,0,1
0,0.0,0.0,0.0,0.0,0,-0.7338780825023853,0,1,1,0,0,0,1
0,0.0,0.0,0.0,0.0,0,-0.5368266925707568,0,1,0,0,1,0,1
0,0.0,0.0,0.0,0.0,0,-0.7338780825023853,1,0,0,0,1,0,1
0,0.0,0.0,0.0,0.0,0,-0.5368266925707568,0,1,1,0,0,0,1
0,0.0,0.0,0.0,0.0,1,4.389458055719958,0,1,0,1,0,1,0
0,0.0,0.0,0.0,0.0,0,3.010098326198558,0,1,1,0,0,1,0
0,0.0,0.0,0.0,0.0,0,-0.33977530263912814,1,0,1,0,0,1,0
0,0.0,0.0,0.0,0.0,1,-0.7338780825023853,0,1,0,1,0,1,0
0,0.0,0.0,0.0,0.0,0,0.4484302570873863,0,1,1,0,0,1,0
0,0.0,0.0,0.0,0.0,0,1.039584426882272,0,1,0,1,0,0,1
0,0.0,0.0,0.0,0.0,1,-0.5368266925707568,0,1,1,0,0,0,1
0,0.0,0.0,0.0,0.0,0,1.2366358168139007,0,1,1,0,0,1,0
0,0.0,0.0,0.0,0.0,1,1.039584426882272,1,0,1,0,0,0,1
0,0.0,0.0,0.0,0.0,0,-0.7338780825023853,0,1,0,1,0,1,0
0,0.0,0.0,0.0,0.0,0,0.2513788671557577,0,1,1,0,0,0,1
0,0.0,0.0,0.0,0.0,1,-0.7338780825023853,0,1,0,0,1,1,0
0,0.0,0.0,0.0,0.0,0,0.8425330369506435,0,1,1,0,0,0,1
0,0.0,0.0,0.0,0.0,0,-0.5368266925707568,0,1,1,0,0,1,0
0,0.0,0.0,0.0,0.0,0,-0.33977530263912814,0,1,1,0,0,1,0
0,0.0,0.0,0.0,0.0,0,1.8277899866087863,0,1,1,0,0,0,1
0,0.0,0.0,0.0,0.0,0,0.8425330369506435,0,1,1,0,0,1,0
0,0.0,0.0,0.0,0.0,0,1.2366358168139007,0,1,0,1,0,1,0
0,0.0,0.0,0.0,0.0,1,-0.5368266925707568,1,0,1,0,0,0,1
0,0.0,0.0,0.0,0.0,1,-0.5368266925707568,0,1,0,1,0,0,1
0,0.0,0.0,0.0,0.0,1,-0.7338780825023853,0,1,1,0,0,1,0
0,0.0,0.0,0.0,0.0,1,-0.33977530263912814,0,1,0,0,1,1,0
0,0.0,0.0,0.0,0.0,0,0.4484302570873863,0,1,1,0,0,1,0
0,0.0,0.0,0.0,0.0,1,0.6454816470190149,1,0,1,0,0,1,0
0,0.0,0.0,0.0,0.0,1,-0.1427239127074995,0,1,0,0,1,0,1
0,0.0,0.0,0.0,0.0,1,-0.7338780825023853,0,1,1,0,0,0,1
0,0.0,0.0,0.0,0.0,0,-0.5368266925707568,0,1,0,0,1,1,0
0,0.0,0.0,0.0,0.0,0,0.8425330369506435,0,1,1,0,0,0,1
0,0.0,0.0,0.0,0.0,0,0.8425330369506435,0,1,0,1,0,1,0
0,0.0,0.0,0.0,0.0,0,-0.33977530263912814,0,1,0,0,1,0,1
0,0.0,0.0,0.0,0.0,0,-0.7338780825023853,0,1,0,0,1,0,1
0,0.0,0.0,0.0,0.0,1,0.2513788671557577,0,1,0,1,0,0,1
0,0.0,0.0,0.0,0.0,1,1.8277899866087863,0,1,0,1,0,1,0
0,0.0,0.0,0.0,0.0,1,0.2513788671557577,0,1,1,0,0,0,1
0,0.0,0.0,0.0,0.0,1,-0.7338780825023853,1,0,0,0,1,0,1
0,0.0,0.0,0.0,0.0,0,0.2513788671557577,1,0,1,0,0,1,0
0,0.0,0.0,0.0,0.0,0,-0.5368266925707568,0,1,0,0,1,1,0
0,0.0,0.0,0.0,0.0,0,-0.7338780825023853,1,0,0,0,1,0,1
0,0.0,0.0,0.0,0.0,0,0.6454816470190149,0,1,1,0,0,1,0
0,0.0,0.0,0.0,0.0,0,0.2513788671557577,0,1,1,0,0,1,0
0,0.0,0.0,0.0,0.0,1,-0.1427239127074995,1,0,1,0,0,1,0
0,0.0,0.0,0.0,0.0,1,0.6454816470190149,0,1,1,0,0,0,1
0,0.0,0.0,0.0,0.0,0,3.798303885925072,0,1,1,0,0,1,0
0,0.0,0.0,0.0,0.0,1,0.8425330369506435,0,1,1,0,0,1,0
0,0.0,0.0,0.0,0.0,0,0.2513788671557577,0,1,1,0,0,1,0
0,0.0,0.0,0.0,0.0,1,-0.33977530263912814,0,1,1,0,0,1,0
0,0.0,0.0,0.0,0.0,1,-0.5368266925707568,1,0,1,0,0,1,0
0,0.0,0.0,0.0,0.0,1,-0.7338780825023853,0,1,1,0,0,0,1
0,0.0,0.0,0.0,0.0,1,0.05432747722412909,0,1,1,0,0,1,0
0,0.0,0.0,0.0,0.0,1,-0.5368266925707568,0,1,1,0,0,1,0
0,0.0,0.0,0.0,0.0,0,-0.7338780825023853,0,1,1,0,0,1,0
0,0.0,0.0,0.0,0.0,1,0.4484302570873863,0,1,0,0,1,1,0
0,0.0,0.0,0.0,0.0,1,-0.5368266925707568,0,1,1,0,0,1,0
0,0.0,0.0,0.0,0.0,1,-0.33977530263912814,0,1,1,0,0,1,0
0,0.0,0.0,0.0,0.0,0,2.418944156403672,0,1,1,0,0,0,1
0,0.0,0.0,0.0,0.0,0,-0.5368266925707568,0,1,1,0,0,0,1
0,0.0,0.0,0.0,0.0,1,-0.33977530263912814,0,1,1,0,0,1,0
0,0.0,0.0,0.0,0.0,0,-0.7338780825023853,0,1,0,0,1,0,1
0,0.0,0.0,0.0,0.0,1,-0.5368266925707568,0,1,0,1,0,1,0
0,0.0,0.0,0.0,0.0,0,-0.5368266925707568,0,1,0,0,1,1,0
0,0.0,0.0,0.0,0.0,1,-0.5368266925707568,0,1,1,0,0,0,1
0,0.0,0.0,0.0,0.0,1,-0.1427239127074995,1,0,1,0,0,1,0
0,0.0,0.0,0.0,0.0,1,-0.33977530263912814,0,1,0,1,0,0,1
0,0.0,0.0,0.0,0.0,0,-0.7338780825023853,0,1,0,0,1,1,0
0,0.0,0.0,0.0,0.0,1,-0.5368266925707568,0,1,1,0,0,1,0
0,0.0,0.0,0.0,0.0,1,-0.7338780825023853,0,1,1,0,0,1,0
0,0.0,0.0,0.0,0.0,1,0.4484302570873863,0,1,1,0,0,1,0
0,0.0,0.0,0.0,0.0,1,-0.5368266925707568,0,1,0,0,1,1,0
0,0.0,0.0,0.0,0.0,0,0.8425330369506435,0,1,0,1,0,1,0
0,0.0,0.0,0.0,0.0,1,-0.7338780825023853,0,1,1,0,0,0,1
0,0.0,0.0,0.0,0.0,1,-0.5368266925707568,1,0,0,1,0,0,1
0,0.0,0.0,0.0,0.0,0,-0.7338780825023853,0,1,1,0,0,1,0
0,0.0,0.0,0.0,0.0,0,0.2513788671557577,0,1,0,1,0,1,0
0,0.0,0.0,0.0,0.0,1,-0.7338780825023853,1,0,1,0,0,0,1
0,0.0,0.0,0.0,0.0,1,-0.33977530263912814,0,1,1,0,0,0,1
0,0.0,0.0,0.0,0.0,0,-0.7338780825023853,0,1,0,0,1,1,0
0,0.0,0.0,0.0,0.0,0,3.4042011060618154,0,1,1,0,0,1,0
0,0.0,0.0,0.0,0.0,0,2.0248413765404147,1,0,1,0,0,1,0
0,0.0,0.0,0.0,0.0,0,0.05432747722412909,0,1,1,0,0,1,0
0,0.0,0.0,0.0,0.0,0,-0.5368266925707568,0,1,0,0,1,0,1
0,0.0,0.0,0.0,0.0,0,-0.5368266925707568,0,1,0,0,1,1,0
0,0.0,0.0,0.0,0.0,0,-0.1427239127074995,0,1,0,1,0,1,0
0,0.0,0.0,0.0,0.0,0,0.05432747722412909,0,1,1,0,0,0,1
0,0.0,0.0,0.0,0.0,0,-0.7338780825023853,0,1,1,0,0,1,0
0,0.0,0.0,0.0,0.0,0,-0.7338780825023853,1,0,1,0,0,1,0
0,0.0,0.0,0.0,0.0,1,-0.1427239127074995,0,1,0,1,0,1,0
0,0.0,0.0,0.0,0.0,1,-0.33977530263912814,0,1,1,0,0,1,0
0,0.0,0.0,0.0,0.0,1,-0.5368266925707568,0,1,1,0,0,1,0
0,0.0,0.0,0.0,0.0,0,0.4484302570873863,0,1,1,0,0,0,1
0,0.0,0.0,0.0,0.0,0,0.2513788671557577,0,1,1,0,0,0,1
0,0.0,0.0,0.0,0.0,0,-0.1427239127074995,0,1,0,0,1,1,0
0,0.0,0.0,0.0,0.0,0,-0.5368266925707568,1,0,1,0,0,1,0
0,0.0,0.0,0.0,0.0,0,-0.7338780825023853,0,1,0,0,1,1,0
0,0.0,0.0,0.0,0.0,1,-0.33977530263912814,0,1,1,0,0,1,0
0,0.0,0.0,0.0,0.0,1,-0.7338780825023853,0,1,1,0,0,1,0
0,0.0,0.0,0.0,0.0,0,-0.5368266925707568,0,1,0,1,0,1,0
0,0.0,0.0,0.0,0.0,1,-0.7338780825023853,1,0,1,0,0,0,1
0,0.0,0.0,0.0,0.0,0,-0.7338780825023853,0,1,1,0,0,0,1
0,0.0,0.0,0.0,0.0,0,-0.7338780825023853,0,1,1,0,0,0,1
0,0.0,0.0,0.0,0.0,0,-0.5368266925707568,0,1,0,0,1,1,0
0,0.0,0.0,0.0,0.0,0,3.6012524959934438,0,1,0,1,0,1,0
0,0.0,0.0,0.0,0.0,1,-0.7338780825023853,1,0,1,0,0,1,0
0,0.0,0.0,0.0,0.0,1,-0.1427239127074995,0,1,1,0,0,0,1
0,0.0,0.0,0.0,0.0,1,-0.33977530263912814,0,1,0,1,0,0,1
0,0.0,0.0,0.0,0.0,1,-0.33977530263912814,1,0,1,0,0,1,0
0,0.0,0.0,0.0,0.0,0,0.05432747722412909,1,0,1,0,0,1,0
0,0.0,0.0,0.0,0.0,0,-0.33977530263912814,0,1,1,0,0,1,0
0,0.0,0.0,0.0,0.0,0,-0.5368266925707568,0,1,0,1,0,1,0
0,0.0,0.0,0.0,0.0,0,-0.7338780825023853,1,0,0,0,1,0,1
0,0.0,0.0,0.0,0.0,0,-0.7338780825023853,0,1,0,0,1,1,0
0,0.0,0.0,0.0,0.0,1,-0.1427239127074995,0,1,0,1,0,0,1
0,0.0,0.0,0.0,0.0,0,-0.7338780825023853,0,1,0,1,0,0,1
0,0.0,0.0,0.0,0.0,0,-0.5368266925707568,1,0,1,0,0,1,0
0,0.0,0.0,0.0,0.0,0,1.6307385966771577,0,1,1,0,0,1,0
0,0.0,0.0,0.0,0.0,0,0.6454816470190149,0,1,1,0,0,1,0
0,0.0,0.0,0.0,0.0,0,1.6307385966771577,1,0,1,0,0,1,0
0,0.0,0.0,0.0,0.0,0,-0.7338780825023853,0,1,1,0,0,0,1
0,0.0,0.0,0.0,0.0,1,-0.7338780825023853,0,1,0,1,0,0,1
0,0.0,0.0,0.0,0.0,1,-0.7338780825023853,0,1,1,0,0,0,1
0,0.0,0.0,0.0,0.0,0,1.039584426882272,0,1,1,0,0,1,0
0,0.0,0.0,0.0,0.0,1,-0.7338780825023853,0,1,1,0,0,0,1
0,0.0,0.0,0.0,0.0,0,-0.5368266925707568,0,1,1,0,0,0,1
0,0.0,0.0,0.0,0.0,1,-0.7338780825023853,0,1,0,0,1,0,1
0,0.0,0.0,0.0,0.0,0,-0.1427239127074995,0,1,1,0,0,1,0
0,0.0,0.0,0.0,0.0,0,0.2513788671557577,0,1,1,0,0,1,0
0,0.0,0.0,0.0,0.0,1,-0.5368266925707568,0,1,1,0,0,1,0
0,0.0,0.0,0.0,0.0,0,1.2366358168139007,0,1,1,0,0,0,1
0,0.0,0.0,0.0,0.0,0,-0.7338780825023853,1,0,1,0,0,1,0
0,0.0,0.0,0.0,0.0,1,-0.7338780825023853,0,1,1,0,0,0,1
0,0.0,0.0,0.0,0.0,0,0.6454816470190149,1,0,1,0,0,1,0
0,0.0,0.0,0.0,0.0,0,-0.7338780825023853,0,1,0,0,1,1,0
0,0.0,0.0,0.0,0.0,0,1.4336872067455293,0,1,1,0,0,1,0
0,0.0,0.0,0.0,0.0,1,2.8130469362669293,0,1,1,0,0,1,0
0,0.0,0.0,0.0,0.0,1,-0.5368266925707568,0,1,0,0,1,1,0
0,0.0,0.0,0.0,0.0,0,2.0248413765404147,0,1,0,1,0,0,1
0,0.0,0.0,0.0,0.0,1,0.6454816470190149,0,1,0,1,0,1,0
0,0.0,0.0,0.0,0.0,0,4.192406665788329,0,1,0,1,0,1,0
0,0.811,0.8112781,0.8112781244591328,0.8112781244591328,1,-0.33977530263912814,0,1,0,1,0,1,0
0,0.0,0.0,0.0,0.0,0,0.05432747722412909,0,1,0,1,0,1,0
0,0.0,0.0,0.0,0.0,0,-0.1427239127074995,0,1,0,0,1,1,0
0,0.0,0.0,0.0,0.0,0,-0.5368266925707568,0,1,0,0,1,1,0
0,0.0,0.0,0.0,0.0,0,2.2218927664720436,0,1,1,0,0,1,0
0,0.0,0.0,0.0,0.0,1,0.8425330369506435,0,1,1,0,0,0,1
0,0.0,0.0,0.0,0.0,0,-0.5368266925707568,0,1,1,0,0,1,0
0,0.0,0.0,0.0,0.0,0,-0.7338780825023853,0,1,1,0,0,0,1
0,0.0,0.0,0.0,0.0,1,0.05432747722412909,0,1,0,1,0,0,1
0,0.0,0.0,0.0,0.0,0,-0.5368266925707568,0,1,0,1,0,0,1
0,0.0,0.0,0.0,0.0,1,-0.33977530263912814,0,1,1,0,0,1,0
0,0.0,0.0,0.0,0.0,0,-0.5368266925707568,0,1,1,0,0,1,0
0,0.0,0.0,0.0,0.0,0,3.995355275856701,0,1,1,0,0,1,0
0,0.0,0.0,0.0,0.0,1,-0.7338780825023853,0,1,0,0,1,0,1
0,0.0,0.0,0.0,0.0,1,0.05432747722412909,0,1,0,0,1,0,1
0,0.0,0.0,0.0,0.0,1,-0.33977530263912814,0,1,1,0,0,1,0
0,0.821,0.8206501,0.8206501291977117,0.8206501291977117,1,-0.33977530263912814,0,1,0,1,0,1,0
0,0.0,0.0,0.0,0.0,0,-0.5368266925707568,1,0,0,0,1,1,0
0,0.0,0.0,0.0,0.0,1,-0.33977530263912814,0,1,0,0,1,1,0
0,0.0,0.0,0.0,0.0,0,-0.1427239127074995,1,0,1,0,0,0,1
0,0.0,0.0,0.0,0.0,0,-0.33977530263912814,0,1,1,0,0,1,0
0,0.0,0.0,0.0,0.0,0,-0.1427239127074995,0,1,0,0,1,1,0
0,0.0,0.0,0.0,0.0,0,-0.7338780825023853,0,1,1,0,0,0,1
0,0.0,0.0,0.0,0.0,0,-0.5368266925707568,1,0,0,1,0,0,1
0,0.0,0.0,0.0,0.0,0,-0.5368266925707568,0,1,1,0,0,1,0
0,0.0,0.0,0.0,0.0,1,0.2513788671557577,0,1,0,0,1,0,1
0,0.0,0.0,0.0,0.0,0,-0.7338780825023853,0,1,0,0,1,1,0
0,0.0,0.0,0.0,0.0,0,-0.33977530263912814,0,1,1,0,0,1,0
0,0.0,0.0,0.0,0.0,0,0.2513788671557577,1,0,0,1,0,1,0
0,0.8296,0.8297494,0.8297494277867028,0.8297494277867028,0,-0.33977530263912814,0,1,0,1,0,1,0
0,0.0,0.0,0.0,0.0,1,-0.7338780825023853,0,1,0,0,1,1,0
0,0.0,0.0,0.0,0.0,0,0.8425330369506435,0,1,0,1,0,0,1
0,0.0,0.0,0.0,0.0,0,0.6454816470190149,0,1,1,0,0,0,1
0,0.0,0.0,0.0,0.0,1,-0.7338780825023853,1,0,1,0,0,0,1
0,0.0,0.0,0.0,0.0,1,0.8425330369506435,0,1,0,0,1,1,0
0,0.0,0.0,0.0,0.0,1,-0.5368266925707568,1,0,1,0,0,0,1
0,0.0,0.0,0.0,0.0,0,-0.7338780825023853,0,1,0,0,1,1,0
0,0.0,0.0,0.0,0.0,0,0.6454816470190149,0,1,1,0,0,1,0
0,0.0,0.0,0.0,0.0,0,-0.33977530263912814,0,1,1,0,0,1,0
0,0.0,0.0,0.0,0.0,1,-0.7338780825023853,1,0,1,0,0,1,0
0,0.0,0.0,0.0,0.0,1,-0.5368266925707568,0,1,0,1,0,1,0
0,0.0,0.0,0.0,0.0,0,-0.5368266925707568,0,1,0,0,1,0,1
0,0.0,0.0,0.0,0.0,0,-0.5368266925707568,0,1,1,0,0,0,1
0,0.0,0.0,0.0,0.0,0,-0.7338780825023853,0,1,1,0,0,1,0
0,0.0,0.0,0.0,0.0,1,-0.5368266925707568,0,1,0,1,0,1,0
0,0.0,0.0,0.0,0.0,1,-0.7338780825023853,0,1,0,0,1,0,1
0,0.0,0.0,0.0,0.0,1,-0.5368266925707568,0,1,1,0,0,1,0
0,0.0,0.0,0.0,0.0,1,0.4484302570873863,0,1,1,0,0,1,0
0,0.0,0.0,0.0,0.0,0,-0.5368266925707568,0,1,0,0,1,1,0
0,0.0,0.0,0.0,0.0,1,-0.5368266925707568,0,1,0,0,1,0,1
0,0.0,0.0,0.0,0.0,0,-0.1427239127074995,1,0,1,0,0,1,0
0,0.0,0.0,0.0,0.0,1,0.6454816470190149,0,1,1,0,0,0,1
0,0.0,0.0,0.0,0.0,1,-0.7338780825023853,0,1,0,0,1,0,1
0,0.0,0.0,0.0,0.0,0,0.6454816470190149,1,0,1,0,0,0,1
0,0.0,0.0,0.0,0.0,1,-0.7338780825023853,0,1,1,0,0,0,1
0,0.0,0.0,0.0,0.0,1,-0.5368266925707568,1,0,1,0,0,1,0
0,0.0,0.0,0.0,0.0,1,-0.7338780825023853,0,1,1,0,0,1,0
0,0.0,0.0,0.0,0.0,0,-0.33977530263912814,0,1,1,0,0,0,1
0,0.0,0.0,0.0,0.0,0,-0.7338780825023853,0,1,0,1,0,1,0
0,0.0,0.0,0.0,0.0,1,-0.5368266925707568,0,1,0,1,0,1,0
0,0.0,0.0,0.0,0.0,0,0.8425330369506435,0,1,0,0,1,1,0
0,0.0,0.0,0.0,0.0,1,-0.7338780825023853,0,1,1,0,0,1,0
0,0.0,0.0,0.0,0.0,1,-0.1427239127074995,0,1,0,1,0,1,0
0,0.0,0.0,0.0,0.0,0,0.8425330369506435,0,1,0,1,0,1,0
0,0.0,0.0,0.0,0.0,1,-0.7338780825023853,0,1,0,1,0,0,1
0,0.0,0.0,0.0,0.0,0,0.6454816470190149,1,0,1,0,0,0,1
0,0.0,0.0,0.0,0.0,0,-0.5368266925707568,0,1,0,1,0,1,0
0,0.0,0.0,0.0,0.0,0,3.2071497161301865,0,1,1,0,0,1,0
0,0.0,0.0,0.0,0.0,0,-0.7338780825023853,0,1,1,0,0,1,0
0,0.0,0.0,0.0,0.0,0,1.039584426882272,0,1,1,0,0,1,0
0,0.0,0.0,0.0,0.0,1,1.2366358168139007,0,1,1,0,0,0,1
0,0.0,0.0,0.0,0.0,0,-0.7338780825023853,0,1,1,0,0,1,0
0,0.0,0.0,0.0,0.0,1,-0.1427239127074995,0,1,1,0,0,0,1
0,0.0,0.0,0.0,0.0,0,-0.33977530263912814,0,1,0,0,1,1,0
0,0.0,0.0,0.0,0.0,0,2.8130469362669293,0,1,1,0,0,0,1
0,0.0,0.0,0.0,0.0,1,-0.33977530263912814,0,1,1,0,0,1,0
0,0.0,0.0,0.0,0.0,0,-0.33977530263912814,0,1,1,0,0,0,1
0,0.0,0.0,0.0,0.0,1,-0.1427239127074995,0,1,1,0,0,1,0
0,0.0,0.0,0.0,0.0,1,2.0248413765404147,0,1,1,0,0,1,0
0,0.0,0.0,0.0,0.0,0,-0.1427239127074995,0,1,0,1,0,1,0
0,0.0,0.0,0.0,0.0,0,-0.33977530263912814,0,1,0,0,1,1,0
0,0.0,0.0,0.0,0.0,0,-0.5368266925707568,0,1,0,0,1,1,0
0,0.0,0.0,0.0,0.0,0,-0.7338780825023853,0,1,1,0,0,1,0
0,0.0,0.0,0.0,0.0,1,-0.1427239127074995,0,1,0,1,0,0,1
0,0.0,0.0,0.0,0.0,0,-0.1427239127074995,0,1,1,0,0,1,0
0,0.0,0.0,0.0,0.0,1,1.4336872067455293,0,1,0,1,0,1,0
0,0.0,0.0,0.0,0.0,0,-0.7338780825023853,0,1,0,1,0,0,1
0,0.0,0.0,0.0,0.0,1,-0.5368266925707568,0,1,0,1,0,0,1
0,0.0,0.0,0.0,0.0,0,-0.7338780825023853,0,1,0,1,0,0,1
0,0.0,0.0,0.0,0.0,0,0.4484302570873863,0,1,1,0,0,0,1
0,0.0,0.0,0.0,0.0,0,-0.1427239127074995,0,1,0,0,1,1,0
0,0.0,0.0,0.0,0.0,0,2.2218927664720436,0,1,0,1,0,1,0
0,0.0,0.0,0.0,0.0,0,-0.5368266925707568,0,1,0,1,0,0,1
0,0.0,0.0,0.0,0.0,0,1.2366358168139007,0,1,1,0,0,1,0
0,0.0,0.0,0.0,0.0,0,-0.33977530263912814,0,1,0,0,1,1,0
0,0.0,0.0,0.0,0.0,0,-0.33977530263912814,0,1,1,0,0,1,0
0,0.0,0.0,0.0,0.0,1,-0.7338780825023853,0,1,1,0,0,1,0
0,0.0,0.0,0.0,0.0,0,0.2513788671557577,1,0,0,1,0,1,0
0,0.0,0.0,0.0,0.0,0,-0.1427239127074995,0,1,0,1,0,1,0
0,0.0,0.0,0.0,0.0,0,-0.5368266925707568,1,0,0,0,1,1,0
0,0.0,0.0,0.0,0.0,1,-0.33977530263912814,1,0,1,0,0,1,0
0,0.0,0.0,0.0,0.0,0,0.05432747722412909,1,0,1,0,0,1,0
0,0.0,0.0,0.0,0.0,0,-0.5368266925707568,1,0,0,0,1,0,1
0,0.0,0.0,0.0,0.0,1,-0.7338780825023853,1,0,0,0,1,1,0
0,0.0,0.0,0.0,0.0,1,-0.5368266925707568,0,1,1,0,0,1,0
0,0.0,0.0,0.0,0.0,1,-0.5368266925707568,0,1,1,0,0,1,0
0,0.0,0.0,0.0,0.0,0,-0.5368266925707568,0,1,0,1,0,1,0
0,0.0,0.0,0.0,0.0,0,-0.5368266925707568,0,1,0,1,0,1,0
0,0.0,0.0,0.0,0.0,1,-0.5368266925707568,0,1,0,1,0,0,1
0,0.0,0.0,0.0,0.0,0,0.05432747722412909,0,1,0,1,0,1,0
0,0.0,0.0,0.0,0.0,0,0.05432747722412909,0,1,1,0,0,1,0
0,0.0,0.0,0.0,0.0,0,1.4336872067455293,0,1,1,0,0,1,0
0,0.0,0.0,0.0,0.0,1,-0.5368266925707568,0,1,0,0,1,1,0
0,0.0,0.0,0.0,0.0,0,0.05432747722412909,1,0,0,0,1,1,0
0,0.0,0.0,0.0,0.0,0,1.4336872067455293,0,1,0,1,0,0,1
0,0.0,0.0,0.0,0.0,0,-0.5368266925707568,1,0,0,0,1,0,1
0,0.0,0.0,0.0,0.0,1,-0.7338780825023853,0,1,0,0,1,1,0
0,0.0,0.0,0.0,0.0,0,-0.5368266925707568,0,1,0,0,1,1,0
0,0.0,0.0,0.0,0.0,1,1.039584426882272,0,1,1,0,0,1,0
0,0.0,0.0,0.0,0.0,1,-0.5368266925707568,0,1,0,1,0,0,1
0,0.0,0.0,0.0,0.0,1,-0.1427239127074995,0,1,1,0,0,0,1
0,0.0,0.0,0.0,0.0,1,0.4484302570873863,0,1,0,1,0,1,0
0,0.0,0.0,0.0,0.0,0,-0.5368266925707568,0,1,0,0,1,1,0
0,0.0,0.0,0.0,0.0,0,-0.7338780825023853,0,1,0,0,1,1,0
0,0.0,0.0,0.0,0.0,0,-0.7338780825023853,0,1,1,0,0,1,0
0,0.0,0.0,0.0,0.0,0,-0.5368266925707568,0,1,0,0,1,1,0
0,0.0,0.0,0.0,0.0,0,-0.7338780825023853,0,1,0,0,1,1,0
0,0.0,0.0,0.0,0.0,1,0.6454816470190149,0,1,1,0,0,0,1
0,0.0,0.0,0.0,0.0,0,0.4484302570873863,0,1,0,1,0,0,1
0,0.0,0.0,0.0,0.0,0,-0.7338780825023853,0,1,0,0,1,1,0
0,0.0,0.0,0.0,0.0,0,-0.5368266925707568,0,1,1,0,0,0,1
0,0.0,0.0,0.0,0.0,0,-0.7338780825023853,1,0,0,0,1,1,0
0,0.0,0.0,0.0,0.0,0,0.2513788671557577,0,1,1,0,0,1,0
0,0.0,0.0,0.0,0.0,0,-0.5368266925707568,0,1,0,1,0,1,0
0,0.0,0.0,0.0,0.0,0,-0.1427239127074995,0,1,0,1,0,1,0
0,0.0,0.0,0.0,0.0,0,-0.5368266925707568,0,1,1,0,0,0,1
0,0.0,0.0,0.0,0.0,0,-0.7338780825023853,0,1,0,0,1,0,1
0,0.0,0.0,0.0,0.0,1,-0.7338780825023853,0,1,1,0,0,0,1
0,0.0,0.0,0.0,0.0,1,-0.33977530263912814,0,1,1,0,0,0,1
0,0.0,0.0,0.0,0.0,1,-0.33977530263912814,0,1,0,0,1,0,1
0,0.0,0.0,0.0,0.0,1,-0.33977530263912814,0,1,0,1,0,0,1
0,0.0,0.0,0.0,0.0,0,-0.1427239127074995,0,1,0,0,1,1,0
0,0.0,0.0,0.0,0.0,1,0.05432747722412909,0,1,1,0,0,0,1
0,0.0,0.0,0.0,0.0,0,-0.5368266925707568,0,1,0,0,1,0,1
0,0.0,0.0,0.0,0.0,1,-0.33977530263912814,0,1,1,0,0,1,0
0,0.0,0.0,0.0,0.0,0,1.4336872067455293,0,1,1,0,0,1,0
0,0.0,0.0,0.0,0.0,1,0.05432747722412909,0,1,1,0,0,0,1
0,0.0,0.0,0.0,0.0,0,0.4484302570873863,0,1,1,0,0,1,0
0,0.0,0.0,0.0,0.0,0,-0.7338780825023853,1,0,0,0,1,0,1
0,0.0,0.0,0.0,0.0,1,-0.1427239127074995,0,1,1,0,0,1,0
0,0.0,0.0,0.0,0.0,0,-0.5368266925707568,0,1,1,0,0,1,0
0,0.0,0.0,0.0,0.0,1,-0.33977530263912814,0,1,0,1,0,0,1
0,0.0,0.0,0.0,0.0,1,-0.33977530263912814,0,1,1,0,0,1,0
0,0.0,0.0,0.0,0.0,0,-0.33977530263912814,0,1,1,0,0,1,0
0,0.0,0.0,0.0,0.0,0,-0.5368266925707568,1,0,1,0,0,1,0
0,0.0,0.0,0.0,0.0,1,-0.7338780825023853,1,0,1,0,0,1,0
0,0.0,0.0,0.0,0.0,0,1.8277899866087863,1,0,1,0,0,1,0
0,0.0,0.0,0.0,0.0,0,1.8277899866087863,0,1,0,1,0,1,0
0,0.0,0.0,0.0,0.0,0,-0.5368266925707568,0,1,1,0,0,0,1
0,0.0,0.0,0.0,0.0,0,-0.7338780825023853,0,1,1,0,0,1,0
0,0.0,0.0,0.0,0.0,0,-0.33977530263912814,0,1,0,0,1,1,0
0,0.0,0.0,0.0,0.0,0,-0.5368266925707568,0,1,1,0,0,0,1
0,0.0,0.0,0.0,0.0,1,-0.5368266925707568,0,1,0,1,0,1,0
0,0.0,0.0,0.0,0.0,0,1.2366358168139007,0,1,0,0,1,1,0
0,0.0,0.0,0.0,0.0,1,-0.1427239127074995,1,0,0,0,1,1,0
0,0.0,0.0,0.0,0.0,1,-0.5368266925707568,1,0,1,0,0,0,1
0,0.0,0.0,0.0,0.0,0,-0.33977530263912814,0,1,1,0,0,1,0
0,0.8096,0.8096893,0.8096893113439168,0.8096893113439168,1,-0.7338780825023853,1,0,0,1,0,0,1
0,0.0,0.0,0.0,0.0,1,0.05432747722412909,0,1,0,1,0,0,1
0,0.0,0.0,0.0,0.0,0,0.6454816470190149,0,1,0,1,0,0,1
0,0.0,0.0,0.0,0.0,1,-0.7338780825023853,0,1,1,0,0,0,1
0,0.0,0.0,0.0,0.0,0,-0.7338780825023853,0,1,0,0,1,1,0
0,0.0,0.0,0.0,0.0,0,0.6454816470190149,0,1,1,0,0,0,1
0,0.0,0.0,0.0,0.0,0,3.010098326198558,0,1,1,0,0,1,0
0,0.0,0.0,0.0,0.0,0,-0.1427239127074995,0,1,1,0,0,1,0
0,0.0,0.0,0.0,0.0,1,1.4336872067455293,0,1,0,1,0,0,1
0,0.0,0.0,0.0,0.0,0,0.8425330369506435,0,1,1,0,0,0,1
0,0.0,0.0,0.0,0.0,1,-0.5368266925707568,0,1,1,0,0,1,0
0,0.0,0.0,0.0,0.0,0,-0.7338780825023853,0,1,0,0,1,1,0
0,0.0,0.0,0.0,0.0,1,1.6307385966771577,0,1,0,1,0,1,0
0,0.0,0.0,0.0,0.0,1,-0.5368266925707568,0,1,1,0,0,0,1
0,0.0,0.0,0.0,0.0,1,-0.7338780825023853,0,1,0,1,0,0,1
0,0.0,0.0,0.0,0.0,0,-0.5368266925707568,0,1,0,0,1,1,0
0,0.8047,0.8048765,0.8048764985440612,0.8048764985440612,1,-0.7338780825023853,1,0,0,1,0,0,1
0,0.0,0.0,0.0,0.0,0,1.8277899866087863,1,0,1,0,0,1,0
0,0.0,0.0,0.0,0.0,1,0.4484302570873863,0,1,0,1,0,1,0
0,0.0,0.0,0.0,0.0,1,-0.5368266925707568,1,0,1,0,0,0,1
0,0.0,0.0,0.0,0.0,0,-0.7338780825023853,0,1,0,1,0,0,1
0,0.0,0.0,0.0,0.0,1,-0.7338780825023853,1,0,1,0,0,1,0
0,0.0,0.0,0.0,0.0,0,0.6454816470190149,0,1,1,0,0,1,0
0,0.0,0.0,0.0,0.0,0,3.2071497161301865,0,1,1,0,0,1,0
0,0.0,0.0,0.0,0.0,1,0.05432747722412909,0,1,0,0,1,1,0
0,0.0,0.0,0.0,0.0,1,-0.7338780825023853,1,0,1,0,0,0,1
0,0.0,0.0,0.0,0.0,1,-0.5368266925707568,0,1,1,0,0,0,1
0,0.0,0.0,0.0,0.0,1,-0.5368266925707568,0,1,0,1,0,1,0
0,0.0,0.0,0.0,0.0,0,2.2218927664720436,0,1,0,1,0,0,1
0,0.0,0.0,0.0,0.0,0,-0.33977530263912814,0,1,1,0,0,1,0
0,0.0,0.0,0.0,0.0,0,-0.7338780825023853,0,1,0,0,1,1,0
0,0.0,0.0,0.0,0.0,0,1.2366358168139007,0,1,1,0,0,1,0
0,0.0,0.0,0.0,0.0,1,-0.7338780825023853,0,1,0,0,1,0,1
0,0.0,0.0,0.0,0.0,1,-0.33977530263912814,1,0,1,0,0,0,1
0,0.0,0.0,0.0,0.0,1,-0.7338780825023853,0,1,0,1,0,0,1
0,0.0,0.0,0.0,0.0,0,4.192406665788329,0,1,1,0,0,1,0
0,0.0,0.0,0.0,0.0,0,-0.7338780825023853,1,0,1,0,0,0,1
0,0.854,0.8540847,0.8540846597591107,0.8540846597591107,1,-0.7338780825023853,1,0,0,1,0,0,1
0,0.0,0.0,0.0,0.0,0,-0.5368266925707568,0,1,0,0,1,1,0
0,0.8296,0.8297494,0.8297494277867028,0.8297494277867028,0,-0.7338780825023853,1,0,0,1,0,0,1
0,0.0,0.0,0.0,0.0,1,2.418944156403672,0,1,1,0,0,1,0
0,0.0,0.0,0.0,0.0,0,-0.7338780825023853,0,1,1,0,0,0,1
0,0.0,0.0,0.0,0.0,0,-0.7338780825023853,1,0,1,0,0,0,1
0,0.0,0.0,0.0,0.0,1,-0.5368266925707568,0,1,0,1,0,1,0
0,0.0,0.0,0.0,0.0,0,-0.5368266925707568,0,1,1,0,0,0,1
0,0.0,0.0,0.0,0.0,0,-0.7338780825023853,0,1,0,0,1,0,1
0,0.0,0.0,0.0,0.0,0,0.2513788671557577,0,1,1,0,0,1,0
0,0.0,0.0,0.0,0.0,0,-0.1427239127074995,0,1,0,1,0,0,1
0,0.0,0.0,0.0,0.0,0,2.2218927664720436,0,1,0,1,0,1,0
0,0.0,0.0,0.0,0.0,1,-0.7338780825023853,0,1,1,0,0,0,1
0,0.0,0.0,0.0,0.0,0,-0.7338780825023853,0,1,1,0,0,1,0
0,0.0,0.0,0.0,0.0,1,0.2513788671557577,0,1,1,0,0,1,0
0,0.0,0.0,0.0,0.0,0,-0.5368266925707568,0,1,0,0,1,1,0
0,0.0,0.0,0.0,0.0,0,-0.1427239127074995,0,1,1,0,0,0,1
0,0.0,0.0,0.0,0.0,0,-0.1427239127074995,0,1,0,1,0,1,0
0,0.0,0.0,0.0,0.0,0,0.05432747722412909,0,1,1,0,0,0,1
0,0.0,0.0,0.0,0.0,0,-0.7338780825023853,0,1,0,1,0,0,1
0,0.0,0.0,0.0,0.0,0,-0.5368266925707568,0,1,0,0,1,1,0
0,0.0,0.0,0.0,0.0,0,0.2513788671557577,0,1,0,0,1,1,0
0,0.0,0.0,0.0,0.0,1,-0.5368266925707568,0,1,0,1,0,1,0
0,0.0,0.0,0.0,0.0,0,-0.7338780825023853,0,1,0,0,1,1,0
0,0.0,0.0,0.0,0.0,0,-0.7338780825023853,0,1,0,0,1,1,0
0,0.0,0.0,0.0,0.0,1,0.05432747722412909,0,1,1,0,0,1,0
0,0.0,0.0,0.0,0.0,0,4.192406665788329,0,1,1,0,0,1,0
0,0.0,0.0,0.0,0.0,1,-0.5368266925707568,0,1,1,0,0,0,1
0,0.0,0.0,0.0,0.0,0,0.2513788671557577,0,1,1,0,0,0,1
0,0.0,0.0,0.0,0.0,0,0.05432747722412909,0,1,1,0,0,1,0
0,0.0,0.0,0.0,0.0,1,-0.5368266925707568,0,1,0,1,0,1,0
0,0.0,0.0,0.0,0.0,1,-0.1427239127074995,0,1,1,0,0,1,0
0,0.0,0.0,0.0,0.0,0,-0.7338780825023853,0,1,0,1,0,1,0
0,0.0,0.0,0.0,0.0,1,-0.7338780825023853,1,0,1,0,0,0,1
0,0.0,0.0,0.0,0.0,0,1.2366358168139007,0,1,1,0,0,1,0
0,0.0,0.0,0.0,0.0,0,0.4484302570873863,0,1,1,0,0,1,0
0,0.0,0.0,0.0,0.0,0,0.4484302570873863,0,1,1,0,0,1,0
0,0.0,0.0,0.0,0.0,1,-0.1427239127074995,0,1,0,1,0,1,0
0,0.0,0.0,0.0,0.0,0,-0.5368266925707568,0,1,1,0,0,1,0
0,0.813,0.81285924,0.8128592431848387,0.8128592431848387,1,-0.33977530263912814,0,1,0,1,0,1,0
0,0.0,0.0,0.0,0.0,0,-0.1427239127074995,0,1,0,0,1,1,0
0,0.0,0.0,0.0,0.0,0,2.0248413765404147,0,1,1,0,0,0,1
0,0.0,0.0,0.0,0.0,0,-0.1427239127074995,0,1,1,0,0,1,0
0,0.0,0.0,0.0,0.0,1,-0.1427239127074995,1,0,1,0,0,1,0
0,0.0,0.0,0.0,0.0,1,0.05432747722412909,0,1,1,0,0,1,0
0,0.0,0.0,0.0,0.0,0,-0.5368266925707568,1,0,0,0,1,0,1
0,0.0,0.0,0.0,0.0,0,0.6454816470190149,0,1,0,0,1,0,1
0,0.0,0.0,0.0,0.0,0,0.4484302570873863,0,1,1,0,0,0,1
0,0.0,0.0,0.0,0.0,1,-0.7338780825023853,1,0,1,0,0,0,1
0,0.0,0.0,0.0,0.0,1,-0.7338780825023853,0,1,1,0,0,0,1
0,0.0,0.0,0.0,0.0,0,2.8130469362669293,0,1,0,1,0,1,0
0,0.0,0.0,0.0,0.0,1,-0.5368266925707568,1,0,0,1,0,0,1
0,0.0,0.0,0.0,0.0,1,1.2366358168139007,1,0,1,0,0,1,0
0,0.0,0.0,0.0,0.0,0,0.2513788671557577,0,1,1,0,0,1,0
0,0.0,0.0,0.0,0.0,1,-0.5368266925707568,0,1,0,0,1,1,0
0,0.0,0.0,0.0,0.0,0,-0.1427239127074995,1,0,0,0,1,1,0
0,0.0,0.0,0.0,0.0,0,-0.7338780825023853,0,1,0,0,1,0,1
0,0.0,0.0,0.0,0.0,0,0.05432747722412909,1,0,1,0,0,1,0
0,0.0,0.0,0.0,0.0,0,-0.1427239127074995,1,0,1,0,0,0,1
0,0.0,0.0,0.0,0.0,0,-0.5368266925707568,1,0,1,0,0,0,1
0,0.0,0.0,0.0,0.0,1,-0.7338780825023853,0,1,0,1,0,1,0
0,0.0,0.0,0.0,0.0,0,0.4484302570873863,0,1,1,0,0,1,0
0,0.0,0.0,0.0,0.0,0,-0.7338780825023853,0,1,1,0,0,0,1
0,0.0,0.0,0.0,0.0,0,-0.1427239127074995,0,1,1,0,0,1,0
0,0.0,0.0,0.0,0.0,1,-0.7338780825023853,0,1,0,1,0,0,1
0,0.0,0.0,0.0,0.0,0,-0.5368266925707568,0,1,0,0,1,1,0
0,0.0,0.0,0.0,0.0,1,-0.1427239127074995,0,1,1,0,0,1,0
0,0.0,0.0,0.0,0.0,1,-0.7338780825023853,0,1,1,0,0,1,0
0,0.0,0.0,0.0,0.0,0,0.4484302570873863,0,1,1,0,0,0,1
0,0.0,0.0,0.0,0.0,1,0.6454816470190149,0,1,1,0,0,1,0
0,0.0,0.0,0.0,0.0,1,-0.7338780825023853,0,1,1,0,0,0,1
0,0.0,0.0,0.0,0.0,0,1.039584426882272,0,1,1,0,0,1,0
0,0.0,0.0,0.0,0.0,1,-0.7338780825023853,0,1,1,0,0,0,1
0,0.0,0.0,0.0,0.0,1,-0.7338780825023853,0,1,0,0,1,1,0
0,0.0,0.0,0.0,0.0,1,4.7835608355832155,0,1,0,1,0,1,0
0,0.0,0.0,0.0,0.0,0,0.05432747722412909,0,1,1,0,0,0,1
0,0.0,0.0,0.0,0.0,0,0.6454816470190149,0,1,1,0,0,0,1
0,0.0,0.0,0.0,0.0,1,-0.33977530263912814,0,1,1,0,0,0,1
0,0.0,0.0,0.0,0.0,0,-0.7338780825023853,0,1,1,0,0,0,1
0,0.0,0.0,0.0,0.0,0,0.4484302570873863,0,1,0,1,0,1,0
0,0.0,0.0,0.0,0.0,1,-0.33977530263912814,0,1,1,0,0,0,1
0,0.0,0.0,0.0,0.0,1,-0.1427239127074995,0,1,1,0,0,0,1
0,0.0,0.0,0.0,0.0,0,-0.5368266925707568,1,0,0,1,0,1,0
0,0.0,0.0,0.0,0.0,1,-0.1427239127074995,0,1,1,0,0,0,1
0,0.0,0.0,0.0,0.0,0,-0.7338780825023853,0,1,0,1,0,0,1
0,0.0,0.0,0.0,0.0,1,1.039584426882272,0,1,1,0,0,1,0
0,0.0,0.0,0.0,0.0,0,-0.5368266925707568,0,1,0,0,1,1,0
0,0.0,0.0,0.0,0.0,1,-0.7338780825023853,0,1,0,1,0,0,1
0,0.0,0.0,0.0,0.0,1,-0.1427239127074995,0,1,0,0,1,0,1
0,0.0,0.0,0.0,0.0,0,2.8130469362669293,0,1,1,0,0,0,1
0,0.0,0.0,0.0,0.0,1,1.4336872067455293,0,1,1,0,0,0,1
0,0.0,0.0,0.0,0.0,1,0.8425330369506435,0,1,0,1,0,1,0
0,0.0,0.0,0.0,0.0,1,0.6454816470190149,1,0,0,1,0,1,0
0,0.0,0.0,0.0,0.0,0,-0.1427239127074995,0,1,1,0,0,1,0
0,0.0,0.0,0.0,0.0,0,-0.7338780825023853,0,1,1,0,0,1,0
0,0.0,0.0,0.0,0.0,0,-0.1427239127074995,0,1,1,0,0,0,1
0,0.0,0.0,0.0,0.0,0,-0.1427239127074995,0,1,0,0,1,0,1
0,0.0,0.0,0.0,0.0,0,0.05432747722412909,0,1,1,0,0,0,1
0,0.0,0.0,0.0,0.0,1,-0.5368266925707568,0,1,1,0,0,1,0
0,0.0,0.0,0.0,0.0,1,-0.5368266925707568,0,1,1,0,0,1,0
0,0.0,0.0,0.0,0.0,0,-0.7338780825023853,0,1,0,0,1,1,0
0,0.0,0.0,0.0,0.0,0,-0.7338780825023853,0,1,1,0,0,1,0
0,0.0,0.0,0.0,0.0,1,-0.5368266925707568,0,1,0,1,0,0,1
0,0.0,0.0,0.0,0.0,0,0.2513788671557577,0,1,1,0,0,1,0
0,0.78,0.77975047,0.7797504591523332,0.7797504591523332,1,-0.33977530263912814,0,1,0,1,0,1,0
0,0.0,0.0,0.0,0.0,0,0.2513788671557577,0,1,1,0,0,1,0
0,0.0,0.0,0.0,0.0,1,-0.7338780825023853,0,1,1,0,0,1,0
0,0.0,0.0,0.0,0.0,1,-0.5368266925707568,0,1,1,0,0,0,1
0,0.0,0.0,0.0,0.0,1,-0.7338780825023853,0,1,1,0,0,0,1
0,0.0,0.0,0.0,0.0,0,-0.7338780825023853,0,1,1,0,0,1,0
0,0.0,0.0,0.0,0.0,0,-0.7338780825023853,0,1,0,0,1,0,1
0,0.0,0.0,0.0,0.0,0,-0.33977530263912814,0,1,0,0,1,1,0
0,0.0,0.0,0.0,0.0,0,-0.7338780825023853,1,0,1,0,0,1,0
0,0.0,0.0,0.0,0.0,0,-0.33977530263912814,0,1,0,0,1,1,0
0,0.0,0.0,0.0,0.0,0,-0.7338780825023853,0,1,0,1,0,0,1
0,0.0,0.0,0.0,0.0,1,-0.33977530263912814,0,1,1,0,0,1,0
0,0.0,0.0,0.0,0.0,1,-0.33977530263912814,0,1,0,1,0,0,1
0,0.0,0.0,0.0,0.0,1,-0.7338780825023853,0,1,0,1,0,0,1
0,0.0,0.0,0.0,0.0,0,-0.7338780825023853,0,1,1,0,0,0,1
0,0.0,0.0,0.0,0.0,1,-0.7338780825023853,0,1,0,0,1,1,0
0,0.0,0.0,0.0,0.0,1,-0.1427239127074995,1,0,0,0,1,0,1
0,0.0,0.0,0.0,0.0,0,0.2513788671557577,0,1,1,0,0,1,0
0,0.0,0.0,0.0,0.0,0,1.8277899866087863,0,1,1,0,0,1,0
0,0.0,0.0,0.0,0.0,0,3.010098326198558,0,1,1,0,0,1,0
0,0.0,0.0,0.0,0.0,0,-0.5368266925707568,0,1,0,0,1,0,1
0,0.0,0.0,0.0,0.0,1,-0.33977530263912814,0,1,1,0,0,1,0
0,0.0,0.0,0.0,0.0,0,1.2366358168139007,0,1,0,1,0,0,1
0,0.0,0.0,0.0,0.0,0,-0.33977530263912814,0,1,0,0,1,1,0
0,0.0,0.0,0.0,0.0,0,0.2513788671557577,0,1,1,0,0,1,0
0,0.0,0.0,0.0,0.0,1,-0.7338780825023853,1,0,1,0,0,0,1
0,0.0,0.0,0.0,0.0,1,-0.5368266925707568,0,1,0,1,0,0,1
0,0.0,0.0,0.0,0.0,0,-0.1427239127074995,0,1,0,0,1,1,0
0,0.0,0.0,0.0,0.0,1,-0.1427239127074995,0,1,0,1,0,1,0
0,0.0,0.0,0.0,0.0,0,-0.33977530263912814,0,1,1,0,0,1,0
0,0.0,0.0,0.0,0.0,0,3.4042011060618154,0,1,1,0,0,1,0
0,0.0,0.0,0.0,0.0,0,0.4484302570873863,0,1,0,0,1,1,0
0,0.0,0.0,0.0,0.0,0,-0.5368266925707568,0,1,0,0,1,1,0
0,0.0,0.0,0.0,0.0,1,-0.33977530263912814,0,1,0,1,0,0,1
0,0.0,0.0,0.0,0.0,0,-0.1427239127074995,0,1,0,1,0,1,0
0,0.0,0.0,0.0,0.0,0,0.05432747722412909,1,0,0,1,0,1,0
0,0.0,0.0,0.0,0.0,1,1.8277899866087863,0,1,1,0,0,1,0
0,0.0,0.0,0.0,0.0,1,-0.1427239127074995,0,1,0,1,0,0,1
0,0.0,0.0,0.0,0.0,0,0.6454816470190149,0,1,1,0,0,1,0
0,0.0,0.0,0.0,0.0,0,0.4484302570873863,0,1,1,0,0,1,0
0,0.0,0.0,0.0,0.0,1,-0.5368266925707568,0,1,1,0,0,1,0
0,0.0,0.0,0.0,0.0,0,0.05432747722412909,0,1,0,1,0,0,1
0,0.0,0.0,0.0,0.0,0,-0.7338780825023853,1,0,1,0,0,1,0
0,0.0,0.0,0.0,0.0,0,-0.5368266925707568,0,1,1,0,0,1,0
0,0.0,0.0,0.0,0.0,0,-0.5368266925707568,1,0,1,0,0,1,0
0,0.0,0.0,0.0,0.0,0,-0.33977530263912814,0,1,0,1,0,0,1
0,0.8223,0.8221855,0.8221855039190834,0.8221855039190834,0,-0.33977530263912814,0,1,0,1,0,1,0
0,0.0,0.0,0.0,0.0,1,0.4484302570873863,0,1,1,0,0,0,1
0,0.0,0.0,0.0,0.0,1,-0.33977530263912814,0,1,1,0,0,1,0
0,0.0,0.0,0.0,0.0,1,-0.5368266925707568,0,1,1,0,0,0,1
0,0.0,0.0,0.0,0.0,0,1.6307385966771577,0,1,1,0,0,1,0
0,0.0,0.0,0.0,0.0,1,-0.7338780825023853,0,1,0,1,0,0,1
0,0.0,0.0,0.0,0.0,0,-0.5368266925707568,0,1,1,0,0,1,0
0,0.0,0.0,0.0,0.0,0,4.586509445651587,0,1,1,0,0,1,0
0,0.0,0.0,0.0,0.0,0,3.2071497161301865,0,1,1,0,0,1,0
0,0.0,0.0,0.0,0.0,0,-0.5368266925707568,0,1,0,0,1,1,0
0,0.0,0.0,0.0,0.0,1,-0.5368266925707568,0,1,1,0,0,1,0
0,0.0,0.0,0.0,0.0,0,2.8130469362669293,0,1,1,0,0,1,0
0,0.0,0.0,0.0,0.0,0,0.05432747722412909,0,1,1,0,0,1,0
0,0.0,0.0,0.0,0.0,0,-0.1427239127074995,0,1,1,0,0,1,0
0,0.0,0.0,0.0,0.0,0,-0.33977530263912814,0,1,1,0,0,0,1
0,0.0,0.0,0.0,0.0,0,0.2513788671557577,0,1,1,0,0,1,0
0,0.0,0.0,0.0,0.0,1,-0.7338780825023853,0,1,1,0,0,1,0
0,0.0,0.0,0.0,0.0,0,-0.7338780825023853,0,1,0,0,1,1,0
0,0.0,0.0,0.0,0.0,0,-0.5368266925707568,0,1,1,0,0,1,0
0,0.0,0.0,0.0,0.0,1,0.05432747722412909,0,1,0,1,0,0,1
0,0.0,0.0,0.0,0.0,0,-0.7338780825023853,0,1,0,0,1,1,0
0,0.0,0.0,0.0,0.0,0,-0.7338780825023853,0,1,0,0,1,1,0
0,0.0,0.0,0.0,0.0,0,2.2218927664720436,0,1,0,1,0,1,0
0,0.0,0.0,0.0,0.0,0,-0.1427239127074995,0,1,0,0,1,1,0
0,0.0,0.0,0.0,0.0,0,-0.7338780825023853,1,0,0,0,1,1,0
0,0.0,0.0,0.0,0.0,0,0.2513788671557577,0,1,0,1,0,1,0
0,0.0,0.0,0.0,0.0,0,0.2513788671557577,0,1,1,0,0,0,1
0,0.0,0.0,0.0,0.0,0,-0.7338780825023853,0,1,0,0,1,1,0
0,0.0,0.0,0.0,0.0,0,-0.5368266925707568,0,1,1,0,0,1,0
0,0.0,0.0,0.0,0.0,0,0.8425330369506435,0,1,1,0,0,1,0
0,0.0,0.0,0.0,0.0,0,0.8425330369506435,0,1,1,0,0,1,0
0,0.0,0.0,0.0,0.0,0,-0.7338780825023853,0,1,0,0,1,1,0
0,0.0,0.0,0.0,0.0,1,-0.7338780825023853,0,1,1,0,0,1,0
0,0.0,0.0,0.0,0.0,1,0.4484302570873863,0,1,0,1,0,1,0
0,0.0,0.0,0.0,0.0,1,-0.33977530263912814,0,1,1,0,0,1,0
0,0.0,0.0,0.0,0.0,0,1.6307385966771577,0,1,0,1,0,1,0
0,0.0,0.0,0.0,0.0,0,-0.33977530263912814,0,1,1,0,0,1,0
0,0.0,0.0,0.0,0.0,0,1.4336872067455293,0,1,1,0,0,1,0
0,0.0,0.0,0.0,0.0,1,-0.5368266925707568,0,1,0,1,0,0,1
0,0.0,0.0,0.0,0.0,0,0.05432747722412909,0,1,1,0,0,1,0
0,0.0,0.0,0.0,0.0,0,0.2513788671557577,0,1,1,0,0,1,0
0,0.0,0.0,0.0,0.0,1,-0.7338780825023853,1,0,1,0,0,0,1
0,0.0,0.0,0.0,0.0,0,0.8425330369506435,0,1,1,0,0,1,0
0,0.0,0.0,0.0,0.0,0,-0.1427239127074995,0,1,1,0,0,0,1
0,0.0,0.0,0.0,0.0,0,-0.33977530263912814,0,1,1,0,0,1,0
0,0.0,0.0,0.0,0.0,0,0.6454816470190149,0,1,0,1,0,0,1
0,0.0,0.0,0.0,0.0,0,-0.7338780825023853,0,1,1,0,0,0,1
0,0.0,0.0,0.0,0.0,0,0.8425330369506435,0,1,1,0,0,1,0
0,0.0,0.0,0.0,0.0,0,0.6454816470190149,0,1,0,1,0,1,0
0,0.0,0.0,0.0,0.0,1,1.2366358168139007,1,0,0,1,0,1,0
0,0.0,0.0,0.0,0.0,0,-0.1427239127074995,1,0,1,0,0,1,0
0,0.0,0.0,0.0,0.0,1,-0.5368266925707568,0,1,0,1,0,0,1
0,0.0,0.0,0.0,0.0,1,1.4336872067455293,0,1,1,0,0,1,0
0,0.0,0.0,0.0,0.0,0,-0.1427239127074995,0,1,1,0,0,1,0
0,0.0,0.0,0.0,0.0,1,-0.7338780825023853,0,1,0,1,0,0,1
0,0.0,0.0,0.0,0.0,1,-0.33977530263912814,1,0,0,0,1,1,0
0,0.0,0.0,0.0,0.0,0,0.4484302570873863,0,1,1,0,0,1,0
0,0.0,0.0,0.0,0.0,0,-0.33977530263912814,0,1,1,0,0,1,0
0,0.0,0.0,0.0,0.0,0,-0.5368266925707568,0,1,1,0,0,1,0
0,0.0,0.0,0.0,0.0,1,0.05432747722412909,0,1,1,0,0,1,0
0,0.0,0.0,0.0,0.0,1,3.6012524959934438,0,1,1,0,0,1,0
0,0.0,0.0,0.0,0.0,0,-0.5368266925707568,0,1,0,0,1,1,0
0,0.0,0.0,0.0,0.0,0,-0.33977530263912814,0,1,0,0,1,1,0
0,0.0,0.0,0.0,0.0,0,0.05432747722412909,0,1,0,0,1,0,1
0,0.0,0.0,0.0,0.0,1,-0.7338780825023853,0,1,1,0,0,0,1
0,0.0,0.0,0.0,0.0,0,0.6454816470190149,1,0,0,1,0,0,1
0,0.0,0.0,0.0,0.0,0,-0.7338780825023853,0,1,0,0,1,1,0
0,0.0,0.0,0.0,0.0,0,-0.5368266925707568,0,1,0,0,1,1,0
0,0.0,0.0,0.0,0.0,0,1.039584426882272,1,0,1,0,0,1,0
0,0.0,0.0,0.0,0.0,0,-0.5368266925707568,0,1,0,0,1,1,0
0,0.0,0.0,0.0,0.0,0,-0.7338780825023853,0,1,1,0,0,0,1
0,0.0,0.0,0.0,0.0,0,-0.33977530263912814,0,1,1,0,0,1,0
0,0.0,0.0,0.0,0.0,0,0.2513788671557577,0,1,1,0,0,1,0
0,0.0,0.0,0.0,0.0,0,5.374715005378102,0,1,0,1,0,1,0
0,0.0,0.0,0.0,0.0,1,-0.7338780825023853,0,1,1,0,0,1,0
0,0.0,0.0,0.0,0.0,0,-0.1427239127074995,0,1,1,0,0,1,0
0,0.0,0.0,0.0,0.0,1,-0.7338780825023853,0,1,1,0,0,1,0
0,0.0,0.0,0.0,0.0,0,0.4484302570873863,0,1,1,0,0,1,0
0,0.0,0.0,0.0,0.0,1,-0.33977530263912814,0,1,1,0,0,0,1
0,0.0,0.0,0.0,0.0,0,-0.7338780825023853,1,0,0,0,1,0,1
0,0.0,0.0,0.0,0.0,0,-0.7338780825023853,1,0,0,0,1,1,0
0,0.0,0.0,0.0,0.0,1,0.8425330369506435,0,1,0,1,0,1,0
0,0.0,0.0,0.0,0.0,1,-0.33977530263912814,0,1,0,1,0,0,1
0,0.0,0.0,0.0,0.0,1,-0.7338780825023853,0,1,1,0,0,0,1
0,0.0,0.0,0.0,0.0,0,1.039584426882272,0,1,0,1,0,1,0
0,0.0,0.0,0.0,0.0,0,-0.7338780825023853,1,0,0,0,1,1,0
0,0.0,0.0,0.0,0.0,1,-0.33977530263912814,1,0,1,0,0,1,0
0,0.0,0.0,0.0,0.0,1,0.05432747722412909,0,1,1,0,0,0,1
0,0.0,0.0,0.0,0.0,1,-0.7338780825023853,0,1,0,1,0,1,0
0,0.0,0.0,0.0,0.0,0,-0.33977530263912814,0,1,1,0,0,1,0
0,0.0,0.0,0.0,0.0,1,0.4484302570873863,0,1,0,1,0,1,0
0,0.0,0.0,0.0,0.0,0,-0.33977530263912814,0,1,0,0,1,0,1
0,0.0,0.0,0.0,0.0,1,-0.7338780825023853,0,1,1,0,0,1,0
0,0.0,0.0,0.0,0.0,1,-0.7338780825023853,0,1,1,0,0,0,1
0,0.0,0.0,0.0,0.0,0,-0.33977530263912814,0,1,1,0,0,0,1
0,0.0,0.0,0.0,0.0,0,1.4336872067455293,0,1,1,0,0,1,0
0,0.0,0.0,0.0,0.0,0,-0.5368266925707568,0,1,1,0,0,0,1
0,0.0,0.0,0.0,0.0,0,-0.33977530263912814,1,0,1,0,0,0,1
0,0.816,0.8159985,0.8159984789708665,0.8159984789708665,0,-0.33977530263912814,0,1,0,1,0,1,0
0,0.0,0.0,0.0,0.0,1,-0.7338780825023853,0,1,1,0,0,0,1
0,0.0,0.0,0.0,0.0,0,0.05432747722412909,0,1,0,0,1,0,1
0,0.0,0.0,0.0,0.0,1,0.05432747722412909,1,0,1,0,0,1,0
0,0.0,0.0,0.0,0.0,0,-0.5368266925707568,0,1,1,0,0,1,0
0,0.0,0.0,0.0,0.0,0,0.6454816470190149,0,1,0,1,0,1,0
0,0.0,0.0,0.0,0.0,0,-0.33977530263912814,0,1,1,0,0,0,1
0,0.0,0.0,0.0,0.0,1,0.4484302570873863,0,1,1,0,0,1,0
0,0.0,0.0,0.0,0.0,1,0.05432747722412909,0,1,1,0,0,0,1
0,0.0,0.0,0.0,0.0,0,0.2513788671557577,0,1,1,0,0,1,0
0,0.0,0.0,0.0,0.0,0,-0.33977530263912814,1,0,1,0,0,0,1
0,0.0,0.0,0.0,0.0,1,-0.7338780825023853,0,1,0,1,0,1,0
0,0.0,0.0,0.0,0.0,0,-0.33977530263912814,0,1,1,0,0,1,0
0,0.0,0.0,0.0,0.0,1,-0.33977530263912814,1,0,1,0,0,1,0
0,0.0,0.0,0.0,0.0,1,-0.33977530263912814,1,0,0,1,0,1,0
0,0.0,0.0,0.0,0.0,0,-0.5368266925707568,0,1,0,0,1,1,0
0,0.0,0.0,0.0,0.0,0,3.2071497161301865,0,1,1,0,0,1,0
0,0.0,0.0,0.0,0.0,0,0.4484302570873863,0,1,1,0,0,1,0
0,0.0,0.0,0.0,0.0,0,-0.7338780825023853,1,0,1,0,0,0,1
0,0.0,0.0,0.0,0.0,1,-0.7338780825023853,0,1,1,0,0,0,1
0,0.0,0.0,0.0,0.0,1,-0.33977530263912814,1,0,1,0,0,1,0
0,0.0,0.0,0.0,0.0,0,-0.1427239127074995,0,1,0,0,1,1,0
0,0.0,0.0,0.0,0.0,0,1.4336872067455293,0,1,1,0,0,1,0
0,0.0,0.0,0.0,0.0,0,-0.33977530263912814,1,0,1,0,0,1,0
0,0.0,0.0,0.0,0.0,0,-0.5368266925707568,0,1,0,0,1,0,1
0,0.0,0.0,0.0,0.0,0,0.6454816470190149,0,1,1,0,0,1,0
0,0.0,0.0,0.0,0.0,1,-0.5368266925707568,0,1,0,1,0,1,0
0,0.0,0.0,0.0,0.0,1,-0.5368266925707568,0,1,1,0,0,1,0
0,0.0,0.0,0.0,0.0,0,-0.5368266925707568,0,1,1,0,0,1,0
0,0.0,0.0,0.0,0.0,1,-0.5368266925707568,0,1,1,0,0,0,1
0,0.0,0.0,0.0,0.0,0,0.8425330369506435,0,1,1,0,0,1,0
0,0.0,0.0,0.0,0.0,0,3.798303885925072,0,1,0,1,0,1,0
0,0.0,0.0,0.0,0.0,0,-0.5368266925707568,0,1,0,0,1,1,0
0,0.0,0.0,0.0,0.0,1,0.05432747722412909,0,1,1,0,0,0,1
0,0.0,0.0,0.0,0.0,1,-0.5368266925707568,1,0,0,0,1,0,1
0,0.0,0.0,0.0,0.0,1,-0.5368266925707568,0,1,0,1,0,0,1
0,0.0,0.0,0.0,0.0,1,-0.5368266925707568,0,1,0,0,1,0,1
0,0.0,0.0,0.0,0.0,0,-0.5368266925707568,0,1,1,0,0,1,0
0,0.0,0.0,0.0,0.0,0,0.05432747722412909,0,1,1,0,0,1,0
0,0.0,0.0,0.0,0.0,0,0.8425330369506435,0,1,1,0,0,1,0
0,0.0,0.0,0.0,0.0,0,-0.7338780825023853,0,1,0,1,0,0,1
0,0.0,0.0,0.0,0.0,1,0.6454816470190149,0,1,1,0,0,1,0
0,0.0,0.0,0.0,0.0,0,1.6307385966771577,0,1,1,0,0,1,0
0,0.0,0.0,0.0,0.0,1,0.2513788671557577,1,0,1,0,0,1,0
0,0.0,0.0,0.0,0.0,1,-0.5368266925707568,0,1,0,1,0,1,0
0,0.0,0.0,0.0,0.0,0,3.4042011060618154,0,1,1,0,0,1,0
0,0.0,0.0,0.0,0.0,0,2.418944156403672,0,1,0,1,0,1,0
0,0.0,0.0,0.0,0.0,1,-0.5368266925707568,0,1,1,0,0,0,1
0,0.0,0.0,0.0,0.0,1,0.8425330369506435,1,0,0,1,0,0,1
0,0.0,0.0,0.0,0.0,1,-0.1427239127074995,0,1,1,0,0,0,1
0,0.0,0.0,0.0,0.0,0,-0.7338780825023853,1,0,1,0,0,0,1
0,0.0,0.0,0.0,0.0,0,0.2513788671557577,0,1,1,0,0,1,0
0,0.0,0.0,0.0,0.0,0,-0.5368266925707568,0,1,0,0,1,0,1
0,0.0,0.0,0.0,0.0,0,-0.1427239127074995,0,1,0,1,0,1,0
0,0.0,0.0,0.0,0.0,1,-0.7338780825023853,0,1,1,0,0,0,1
0,0.0,0.0,0.0,0.0,0,-0.7338780825023853,0,1,0,0,1,0,1
0,0.0,0.0,0.0,0.0,0,3.798303885925072,0,1,1,0,0,1,0
0,0.0,0.0,0.0,0.0,0,-0.5368266925707568,0,1,0,0,1,1,0
0,0.0,0.0,0.0,0.0,1,1.2366358168139007,1,0,1,0,0,1,0
0,0.0,0.0,0.0,0.0,1,0.05432747722412909,0,1,0,0,1,0,1
0,0.0,0.0,0.0,0.0,0,-0.7338780825023853,0,1,1,0,0,1,0
0,0.0,0.0,0.0,0.0,0,-0.7338780825023853,0,1,1,0,0,0,1
0,0.0,0.0,0.0,0.0,0,-0.7338780825023853,0,1,1,0,0,0,1
0,0.0,0.0,0.0,0.0,0,-0.1427239127074995,0,1,1,0,0,1,0
0,0.0,0.0,0.0,0.0,1,-0.1427239127074995,0,1,1,0,0,1,0
0,0.0,0.0,0.0,0.0,1,-0.7338780825023853,0,1,1,0,0,1,0
0,0.0,0.0,0.0,0.0,0,-0.33977530263912814,0,1,1,0,0,1,0
0,0.0,0.0,0.0,0.0,1,3.4042011060618154,0,1,1,0,0,1,0
0,0.0,0.0,0.0,0.0,1,-0.7338780825023853,0,1,1,0,0,1,0
0,0.0,0.0,0.0,0.0,1,-0.5368266925707568,0,1,1,0,0,0,1
0,0.0,0.0,0.0,0.0,0,-0.7338780825023853,0,1,0,0,1,0,1
0,0.0,0.0,0.0,0.0,0,-0.33977530263912814,0,1,1,0,0,1,0
0,0.0,0.0,0.0,0.0,1,-0.1427239127074995,0,1,1,0,0,1,0
0,0.0,0.0,0.0,0.0,0,-0.7338780825023853,0,1,0,0,1,0,1
0,0.0,0.0,0.0,0.0,0,-0.7338780825023853,0,1,1,0,0,1,0
0,0.0,0.0,0.0,0.0,0,0.4484302570873863,0,1,1,0,0,1,0
0,0.0,0.0,0.0,0.0,0,-0.7338780825023853,0,1,0,0,1,1,0
0,0.0,0.0,0.0,0.0,1,-0.33977530263912814,1,0,0,1,0,0,1
0,0.0,0.0,0.0,0.0,1,-0.7338780825023853,0,1,1,0,0,1,0
0,0.0,0.0,0.0,0.0,0,-0.5368266925707568,0,1,0,0,1,1,0
0,0.0,0.0,0.0,0.0,1,-0.33977530263912814,0,1,0,0,1,1,0
0,0.0,0.0,0.0,0.0,0,-0.7338780825023853,0,1,0,0,1,1,0
0,0.0,0.0,0.0,0.0,1,-0.5368266925707568,0,1,0,0,1,1,0
0,0.0,0.0,0.0,0.0,1,-0.7338780825023853,0,1,1,0,0,1,0
0,0.0,0.0,0.0,0.0,1,-0.7338780825023853,1,0,0,0,1,0,1
0,0.0,0.0,0.0,0.0,0,0.8425330369506435,0,1,1,0,0,1,0
0,0.0,0.0,0.0,0.0,0,1.4336872067455293,0,1,0,1,0,1,0
0,0.0,0.0,0.0,0.0,0,3.010098326198558,0,1,0,1,0,1,0
0,0.0,0.0,0.0,0.0,1,-0.7338780825023853,0,1,0,1,0,1,0
0,0.0,0.0,0.0,0.0,0,0.8425330369506435,0,1,0,1,0,1,0
0,0.0,0.0,0.0,0.0,1,2.615995546335301,0,1,1,0,0,1,0
0,0.0,0.0,0.0,0.0,0,-0.1427239127074995,0,1,0,1,0,0,1
0,0.0,0.0,0.0,0.0,0,0.6454816470190149,0,1,1,0,0,1,0
0,0.0,0.0,0.0,0.0,0,-0.1427239127074995,0,1,0,1,0,1,0
0,0.0,0.0,0.0,0.0,0,0.05432747722412909,0,1,1,0,0,1,0
0,0.0,0.0,0.0,0.0,1,-0.7338780825023853,0,1,1,0,0,1,0
0,0.0,0.0,0.0,0.0,0,-0.5368266925707568,0,1,0,0,1,0,1
0,0.0,0.0,0.0,0.0,0,1.039584426882272,0,1,1,0,0,1,0
0,0.0,0.0,0.0,0.0,0,-0.5368266925707568,1,0,1,0,0,0,1
0,0.0,0.0,0.0,0.0,1,-0.7338780825023853,1,0,0,1,0,1,0
0,0.0,0.0,0.0,0.0,0,-0.7338780825023853,1,0,0,0,1,1,0
0,0.0,0.0,0.0,0.0,0,-0.7338780825023853,0,1,0,0,1,1,0
0,0.0,0.0,0.0,0.0,0,-0.33977530263912814,1,0,0,1,0,1,0
0,0.0,0.0,0.0,0.0,1,-0.7338780825023853,1,0,1,0,0,0,1
0,0.0,0.0,0.0,0.0,1,-0.5368266925707568,0,1,1,0,0,0,1
0,0.0,0.0,0.0,0.0,1,-0.33977530263912814,0,1,1,0,0,0,1
0,0.0,0.0,0.0,0.0,1,-0.7338780825023853,0,1,1,0,0,1,0
0,0.0,0.0,0.0,0.0,0,-0.5368266925707568,0,1,1,0,0,1,0
0,0.0,0.0,0.0,0.0,0,-0.5368266925707568,1,0,1,0,0,0,1
0,0.0,0.0,0.0,0.0,1,0.05432747722412909,0,1,1,0,0,1,0
0,0.0,0.0,0.0,0.0,1,0.2513788671557577,0,1,1,0,0,1,0
0,0.0,0.0,0.0,0.0,1,-0.7338780825023853,0,1,1,0,0,1,0
0,0.0,0.0,0.0,0.0,1,-0.5368266925707568,0,1,1,0,0,1,0
0,0.0,0.0,0.0,0.0,1,-0.5368266925707568,0,1,1,0,0,1,0
0,0.0,0.0,0.0,0.0,1,-0.5368266925707568,0,1,1,0,0,0,1
0,0.0,0.0,0.0,0.0,1,-0.7338780825023853,0,1,1,0,0,1,0
0,0.0,0.0,0.0,0.0,0,0.2513788671557577,0,1,0,1,0,1,0
0,0.0,0.0,0.0,0.0,0,-0.1427239127074995,1,0,1,0,0,1,0
0,0.0,0.0,0.0,0.0,0,-0.33977530263912814,0,1,1,0,0,1,0
0,0.0,0.0,0.0,0.0,1,3.4042011060618154,0,1,0,1,0,1,0
0,0.0,0.0,0.0,0.0,0,-0.33977530263912814,0,1,0,0,1,0,1
0,0.0,0.0,0.0,0.0,0,0.2513788671557577,0,1,0,1,0,1,0
0,0.0,0.0,0.0,0.0,0,0.6454816470190149,0,1,1,0,0,1,0
0,0.0,0.0,0.0,0.0,0,2.2218927664720436,0,1,1,0,0,0,1
0,0.0,0.0,0.0,0.0,1,-0.7338780825023853,0,1,0,0,1,1,0
0,0.0,0.0,0.0,0.0,0,1.6307385966771577,0,1,0,1,0,1,0
0,0.0,0.0,0.0,0.0,0,-0.5368266925707568,0,1,1,0,0,1,0
0,0.0,0.0,0.0,0.0,0,0.05432747722412909,0,1,1,0,0,1,0
0,0.0,0.0,0.0,0.0,1,0.2513788671557577,0,1,1,0,0,0,1
0,0.0,0.0,0.0,0.0,1,-0.7338780825023853,0,1,1,0,0,0,1
0,0.0,0.0,0.0,0.0,0,-0.7338780825023853,0,1,0,0,1,1,0
0,0.0,0.0,0.0,0.0,0,0.2513788671557577,0,1,1,0,0,1,0
0,0.0,0.0,0.0,0.0,0,0.2513788671557577,0,1,1,0,0,0,1
0,0.0,0.0,0.0,0.0,0,0.05432747722412909,0,1,1,0,0,1,0
0,0.0,0.0,0.0,0.0,1,-0.1427239127074995,0,1,1,0,0,1,0
0,0.0,0.0,0.0,0.0,0,1.039584426882272,0,1,1,0,0,1,0
0,0.0,0.0,0.0,0.0,0,-0.7338780825023853,0,1,1,0,0,1,0
0,0.0,0.0,0.0,0.0,0,-0.5368266925707568,0,1,1,0,0,1,0
0,0.0,0.0,0.0,0.0,1,-0.7338780825023853,0,1,0,1,0,1,0
0,0.0,0.0,0.0,0.0,1,-0.7338780825023853,0,1,0,1,0,0,1
0,0.0,0.0,0.0,0.0,0,-0.5368266925707568,0,1,0,0,1,0,1
0,0.0,0.0,0.0,0.0,0,-0.5368266925707568,0,1,1,0,0,1,0
0,0.831,0.83123976,0.8312397541751453,0.8312397541751453,1,-0.33977530263912814,0,1,0,1,0,1,0
0,0.0,0.0,0.0,0.0,0,-0.7338780825023853,0,1,0,0,1,0,1
0,0.0,0.0,0.0,0.0,0,-0.7338780825023853,0,1,0,0,1,1,0
0,0.0,0.0,0.0,0.0,1,-0.7338780825023853,1,0,1,0,0,1,0
0,0.0,0.0,0.0,0.0,1,-0.7338780825023853,1,0,1,0,0,1,0
0,0.0,0.0,0.0,0.0,0,-0.7338780825023853,0,1,1,0,0,0,1
0,0.0,0.0,0.0,0.0,1,0.2513788671557577,0,1,1,0,0,1,0
0,0.0,0.0,0.0,0.0,0,-0.33977530263912814,1,0,0,0,1,1,0
0,0.0,0.0,0.0,0.0,0,1.8277899866087863,0,1,0,1,0,1,0
0,0.0,0.0,0.0,0.0,0,-0.5368266925707568,0,1,1,0,0,0,1
0,0.0,0.0,0.0,0.0,0,-0.7338780825023853,1,0,0,0,1,1,0
0,0.0,0.0,0.0,0.0,0,-0.5368266925707568,0,1,1,0,0,1,0
0,0.0,0.0,0.0,0.0,1,-0.7338780825023853,0,1,0,0,1,0,1
0,0.0,0.0,0.0,0.0,1,-0.33977530263912814,0,1,1,0,0,1,0
0,0.0,0.0,0.0,0.0,1,-0.7338780825023853,0,1,0,1,0,1,0
0,0.0,0.0,0.0,0.0,1,1.039584426882272,1,0,0,0,1,0,1
0,0.0,0.0,0.0,0.0,0,-0.7338780825023853,0,1,0,0,1,0,1
0,0.0,0.0,0.0,0.0,0,-0.7338780825023853,0,1,0,0,1,1,0
0,0.0,0.0,0.0,0.0,0,-0.33977530263912814,0,1,0,0,1,1,0
0,0.0,0.0,0.0,0.0,0,-0.7338780825023853,0,1,0,0,1,1,0
0,0.0,0.0,0.0,0.0,1,-0.7338780825023853,0,1,1,0,0,1,0
0,0.0,0.0,0.0,0.0,0,-0.33977530263912814,0,1,1,0,0,1,0
0,0.0,0.0,0.0,0.0,0,0.8425330369506435,1,0,0,1,0,1,0
0,0.0,0.0,0.0,0.0,0,-0.33977530263912814,1,0,1,0,0,1,0
0,0.0,0.0,0.0,0.0,0,-0.5368266925707568,0,1,1,0,0,1,0
0,0.0,0.0,0.0,0.0,1,-0.1427239127074995,0,1,0,0,1,1,0
0,0.0,0.0,0.0,0.0,0,-0.5368266925707568,0,1,1,0,0,1,0
0,0.0,0.0,0.0,0.0,0,0.8425330369506435,0,1,1,0,0,1,0
0,0.0,0.0,0.0,0.0,0,0.05432747722412909,0,1,1,0,0,1,0
0,0.0,0.0,0.0,0.0,0,-0.5368266925707568,0,1,0,1,0,0,1
0,0.0,0.0,0.0,0.0,0,-0.7338780825023853,0,1,0,1,0,0,1
0,0.0,0.0,0.0,0.0,1,-0.33977530263912814,0,1,1,0,0,1,0
0,0.0,0.0,0.0,0.0,1,-0.33977530263912814,0,1,1,0,0,0,1
0,0.0,0.0,0.0,0.0,0,-0.7338780825023853,0,1,0,0,1,1,0
0,0.0,0.0,0.0,0.0,0,0.6454816470190149,0,1,1,0,0,0,1
0,0.0,0.0,0.0,0.0,0,0.2513788671557577,0,1,1,0,0,0,1
0,0.0,0.0,0.0,0.0,0,-0.5368266925707568,0,1,1,0,0,1,0
0,0.0,0.0,0.0,0.0,1,-0.5368266925707568,0,1,1,0,0,1,0
0,0.0,0.0,0.0,0.0,1,0.2513788671557577,0,1,1,0,0,0,1
0,0.0,0.0,0.0,0.0,0,2.615995546335301,0,1,1,0,0,1,0
0,0.0,0.0,0.0,0.0,0,-0.33977530263912814,0,1,1,0,0,1,0
0,0.0,0.0,0.0,0.0,0,1.2366358168139007,0,1,1,0,0,1,0
0,0.0,0.0,0.0,0.0,0,-0.1427239127074995,0,1,1,0,0,0,1
0,0.0,0.0,0.0,0.0,1,-0.5368266925707568,0,1,1,0,0,0,1
0,0.0,0.0,0.0,0.0,0,-0.33977530263912814,0,1,1,0,0,1,0
0,0.7983,0.7983504,0.7983504203079476,0.7983504203079476,1,-0.33977530263912814,0,1,0,1,0,1,0
0,0.0,0.0,0.0,0.0,0,0.6454816470190149,0,1,1,0,0,0,1
0,0.0,0.0,0.0,0.0,1,-0.33977530263912814,0,1,1,0,0,1,0
0,0.8193,0.8191072,0.819107179827683,0.819107179827683,1,-0.33977530263912814,0,1,0,1,0,1,0
0,0.0,0.0,0.0,0.0,0,-0.5368266925707568,0,1,0,0,1,0,1
0,0.0,0.0,0.0,0.0,0,-0.7338780825023853,1,0,0,0,1,0,1
0,0.0,0.0,0.0,0.0,1,3.2071497161301865,0,1,0,1,0,1,0
0,0.0,0.0,0.0,0.0,0,-0.5368266925707568,0,1,0,0,1,1,0
0,0.0,0.0,0.0,0.0,1,-0.7338780825023853,0,1,1,0,0,1,0
0,0.0,0.0,0.0,0.0,0,-0.33977530263912814,1,0,0,0,1,1,0
0,0.0,0.0,0.0,0.0,1,0.05432747722412909,1,0,1,0,0,1,0
0,0.0,0.0,0.0,0.0,0,-0.33977530263912814,0,1,0,0,1,1,0
0,0.0,0.0,0.0,0.0,1,-0.33977530263912814,0,1,1,0,0,1,0
0,0.0,0.0,0.0,0.0,1,-0.1427239127074995,0,1,0,1,0,0,1
0,0.0,0.0,0.0,0.0,0,-0.33977530263912814,0,1,1,0,0,1,0
0,0.0,0.0,0.0,0.0,0,-0.33977530263912814,0,1,1,0,0,1,0
0,0.0,0.0,0.0,0.0,1,-0.5368266925707568,1,0,0,1,0,1,0
0,0.0,0.0,0.0,0.0,1,-0.7338780825023853,1,0,1,0,0,1,0
0,0.0,0.0,0.0,0.0,0,-0.1427239127074995,0,1,0,0,1,1,0
0,0.0,0.0,0.0,0.0,0,1.8277899866087863,0,1,1,0,0,0,1
0,0.0,0.0,0.0,0.0,0,0.05432747722412909,0,1,1,0,0,1,0
0,0.0,0.0,0.0,0.0,0,-0.5368266925707568,0,1,0,0,1,1,0
0,0.0,0.0,0.0,0.0,1,-0.1427239127074995,0,1,0,0,1,1,0
0,0.0,0.0,0.0,0.0,1,0.8425330369506435,0,1,0,1,0,0,1
0,0.0,0.0,0.0,0.0,1,1.4336872067455293,0,1,0,0,1,1,0
0,0.0,0.0,0.0,0.0,1,0.2513788671557577,0,1,1,0,0,1,0
0,0.0,0.0,0.0,0.0,0,-0.7338780825023853,0,1,0,0,1,0,1
0,0.0,0.0,0.0,0.0,1,-0.33977530263912814,0,1,0,1,0,0,1
0,0.0,0.0,0.0,0.0,1,-0.33977530263912814,0,1,1,0,0,1,0
0,0.0,0.0,0.0,0.0,0,0.6454816470190149,0,1,1,0,0,1,0
0,0.0,0.0,0.0,0.0,0,-0.7338780825023853,0,1,1,0,0,1,0
0,0.0,0.0,0.0,0.0,1,-0.5368266925707568,0,1,0,1,0,1,0
0,0.0,0.0,0.0,0.0,0,0.2513788671557577,0,1,1,0,0,0,1
0,0.0,0.0,0.0,0.0,1,-0.5368266925707568,0,1,1,0,0,0,1
0,0.0,0.0,0.0,0.0,1,-0.5368266925707568,0,1,0,1,0,0,1
0,0.0,0.0,0.0,0.0,0,-0.5368266925707568,0,1,0,0,1,1,0
0,0.0,0.0,0.0,0.0,1,-0.5368266925707568,0,1,1,0,0,1,0
0,0.0,0.0,0.0,0.0,0,-0.5368266925707568,0,1,0,0,1,1,0
0,0.0,0.0,0.0,0.0,1,-0.7338780825023853,1,0,0,1,0,1,0
0,0.0,0.0,0.0,0.0,1,-0.33977530263912814,0,1,0,0,1,1,0
0,0.0,0.0,0.0,0.0,0,2.615995546335301,0,1,1,0,0,0,1
0,0.0,0.0,0.0,0.0,0,2.0248413765404147,0,1,1,0,0,1,0
0,0.0,0.0,0.0,0.0,0,0.2513788671557577,0,1,0,0,1,1,0
0,0.0,0.0,0.0,0.0,0,0.4484302570873863,0,1,1,0,0,1,0
0,0.0,0.0,0.0,0.0,1,-0.7338780825023853,1,0,1,0,0,0,1
0,0.0,0.0,0.0,0.0,1,-0.7338780825023853,1,0,1,0,0,1,0
0,0.0,0.0,0.0,0.0,0,-0.7338780825023853,0,1,1,0,0,1,0
0,0.0,0.0,0.0,0.0,0,-0.1427239127074995,0,1,0,0,1,0,1
0,0.0,0.0,0.0,0.0,0,1.8277899866087863,0,1,1,0,0,1,0
0,0.0,0.0,0.0,0.0,1,-0.5368266925707568,1,0,1,0,0,0,1
0,0.0,0.0,0.0,0.0,0,3.798303885925072,0,1,1,0,0,1,0
0,0.0,0.0,0.0,0.0,0,-0.7338780825023853,0,1,0,1,0,1,0
0,0.0,0.0,0.0,0.0,1,-0.5368266925707568,1,0,1,0,0,1,0
0,0.0,0.0,0.0,0.0,1,0.4484302570873863,0,1,1,0,0,0,1
0,0.0,0.0,0.0,0.0,0,-0.33977530263912814,0,1,1,0,0,1,0
0,0.0,0.0,0.0,0.0,0,-0.7338780825023853,1,0,1,0,0,1,0
0,0.0,0.0,0.0,0.0,1,0.2513788671557577,0,1,0,1,0,1,0
0,0.0,0.0,0.0,0.0,0,-0.33977530263912814,0,1,0,0,1,0,1
0,0.0,0.0,0.0,0.0,0,-0.1427239127074995,1,0,0,0,1,0,1
0,0.0,0.0,0.0,0.0,1,-0.5368266925707568,0,1,0,0,1,0,1
0,0.0,0.0,0.0,0.0,0,-0.7338780825023853,1,0,0,0,1,0,1
0,0.0,0.0,0.0,0.0,0,0.05432747722412909,0,1,0,1,0,0,1
0,0.0,0.0,0.0,0.0,1,-0.33977530263912814,1,0,1,0,0,1,0
0,0.0,0.0,0.0,0.0,0,-0.7338780825023853,0,1,1,0,0,1,0
0,0.0,0.0,0.0,0.0,1,-0.1427239127074995,0,1,1,0,0,0,1
0,0.0,0.0,0.0,0.0,1,-0.7338780825023853,0,1,1,0,0,1,0
0,0.0,0.0,0.0,0.0,0,-0.7338780825023853,0,1,0,1,0,1,0
0,0.0,0.0,0.0,0.0,0,0.6454816470190149,1,0,1,0,0,1,0
0,0.0,0.0,0.0,0.0,0,-0.7338780825023853,1,0,1,0,0,1,0
0,0.0,0.0,0.0,0.0,0,-0.7338780825023853,0,1,1,0,0,1,0
0,0.0,0.0,0.0,0.0,0,-0.7338780825023853,0,1,0,0,1,1,0
0,0.0,0.0,0.0,0.0,1,0.4484302570873863,0,1,0,1,0,1,0
0,0.0,0.0,0.0,0.0,0,-0.7338780825023853,0,1,1,0,0,1,0
0,0.0,0.0,0.0,0.0,1,-0.5368266925707568,1,0,0,0,1,1,0
0,0.0,0.0,0.0,0.0,1,0.05432747722412909,0,1,1,0,0,0,1
0,0.0,0.0,0.0,0.0,1,-0.5368266925707568,0,1,0,0,1,0,1
0,0.0,0.0,0.0,0.0,0,1.6307385966771577,0,1,1,0,0,0,1
0,0.0,0.0,0.0,0.0,0,-0.33977530263912814,0,1,1,0,0,1,0
0,0.0,0.0,0.0,0.0,1,0.4484302570873863,0,1,1,0,0,1,0
0,0.0,0.0,0.0,0.0,1,-0.5368266925707568,1,0,1,0,0,1,0
0,0.0,0.0,0.0,0.0,0,-0.7338780825023853,0,1,1,0,0,1,0
0,0.0,0.0,0.0,0.0,1,-0.7338780825023853,0,1,1,0,0,1,0
0,0.828,0.82825166,0.8282516400433416,0.8282516400433416,1,-0.7338780825023853,1,0,0,1,0,0,1
0,0.0,0.0,0.0,0.0,0,1.4336872067455293,1,0,0,1,0,1,0
0,0.0,0.0,0.0,0.0,0,-0.7338780825023853,0,1,1,0,0,1,0
0,0.0,0.0,0.0,0.0,0,-0.33977530263912814,0,1,0,0,1,1,0
0,0.0,0.0,0.0,0.0,0,1.2366358168139007,0,1,1,0,0,1,0
0,0.0,0.0,0.0,0.0,0,-0.5368266925707568,0,1,0,0,1,1,0
0,0.0,0.0,0.0,0.0,1,-0.5368266925707568,1,0,0,0,1,1,0
0,0.0,0.0,0.0,0.0,0,-0.7338780825023853,0,1,0,0,1,1,0
0,0.0,0.0,0.0,0.0,1,-0.5368266925707568,0,1,0,1,0,1,0
0,0.0,0.0,0.0,0.0,1,-0.7338780825023853,0,1,1,0,0,1,0
0,0.0,0.0,0.0,0.0,0,-0.5368266925707568,0,1,1,0,0,1,0
0,0.0,0.0,0.0,0.0,0,-0.5368266925707568,1,0,1,0,0,1,0
0,0.0,0.0,0.0,0.0,0,-0.1427239127074995,0,1,1,0,0,0,1
0,0.0,0.0,0.0,0.0,1,-0.33977530263912814,1,0,1,0,0,1,0
0,0.0,0.0,0.0,0.0,0,0.05432747722412909,0,1,1,0,0,0,1
0,0.0,0.0,0.0,0.0,1,-0.33977530263912814,0,1,1,0,0,1,0
0,0.0,0.0,0.0,0.0,0,-0.5368266925707568,1,0,0,0,1,1,0
0,0.0,0.0,0.0,0.0,1,0.6454816470190149,0,1,1,0,0,0,1
0,0.0,0.0,0.0,0.0,1,0.05432747722412909,0,1,1,0,0,1,0
0,0.0,0.0,0.0,0.0,1,1.4336872067455293,0,1,1,0,0,1,0
0,0.0,0.0,0.0,0.0,0,-0.7338780825023853,0,1,0,1,0,0,1
0,0.0,0.0,0.0,0.0,0,-0.33977530263912814,0,1,1,0,0,0,1
0,0.0,0.0,0.0,0.0,0,0.2513788671557577,0,1,1,0,0,1,0
0,0.0,0.0,0.0,0.0,0,3.2071497161301865,0,1,0,1,0,0,1
0,0.0,0.0,0.0,0.0,0,1.039584426882272,0,1,1,0,0,1,0
0,0.0,0.0,0.0,0.0,0,0.4484302570873863,0,1,1,0,0,1,0
0,0.0,0.0,0.0,0.0,0,-0.5368266925707568,0,1,1,0,0,0,1
0,0.0,0.0,0.0,0.0,0,2.0248413765404147,0,1,1,0,0,1,0
0,0.0,0.0,0.0,0.0,0,-0.7338780825023853,0,1,1,0,0,1,0
0,0.0,0.0,0.0,0.0,1,-0.7338780825023853,0,1,1,0,0,0,1
0,0.0,0.0,0.0,0.0,0,-0.7338780825023853,1,0,1,0,0,1,0
0,0.0,0.0,0.0,0.0,0,-0.7338780825023853,0,1,1,0,0,1,0
0,0.0,0.0,0.0,0.0,0,-0.5368266925707568,0,1,0,1,0,0,1
0,0.0,0.0,0.0,0.0,0,-0.33977530263912814,1,0,1,0,0,1,0
0,0.0,0.0,0.0,0.0,1,0.2513788671557577,0,1,0,0,1,1,0
0,0.0,0.0,0.0,0.0,1,-0.33977530263912814,0,1,1,0,0,0,1
0,0.0,0.0,0.0,0.0,1,-0.33977530263912814,0,1,1,0,0,1,0
0,0.0,0.0,0.0,0.0,1,-0.33977530263912814,0,1,1,0,0,1,0
0,0.0,0.0,0.0,0.0,0,-0.1427239127074995,1,0,1,0,0,1,0
0,0.0,0.0,0.0,0.0,0,-0.7338780825023853,0,1,1,0,0,1,0
0,0.0,0.0,0.0,0.0,1,-0.7338780825023853,0,1,1,0,0,1,0
0,0.0,0.0,0.0,0.0,0,0.4484302570873863,0,1,1,0,0,0,1
0,0.0,0.0,0.0,0.0,0,-0.7338780825023853,0,1,0,0,1,0,1
0,0.0,0.0,0.0,0.0,0,-0.33977530263912814,0,1,0,0,1,0,1
0,0.0,0.0,0.0,0.0,0,-0.5368266925707568,0,1,0,0,1,1,0
0,0.0,0.0,0.0,0.0,0,-0.33977530263912814,1,0,0,0,1,1,0
0,0.8,0.7999937,0.7999936823666833,0.7999936823666833,1,-0.33977530263912814,0,1,0,1,0,1,0
0,0.0,0.0,0.0,0.0,1,-0.5368266925707568,0,1,0,1,0,0,1
0,0.0,0.0,0.0,0.0,1,-0.5368266925707568,0,1,0,1,0,1,0
0,0.0,0.0,0.0,0.0,0,-0.7338780825023853,1,0,0,0,1,0,1
0,0.0,0.0,0.0,0.0,0,0.2513788671557577,0,1,1,0,0,1,0
0,0.0,0.0,0.0,0.0,0,-0.1427239127074995,0,1,1,0,0,1,0
0,0.0,0.0,0.0,0.0,0,-0.7338780825023853,0,1,0,1,0,0,1
0,0.0,0.0,0.0,0.0,1,0.6454816470190149,0,1,1,0,0,1,0
0,0.0,0.0,0.0,0.0,0,-0.7338780825023853,0,1,0,0,1,1,0
0,0.0,0.0,0.0,0.0,0,2.2218927664720436,0,1,1,0,0,0,1
0,0.0,0.0,0.0,0.0,0,-0.7338780825023853,0,1,1,0,0,1,0
0,0.0,0.0,0.0,0.0,1,-0.7338780825023853,0,1,1,0,0,1,0
0,0.0,0.0,0.0,0.0,0,-0.7338780825023853,0,1,0,0,1,1,0
0,0.0,0.0,0.0,0.0,1,-0.7338780825023853,0,1,1,0,0,1,0
0,0.0,0.0,0.0,0.0,0,-0.1427239127074995,0,1,0,1,0,0,1
0,0.0,0.0,0.0,0.0,0,-0.7338780825023853,0,1,0,0,1,1,0
0,0.0,0.0,0.0,0.0,1,0.05432747722412909,0,1,1,0,0,1,0
0,0.0,0.0,0.0,0.0,0,0.6454816470190149,0,1,1,0,0,0,1
0,0.0,0.0,0.0,0.0,0,1.6307385966771577,0,1,1,0,0,1,0
0,0.0,0.0,0.0,0.0,0,-0.33977530263912814,1,0,1,0,0,1,0
0,0.0,0.0,0.0,0.0,0,0.6454816470190149,1,0,1,0,0,1,0
0,0.0,0.0,0.0,0.0,0,-0.33977530263912814,0,1,1,0,0,1,0
0,0.0,0.0,0.0,0.0,0,3.6012524959934438,0,1,1,0,0,1,0
0,0.0,0.0,0.0,0.0,1,-0.7338780825023853,0,1,0,1,0,0,1
0,0.0,0.0,0.0,0.0,1,0.05432747722412909,0,1,1,0,0,0,1
0,0.0,0.0,0.0,0.0,0,2.0248413765404147,1,0,1,0,0,1,0
0,0.0,0.0,0.0,0.0,1,0.05432747722412909,0,1,1,0,0,1,0
0,0.0,0.0,0.0,0.0,0,0.8425330369506435,0,1,1,0,0,1,0
0,0.0,0.0,0.0,0.0,0,-0.5368266925707568,0,1,0,0,1,1,0
0,0.0,0.0,0.0,0.0,0,0.8425330369506435,0,1,1,0,0,1,0
0,0.0,0.0,0.0,0.0,0,0.6454816470190149,0,1,1,0,0,1,0
0,0.0,0.0,0.0,0.0,0,-0.7338780825023853,0,1,1,0,0,1,0
0,0.0,0.0,0.0,0.0,1,-0.5368266925707568,0,1,0,1,0,0,1
0,0.0,0.0,0.0,0.0,1,-0.7338780825023853,1,0,1,0,0,0,1
0,0.0,0.0,0.0,0.0,0,-0.5368266925707568,0,1,1,0,0,1,0
0,0.0,0.0,0.0,0.0,1,-0.7338780825023853,0,1,0,1,0,0,1
0,0.0,0.0,0.0,0.0,1,-0.7338780825023853,0,1,0,1,0,0,1
0,0.0,0.0,0.0,0.0,0,1.6307385966771577,0,1,0,1,0,1,0
0,0.0,0.0,0.0,0.0,1,-0.7338780825023853,0,1,0,1,0,1,0
0,0.0,0.0,0.0,0.0,0,2.2218927664720436,0,1,0,1,0,1,0
0,0.0,0.0,0.0,0.0,0,-0.5368266925707568,0,1,1,0,0,1,0
0,0.0,0.0,0.0,0.0,0,0.05432747722412909,1,0,1,0,0,1,0
0,0.8223,0.8221855,0.8221855039190834,0.8221855039190834,1,-0.33977530263912814,0,1,0,1,0,1,0
0,0.0,0.0,0.0,0.0,0,-0.7338780825023853,1,0,1,0,0,0,1
0,0.0,0.0,0.0,0.0,0,4.192406665788329,0,1,1,0,0,0,1
0,0.0,0.0,0.0,0.0,0,-0.5368266925707568,1,0,1,0,0,0,1
0,0.0,0.0,0.0,0.0,1,-0.7338780825023853,0,1,1,0,0,1,0
0,0.0,0.0,0.0,0.0,0,-0.7338780825023853,1,0,1,0,0,0,1
0,0.0,0.0,0.0,0.0,0,-0.7338780825023853,0,1,1,0,0,0,1
0,0.0,0.0,0.0,0.0,0,-0.7338780825023853,0,1,0,0,1,1,0
0,0.0,0.0,0.0,0.0,0,-0.5368266925707568,0,1,0,1,0,1,0
0,0.0,0.0,0.0,0.0,0,1.2366358168139007,0,1,0,1,0,1,0
0,0.0,0.0,0.0,0.0,0,0.8425330369506435,0,1,0,1,0,1,0
0,0.0,0.0,0.0,0.0,0,-0.5368266925707568,0,1,0,0,1,1,0
0,0.0,0.0,0.0,0.0,0,2.615995546335301,0,1,0,1,0,1,0
0,0.0,0.0,0.0,0.0,0,-0.7338780825023853,0,1,0,0,1,1,0
0,0.0,0.0,0.0,0.0,0,0.05432747722412909,0,1,1,0,0,1,0
0,0.0,0.0,0.0,0.0,0,-0.1427239127074995,0,1,1,0,0,1,0
0,0.0,0.0,0.0,0.0,1,-0.7338780825023853,0,1,0,0,1,1,0
0,0.0,0.0,0.0,0.0,0,-0.7338780825023853,1,0,0,0,1,1,0
0,0.0,0.0,0.0,0.0,0,-0.33977530263912814,1,0,0,1,0,1,0
0,0.0,0.0,0.0,0.0,0,-0.5368266925707568,0,1,0,1,0,0,1
0,0.0,0.0,0.0,0.0,0,-0.1427239127074995,0,1,1,0,0,1,0
0,0.0,0.0,0.0,0.0,1,-0.33977530263912814,0,1,0,0,1,1,0
0,0.7915,0.7916985,0.7916985001248851,0.7916985001248851,1,-0.7338780825023853,1,0,0,1,0,0,1
0,0.0,0.0,0.0,0.0,0,0.05432747722412909,0,1,1,0,0,1,0
0,0.0,0.0,0.0,0.0,0,0.4484302570873863,0,1,1,0,0,1,0
0,0.0,0.0,0.0,0.0,0,1.4336872067455293,0,1,1,0,0,0,1
0,0.0,0.0,0.0,0.0,0,2.418944156403672,0,1,1,0,0,1,0
0,0.0,0.0,0.0,0.0,0,0.2513788671557577,0,1,1,0,0,0,1
0,0.0,0.0,0.0,0.0,1,-0.33977530263912814,1,0,0,1,0,1,0
0,0.0,0.0,0.0,0.0,1,-0.7338780825023853,0,1,1,0,0,1,0
0,0.0,0.0,0.0,0.0,0,-0.5368266925707568,0,1,0,0,1,1,0
0,0.0,0.0,0.0,0.0,0,-0.5368266925707568,0,1,1,0,0,0,1
0,0.0,0.0,0.0,0.0,0,-0.7338780825023853,0,1,0,0,1,1,0
0,0.0,0.0,0.0,0.0,1,-0.1427239127074995,0,1,0,1,0,0,1
0,0.811,0.8112781,0.8112781244591328,0.8112781244591328,1,-0.33977530263912814,0,1,0,1,0,1,0
0,0.0,0.0,0.0,0.0,1,-0.1427239127074995,0,1,1,0,0,1,0
0,0.0,0.0,0.0,0.0,1,-0.7338780825023853,0,1,1,0,0,0,1
0,0.0,0.0,0.0,0.0,1,-0.7338780825023853,0,1,0,1,0,1,0
0,0.0,0.0,0.0,0.0,0,0.8425330369506435,0,1,1,0,0,1,0
0,0.0,0.0,0.0,0.0,0,0.05432747722412909,1,0,0,0,1,1,0
0,0.0,0.0,0.0,0.0,0,1.039584426882272,0,1,1,0,0,1,0
0,0.8516,0.8513308,0.8513308265508037,0.8513308265508037,1,-0.33977530263912814,0,1,0,1,0,1,0
0,0.0,0.0,0.0,0.0,0,-0.33977530263912814,0,1,1,0,0,1,0
0,0.0,0.0,0.0,0.0,0,-0.7338780825023853,0,1,1,0,0,1,0
0,0.0,0.0,0.0,0.0,0,3.6012524959934438,0,1,1,0,0,1,0
0,0.0,0.0,0.0,0.0,1,-0.5368266925707568,1,0,0,1,0,1,0
0,0.0,0.0,0.0,0.0,0,-0.7338780825023853,0,1,1,0,0,1,0
0,0.0,0.0,0.0,0.0,1,-0.33977530263912814,1,0,0,1,0,1,0
0,0.0,0.0,0.0,0.0,0,-0.33977530263912814,0,1,1,0,0,1,0
0,0.0,0.0,0.0,0.0,0,1.6307385966771577,0,1,0,1,0,0,1
0,0.0,0.0,0.0,0.0,1,-0.7338780825023853,0,1,0,0,1,1,0
0,0.0,0.0,0.0,0.0,1,-0.7338780825023853,1,0,0,1,0,1,0
0,0.0,0.0,0.0,0.0,1,-0.7338780825023853,1,0,1,0,0,1,0
0,0.0,0.0,0.0,0.0,0,-0.7338780825023853,1,0,1,0,0,1,0
0,0.0,0.0,0.0,0.0,0,-0.1427239127074995,1,0,1,0,0,0,1
0,0.0,0.0,0.0,0.0,0,0.05432747722412909,0,1,0,0,1,1,0
0,0.0,0.0,0.0,0.0,0,-0.33977530263912814,0,1,0,0,1,1,0
0,0.0,0.0,0.0,0.0,0,-0.5368266925707568,0,1,1,0,0,0,1
0,0.0,0.0,0.0,0.0,1,-0.33977530263912814,0,1,1,0,0,0,1
0,0.0,0.0,0.0,0.0,1,-0.33977530263912814,1,0,1,0,0,1,0
0,0.0,0.0,0.0,0.0,0,0.2513788671557577,0,1,1,0,0,1,0
0,0.0,0.0,0.0,0.0,1,-0.5368266925707568,1,0,1,0,0,0,1
0,0.0,0.0,0.0,0.0,1,-0.7338780825023853,0,1,0,1,0,1,0
0,0.0,0.0,0.0,0.0,0,-0.33977530263912814,0,1,0,1,0,0,1
0,0.0,0.0,0.0,0.0,0,-0.5368266925707568,0,1,1,0,0,1,0
0,0.0,0.0,0.0,0.0,1,0.8425330369506435,0,1,1,0,0,0,1
0,0.0,0.0,0.0,0.0,0,1.2366358168139007,0,1,1,0,0,1,0
0,0.0,0.0,0.0,0.0,0,-0.5368266925707568,1,0,1,0,0,0,1
0,0.0,0.0,0.0,0.0,1,-0.7338780825023853,0,1,1,0,0,0,1
0,0.0,0.0,0.0,0.0,1,0.2513788671557577,0,1,1,0,0,1,0
0,0.0,0.0,0.0,0.0,0,-0.5368266925707568,1,0,0,0,1,1,0
0,0.0,0.0,0.0,0.0,1,-0.5368266925707568,0,1,1,0,0,1,0
0,0.0,0.0,0.0,0.0,0,-0.7338780825023853,0,1,1,0,0,1,0
0,0.0,0.0,0.0,0.0,1,-0.7338780825023853,0,1,0,0,1,0,1
0,0.0,0.0,0.0,0.0,1,-0.33977530263912814,1,0,1,0,0,1,0
0,0.0,0.0,0.0,0.0,0,-0.1427239127074995,0,1,0,0,1,1,0
0,0.0,0.0,0.0,0.0,1,-0.33977530263912814,0,1,1,0,0,1,0
0,0.0,0.0,0.0,0.0,0,0.8425330369506435,0,1,0,1,0,1,0
0,0.7915,0.7916985,0.7916985001248851,0.7916985001248851,1,-0.7338780825023853,1,0,0,1,0,0,1
0,0.0,0.0,0.0,0.0,0,0.2513788671557577,0,1,1,0,0,0,1
0,0.0,0.0,0.0,0.0,1,0.05432747722412909,0,1,1,0,0,0,1
0,0.0,0.0,0.0,0.0,0,-0.1427239127074995,0,1,0,1,0,0,1
0,0.0,0.0,0.0,0.0,0,0.2513788671557577,0,1,0,1,0,1,0
0,0.0,0.0,0.0,0.0,0,-0.1427239127074995,1,0,1,0,0,0,1
0,0.0,0.0,0.0,0.0,0,-0.7338780825023853,0,1,0,0,1,1,0
0,0.0,0.0,0.0,0.0,1,0.2513788671557577,0,1,1,0,0,0,1
0,0.0,0.0,0.0,0.0,1,0.05432747722412909,1,0,1,0,0,0,1
0,0.0,0.0,0.0,0.0,1,-0.7338780825023853,1,0,0,0,1,0,1
0,0.0,0.0,0.0,0.0,1,0.4484302570873863,1,0,1,0,0,1,0
0,0.0,0.0,0.0,0.0,1,-0.5368266925707568,0,1,0,1,0,1,0
0,0.0,0.0,0.0,0.0,1,-0.5368266925707568,0,1,0,0,1,1,0
0,0.0,0.0,0.0,0.0,1,1.8277899866087863,0,1,1,0,0,1,0
0,0.0,0.0,0.0,0.0,1,-0.7338780825023853,0,1,0,1,0,0,1
0,0.0,0.0,0.0,0.0,0,-0.5368266925707568,0,1,0,0,1,1,0
0,0.0,0.0,0.0,0.0,1,-0.33977530263912814,0,1,1,0,0,1,0
0,0.0,0.0,0.0,0.0,0,-0.33977530263912814,0,1,0,0,1,1,0
0,0.0,0.0,0.0,0.0,0,0.2513788671557577,0,1,0,1,0,0,1
0,0.0,0.0,0.0,0.0,1,-0.33977530263912814,1,0,0,0,1,1,0
0,0.0,0.0,0.0,0.0,0,-0.33977530263912814,0,1,1,0,0,1,0
0,0.0,0.0,0.0,0.0,0,-0.7338780825023853,0,1,0,0,1,1,0
0,0.0,0.0,0.0,0.0,0,2.418944156403672,1,0,1,0,0,1,0
0,0.0,0.0,0.0,0.0,0,-0.7338780825023853,0,1,1,0,0,1,0
0,0.0,0.0,0.0,0.0,0,0.6454816470190149,0,1,1,0,0,1,0
0,0.0,0.0,0.0,0.0,0,-0.7338780825023853,0,1,0,0,1,1,0
0,0.0,0.0,0.0,0.0,0,3.2071497161301865,0,1,1,0,0,1,0
0,0.0,0.0,0.0,0.0,0,-0.33977530263912814,0,1,1,0,0,1,0
0,0.0,0.0,0.0,0.0,0,-0.7338780825023853,1,0,0,1,0,1,0
0,0.0,0.0,0.0,0.0,0,-0.5368266925707568,1,0,0,0,1,0,1
0,0.0,0.0,0.0,0.0,0,-0.33977530263912814,0,1,1,0,0,1,0
0,0.0,0.0,0.0,0.0,0,-0.5368266925707568,0,1,0,0,1,0,1
0,0.0,0.0,0.0,0.0,0,0.05432747722412909,0,1,1,0,0,1,0
0,0.0,0.0,0.0,0.0,0,0.4484302570873863,0,1,1,0,0,0,1
0,0.0,0.0,0.0,0.0,1,-0.5368266925707568,0,1,0,1,0,0,1
0,0.0,0.0,0.0,0.0,0,-0.5368266925707568,1,0,0,0,1,1,0
0,0.0,0.0,0.0,0.0,0,0.05432747722412909,1,0,0,1,0,1,0
0,0.0,0.0,0.0,0.0,0,4.980612225514844,0,1,1,0,0,1,0
0,0.0,0.0,0.0,0.0,0,-0.33977530263912814,0,1,1,0,0,1,0
0,0.0,0.0,0.0,0.0,0,-0.5368266925707568,0,1,0,0,1,1,0
0,0.0,0.0,0.0,0.0,0,-0.7338780825023853,1,0,1,0,0,0,1
0,0.0,0.0,0.0,0.0,1,-0.7338780825023853,1,0,1,0,0,0,1
0,0.0,0.0,0.0,0.0,1,0.6454816470190149,1,0,1,0,0,0,1
0,0.0,0.0,0.0,0.0,0,0.05432747722412909,0,1,1,0,0,0,1
0,0.0,0.0,0.0,0.0,0,2.615995546335301,0,1,0,0,1,1,0
0,0.0,0.0,0.0,0.0,0,1.2366358168139007,1,0,1,0,0,0,1
0,0.0,0.0,0.0,0.0,1,-0.33977530263912814,0,1,1,0,0,0,1
0,0.0,0.0,0.0,0.0,0,-0.1427239127074995,0,1,1,0,0,1,0
0,0.0,0.0,0.0,0.0,1,-0.5368266925707568,1,0,0,1,0,1,0
0,0.0,0.0,0.0,0.0,1,-0.5368266925707568,0,1,1,0,0,0,1
0,0.0,0.0,0.0,0.0,1,-0.7338780825023853,0,1,1,0,0,0,1
0,0.0,0.0,0.0,0.0,0,-0.7338780825023853,0,1,0,0,1,0,1
0,0.0,0.0,0.0,0.0,0,-0.7338780825023853,0,1,0,1,0,0,1
0,0.0,0.0,0.0,0.0,1,1.039584426882272,0,1,1,0,0,1,0
0,0.0,0.0,0.0,0.0,1,-0.7338780825023853,1,0,1,0,0,0,1
0,0.0,0.0,0.0,0.0,0,-0.5368266925707568,0,1,0,0,1,1,0
0,0.0,0.0,0.0,0.0,1,-0.7338780825023853,0,1,0,1,0,1,0
0,0.0,0.0,0.0,0.0,1,-0.7338780825023853,0,1,0,1,0,0,1
0,0.0,0.0,0.0,0.0,1,-0.33977530263912814,1,0,1,0,0,0,1
0,0.0,0.0,0.0,0.0,1,-0.7338780825023853,0,1,0,0,1,1,0
0,0.0,0.0,0.0,0.0,0,1.2366358168139007,0,1,1,0,0,0,1
0,0.0,0.0,0.0,0.0,0,-0.33977530263912814,0,1,0,0,1,1,0
0,0.0,0.0,0.0,0.0,0,0.2513788671557577,0,1,1,0,0,0,1
0,0.0,0.0,0.0,0.0,1,-0.7338780825023853,1,0,0,1,0,1,0
0,0.0,0.0,0.0,0.0,0,-0.5368266925707568,0,1,1,0,0,1,0
0,0.0,0.0,0.0,0.0,0,0.05432747722412909,0,1,0,1,0,0,1
0,0.0,0.0,0.0,0.0,0,-0.33977530263912814,0,1,1,0,0,1,0
0,0.0,0.0,0.0,0.0,0,-0.5368266925707568,1,0,0,1,0,1,0
0,0.0,0.0,0.0,0.0,1,-0.5368266925707568,1,0,0,0,1,0,1
0,0.0,0.0,0.0,0.0,1,-0.5368266925707568,0,1,1,0,0,1,0
0,0.0,0.0,0.0,0.0,0,1.039584426882272,0,1,0,1,0,1,0
0,0.0,0.0,0.0,0.0,0,1.039584426882272,0,1,1,0,0,1,0
0,0.0,0.0,0.0,0.0,0,0.4484302570873863,0,1,1,0,0,1,0
0,0.0,0.0,0.0,0.0,1,0.8425330369506435,0,1,0,1,0,1,0
0,0.0,0.0,0.0,0.0,0,-0.33977530263912814,0,1,1,0,0,1,0
0,0.0,0.0,0.0,0.0,1,-0.33977530263912814,0,1,1,0,0,1,0
0,0.0,0.0,0.0,0.0,0,-0.7338780825023853,0,1,0,0,1,1,0
0,0.0,0.0,0.0,0.0,0,-0.33977530263912814,0,1,1,0,0,0,1
0,0.0,0.0,0.0,0.0,1,-0.7338780825023853,1,0,1,0,0,0,1
0,0.0,0.0,0.0,0.0,0,1.2366358168139007,0,1,1,0,0,1,0
0,0.0,0.0,0.0,0.0,0,-0.33977530263912814,0,1,0,0,1,1,0
0,0.0,0.0,0.0,0.0,1,-0.5368266925707568,0,1,1,0,0,1,0
0,0.0,0.0,0.0,0.0,1,-0.7338780825023853,0,1,0,0,1,0,1
0,0.7656,0.7656077,0.7656077043870684,0.7656077043870684,1,-0.33977530263912814,0,1,0,1,0,1,0
0,0.0,0.0,0.0,0.0,0,1.6307385966771577,0,1,0,0,1,1,0
0,0.0,0.0,0.0,0.0,0,0.4484302570873863,0,1,1,0,0,0,1
0,0.0,0.0,0.0,0.0,0,-0.1427239127074995,0,1,1,0,0,0,1
0,0.0,0.0,0.0,0.0,0,2.418944156403672,0,1,1,0,0,1,0
0,0.0,0.0,0.0,0.0,1,-0.5368266925707568,1,0,1,0,0,1,0
0,0.0,0.0,0.0,0.0,0,-0.5368266925707568,0,1,1,0,0,1,0
0,0.0,0.0,0.0,0.0,0,1.2366358168139007,0,1,1,0,0,1,0
0,0.0,0.0,0.0,0.0,1,-0.33977530263912814,0,1,1,0,0,1,0
0,0.0,0.0,0.0,0.0,1,-0.5368266925707568,0,1,0,1,0,1,0
0,0.0,0.0,0.0,0.0,1,-0.7338780825023853,0,1,1,0,0,1,0
0,0.0,0.0,0.0,0.0,1,-0.5368266925707568,1,0,0,1,0,0,1
0,0.0,0.0,0.0,0.0,0,0.2513788671557577,0,1,1,0,0,0,1
0,0.0,0.0,0.0,0.0,1,-0.1427239127074995,0,1,1,0,0,1,0
0,0.0,0.0,0.0,0.0,0,-0.7338780825023853,0,1,0,0,1,1,0
0,0.0,0.0,0.0,0.0,0,-0.5368266925707568,0,1,0,0,1,1,0
0,0.0,0.0,0.0,0.0,0,-0.7338780825023853,1,0,0,0,1,1,0
0,0.0,0.0,0.0,0.0,0,-0.5368266925707568,0,1,0,1,0,0,1
0,0.0,0.0,0.0,0.0,1,-0.33977530263912814,1,0,0,0,1,1,0
0,0.0,0.0,0.0,0.0,0,-0.7338780825023853,0,1,0,0,1,1,0
0,0.0,0.0,0.0,0.0,0,-0.5368266925707568,0,1,0,0,1,1,0
0,0.0,0.0,0.0,0.0,1,0.6454816470190149,1,0,0,0,1,0,1
0,0.0,0.0,0.0,0.0,1,0.4484302570873863,0,1,1,0,0,1,0
0,0.0,0.0,0.0,0.0,1,-0.7338780825023853,0,1,0,0,1,1,0
0,0.0,0.0,0.0,0.0,1,-0.5368266925707568,0,1,0,0,1,0,1
0,0.0,0.0,0.0,0.0,1,-0.5368266925707568,1,0,0,0,1,1,0
0,0.0,0.0,0.0,0.0,1,-0.5368266925707568,0,1,1,0,0,0,1
0,0.0,0.0,0.0,0.0,0,-0.33977530263912814,0,1,0,0,1,1,0
0,0.0,0.0,0.0,0.0,0,0.05432747722412909,0,1,1,0,0,1,0
0,0.0,0.0,0.0,0.0,0,-0.5368266925707568,0,1,0,0,1,1,0
0,0.0,0.0,0.0,0.0,1,-0.7338780825023853,0,1,0,1,0,0,1
0,0.0,0.0,0.0,0.0,0,-0.7338780825023853,0,1,0,0,1,1,0
0,0.0,0.0,0.0,0.0,0,-0.7338780825023853,0,1,1,0,0,1,0
0,0.0,0.0,0.0,0.0,0,3.010098326198558,0,1,0,1,0,1,0
0,0.0,0.0,0.0,0.0,0,-0.7338780825023853,0,1,1,0,0,0,1
0,0.0,0.0,0.0,0.0,1,-0.5368266925707568,0,1,0,1,0,0,1
0,0.0,0.0,0.0,0.0,0,-0.33977530263912814,0,1,0,0,1,1,0
0,0.0,0.0,0.0,0.0,0,3.995355275856701,0,1,0,1,0,0,1
0,0.0,0.0,0.0,0.0,0,-0.7338780825023853,1,0,1,0,0,1,0
0,0.0,0.0,0.0,0.0,0,-0.33977530263912814,0,1,0,0,1,1,0
0,0.0,0.0,0.0,0.0,1,-0.1427239127074995,1,0,1,0,0,1,0
0,0.0,0.0,0.0,0.0,0,-0.7338780825023853,0,1,1,0,0,1,0
0,0.0,0.0,0.0,0.0,0,1.4336872067455293,0,1,1,0,0,1,0
0,0.0,0.0,0.0,0.0,1,-0.5368266925707568,0,1,1,0,0,1,0
0,0.0,0.0,0.0,0.0,1,0.4484302570873863,0,1,1,0,0,1,0
0,0.0,0.0,0.0,0.0,1,-0.33977530263912814,0,1,0,0,1,1,0
0,0.0,0.0,0.0,0.0,0,-0.5368266925707568,0,1,1,0,0,0,1
0,0.0,0.0,0.0,0.0,0,1.2366358168139007,1,0,1,0,0,1,0
0,0.0,0.0,0.0,0.0,0,-0.7338780825023853,1,0,0,0,1,1,0
0,0.0,0.0,0.0,0.0,0,2.0248413765404147,0,1,1,0,0,1,0
0,0.0,0.0,0.0,0.0,0,0.8425330369506435,0,1,0,1,0,0,1
0,0.0,0.0,0.0,0.0,0,0.05432747722412909,1,0,1,0,0,1,0
0,0.0,0.0,0.0,0.0,0,-0.7338780825023853,0,1,1,0,0,0,1
0,0.0,0.0,0.0,0.0,0,-0.33977530263912814,0,1,1,0,0,1,0
0,0.0,0.0,0.0,0.0,1,-0.7338780825023853,0,1,1,0,0,1,0
0,0.0,0.0,0.0,0.0,1,-0.1427239127074995,0,1,1,0,0,0,1
0,0.0,0.0,0.0,0.0,1,-0.7338780825023853,0,1,1,0,0,1,0
0,0.0,0.0,0.0,0.0,0,1.039584426882272,0,1,1,0,0,0,1
0,0.0,0.0,0.0,0.0,0,3.6012524959934438,0,1,1,0,0,1,0
0,0.0,0.0,0.0,0.0,0,-0.1427239127074995,0,1,1,0,0,0,1
0,0.0,0.0,0.0,0.0,0,0.2513788671557577,0,1,1,0,0,1,0
0,0.0,0.0,0.0,0.0,1,2.418944156403672,0,1,1,0,0,1,0
0,0.0,0.0,0.0,0.0,1,-0.7338780825023853,0,1,1,0,0,1,0
0,0.0,0.0,0.0,0.0,0,-0.7338780825023853,1,0,0,0,1,1,0
0,0.0,0.0,0.0,0.0,0,0.6454816470190149,0,1,1,0,0,1,0
0,0.0,0.0,0.0,0.0,1,4.586509445651587,0,1,0,1,0,0,1
0,0.0,0.0,0.0,0.0,0,-0.33977530263912814,0,1,1,0,0,1,0
0,0.0,0.0,0.0,0.0,0,1.8277899866087863,0,1,1,0,0,1,0
0,0.0,0.0,0.0,0.0,0,0.2513788671557577,0,1,1,0,0,1,0
0,0.0,0.0,0.0,0.0,0,0.2513788671557577,0,1,1,0,0,1,0
0,0.0,0.0,0.0,0.0,0,-0.5368266925707568,0,1,0,0,1,1,0
0,0.0,0.0,0.0,0.0,0,-0.1427239127074995,0,1,1,0,0,0,1
0,0.0,0.0,0.0,0.0,1,-0.7338780825023853,0,1,1,0,0,1,0
0,0.0,0.0,0.0,0.0,1,-0.7338780825023853,1,0,1,0,0,0,1
0,0.0,0.0,0.0,0.0,0,0.4484302570873863,0,1,0,0,1,1,0
0,0.0,0.0,0.0,0.0,1,-0.7338780825023853,0,1,0,0,1,1,0
0,0.8633,0.863498,0.8634979738266906,0.8634979738266906,1,-0.7338780825023853,1,0,0,1,0,0,1
0,0.0,0.0,0.0,0.0,0,2.418944156403672,0,1,0,1,0,1,0
0,0.0,0.0,0.0,0.0,0,0.2513788671557577,0,1,1,0,0,1,0
0,0.0,0.0,0.0,0.0,0,-0.1427239127074995,1,0,1,0,0,1,0
0,0.0,0.0,0.0,0.0,0,-0.33977530263912814,0,1,1,0,0,0,1
0,0.0,0.0,0.0,0.0,0,-0.1427239127074995,1,0,0,0,1,1,0
0,0.0,0.0,0.0,0.0,0,-0.7338780825023853,0,1,0,0,1,1,0
0,0.0,0.0,0.0,0.0,0,-0.1427239127074995,1,0,1,0,0,1,0
0,0.0,0.0,0.0,0.0,0,-0.5368266925707568,1,0,1,0,0,0,1
0,0.0,0.0,0.0,0.0,1,-0.7338780825023853,1,0,0,1,0,1,0
0,0.0,0.0,0.0,0.0,1,-0.7338780825023853,0,1,0,0,1,1,0
0,0.0,0.0,0.0,0.0,1,0.8425330369506435,0,1,1,0,0,1,0
0,0.0,0.0,0.0,0.0,0,-0.7338780825023853,0,1,0,0,1,0,1
0,0.0,0.0,0.0,0.0,0,1.039584426882272,0,1,1,0,0,1,0
0,0.0,0.0,0.0,0.0,0,3.4042011060618154,0,1,0,1,0,1,0
0,0.0,0.0,0.0,0.0,0,-0.1427239127074995,0,1,1,0,0,1,0
0,0.0,0.0,0.0,0.0,0,-0.1427239127074995,0,1,0,1,0,1,0
0,0.0,0.0,0.0,0.0,0,-0.7338780825023853,0,1,1,0,0,1,0
0,0.0,0.0,0.0,0.0,1,-0.1427239127074995,0,1,0,1,0,1,0
0,0.0,0.0,0.0,0.0,0,0.8425330369506435,1,0,1,0,0,1,0
0,0.0,0.0,0.0,0.0,1,-0.33977530263912814,0,1,1,0,0,0,1
0,0.0,0.0,0.0,0.0,1,-0.5368266925707568,0,1,1,0,0,1,0
0,0.0,0.0,0.0,0.0,0,-0.7338780825023853,1,0,1,0,0,1,0
0,0.0,0.0,0.0,0.0,1,0.05432747722412909,0,1,1,0,0,0,1
0,0.0,0.0,0.0,0.0,0,-0.7338780825023853,0,1,1,0,0,0,1
0,0.0,0.0,0.0,0.0,0,-0.33977530263912814,0,1,0,0,1,1,0
0,0.0,0.0,0.0,0.0,1,-0.7338780825023853,0,1,1,0,0,1,0
0,0.0,0.0,0.0,0.0,0,-0.7338780825023853,0,1,1,0,0,0,1
0,0.0,0.0,0.0,0.0,1,-0.7338780825023853,0,1,0,1,0,1,0
0,0.0,0.0,0.0,0.0,1,-0.1427239127074995,0,1,0,1,0,1,0
0,0.0,0.0,0.0,0.0,0,-0.5368266925707568,0,1,0,0,1,1,0
0,0.0,0.0,0.0,0.0,1,-0.5368266925707568,0,1,0,0,1,1,0
0,0.0,0.0,0.0,0.0,1,-0.7338780825023853,0,1,1,0,0,1,0
0,0.0,0.0,0.0,0.0,0,0.2513788671557577,0,1,1,0,0,1,0
0,0.0,0.0,0.0,0.0,1,-0.7338780825023853,1,0,1,0,0,0,1
0,0.0,0.0,0.0,0.0,1,-0.33977530263912814,0,1,1,0,0,0,1
0,0.0,0.0,0.0,0.0,0,1.039584426882272,0,1,0,1,0,1,0
0,0.0,0.0,0.0,0.0,0,-0.33977530263912814,0,1,1,0,0,0,1
0,0.0,0.0,0.0,0.0,1,0.05432747722412909,0,1,1,0,0,1,0
0,0.0,0.0,0.0,0.0,0,-0.7338780825023853,0,1,1,0,0,1,0
0,0.0,0.0,0.0,0.0,0,-0.7338780825023853,0,1,0,0,1,1,0
0,0.0,0.0,0.0,0.0,0,-0.7338780825023853,0,1,0,0,1,1,0
0,0.0,0.0,0.0,0.0,1,-0.7338780825023853,0,1,0,1,0,1,0
0,0.0,0.0,0.0,0.0,1,-0.7338780825023853,0,1,1,0,0,1,0
0,0.0,0.0,0.0,0.0,1,-0.7338780825023853,0,1,0,1,0,0,1
0,0.0,0.0,0.0,0.0,1,0.4484302570873863,0,1,1,0,0,0,1
0,0.0,0.0,0.0,0.0,0,0.2513788671557577,1,0,0,0,1,1,0
0,0.0,0.0,0.0,0.0,1,1.6307385966771577,0,1,0,1,0,1,0
0,0.0,0.0,0.0,0.0,1,-0.1427239127074995,0,1,1,0,0,1,0
0,0.0,0.0,0.0,0.0,0,2.2218927664720436,0,1,1,0,0,1,0
0,0.0,0.0,0.0,0.0,0,0.4484302570873863,0,1,1,0,0,1,0
0,0.0,0.0,0.0,0.0,0,0.05432747722412909,0,1,1,0,0,1,0
0,0.0,0.0,0.0,0.0,0,0.8425330369506435,0,1,0,0,1,1,0
0,0.0,0.0,0.0,0.0,0,-0.7338780825023853,0,1,1,0,0,1,0
0,0.0,0.0,0.0,0.0,0,-0.7338780825023853,0,1,1,0,0,1,0
0,0.0,0.0,0.0,0.0,0,-0.7338780825023853,1,0,1,0,0,1,0
0,0.0,0.0,0.0,0.0,1,-0.7338780825023853,0,1,0,1,0,1,0
0,0.0,0.0,0.0,0.0,1,-0.33977530263912814,0,1,1,0,0,1,0
0,0.0,0.0,0.0,0.0,1,-0.7338780825023853,0,1,1,0,0,0,1
0,0.0,0.0,0.0,0.0,1,-0.1427239127074995,0,1,0,1,0,1,0
0,0.0,0.0,0.0,0.0,0,-0.5368266925707568,1,0,1,0,0,0,1
0,0.0,0.0,0.0,0.0,1,-0.5368266925707568,0,1,1,0,0,1,0
0,0.0,0.0,0.0,0.0,0,0.05432747722412909,0,1,0,0,1,0,1
0,0.0,0.0,0.0,0.0,0,0.2513788671557577,0,1,1,0,0,0,1
0,0.0,0.0,0.0,0.0,0,-0.7338780825023853,0,1,0,0,1,1,0
0,0.0,0.0,0.0,0.0,0,-0.5368266925707568,0,1,1,0,0,0,1
0,0.0,0.0,0.0,0.0,0,1.039584426882272,1,0,1,0,0,1,0
0,0.0,0.0,0.0,0.0,0,-0.5368266925707568,0,1,1,0,0,1,0
0,0.0,0.0,0.0,0.0,0,0.4484302570873863,0,1,1,0,0,1,0
0,0.0,0.0,0.0,0.0,0,-0.33977530263912814,0,1,1,0,0,0,1
0,0.0,0.0,0.0,0.0,1,1.8277899866087863,0,1,1,0,0,1,0
0,0.0,0.0,0.0,0.0,0,0.05432747722412909,1,0,0,1,0,0,1
0,0.0,0.0,0.0,0.0,0,-0.7338780825023853,0,1,0,1,0,0,1
0,0.0,0.0,0.0,0.0,1,-0.7338780825023853,0,1,1,0,0,0,1
