entropy_nodtype,entropy_float16,entropy_float32,entropy_float64,entropy_longdouble,S,priors_count,sex_Female,sex_Male,age_cat_25 - 45,age_cat_Greater than 45,age_cat_Less than 25,c_charge_degree_F,c_charge_degree_M
0,0.0,0.0,0.0,0.0,0,-0.5368266925707568,0,1,0,0,1,1,0
0,0.0,0.0,0.0,0.0,1,-0.7338780825023853,0,1,1,0,0,1,0
0,0.0,0.0,0.0,0.0,0,1.2366358168139007,0,1,0,1,0,1,0
0,0.0,0.0,0.0,0.0,0,-0.5368266925707568,0,1,0,0,1,1,0
0,0.0,0.0,0.0,0.0,0,-0.7338780825023853,0,1,1,0,0,1,0
0,0.0,0.0,0.0,0.0,0,-0.1427239127074995,0,1,0,0,1,1,0
0,0.0,0.0,0.0,0.0,1,0.05432747722412909,1,0,1,0,0,0,1
0,0.0,0.0,0.0,0.0,1,-0.1427239127074995,0,1,1,0,0,0,1
0,0.0,0.0,0.0,0.0,0,0.2513788671557577,0,1,1,0,0,1,0
0,0.0,0.0,0.0,0.0,0,-0.5368266925707568,0,1,1,0,0,1,0
0,0.0,0.0,0.0,0.0,1,-0.1427239127074995,0,1,0,1,0,1,0
0,0.0,0.0,0.0,0.0,0,1.039584426882272,0,1,1,0,0,1,0
0,0.0,0.0,0.0,0.0,0,0.4484302570873863,0,1,1,0,0,0,1
0,0.0,0.0,0.0,0.0,0,-0.1427239127074995,0,1,0,1,0,0,1
0,0.0,0.0,0.0,0.0,0,-0.7338780825023853,0,1,1,0,0,0,1
0,0.0,0.0,0.0,0.0,0,-0.7338780825023853,0,1,1,0,0,0,1
0,0.0,0.0,0.0,0.0,0,1.4336872067455293,0,1,0,1,0,1,0
0,0.0,0.0,0.0,0.0,0,-0.5368266925707568,1,0,1,0,0,1,0
0,0.0,0.0,0.0,0.0,0,-0.7338780825023853,1,0,0,0,1,0,1
0,0.0,0.0,0.0,0.0,1,-0.7338780825023853,0,1,0,1,0,1,0
0,0.0,0.0,0.0,0.0,1,-0.7338780825023853,0,1,1,0,0,1,0
0,0.0,0.0,0.0,0.0,0,-0.7338780825023853,0,1,1,0,0,1,0
0,0.0,0.0,0.0,0.0,0,-0.7338780825023853,0,1,1,0,0,0,1
0,0.0,0.0,0.0,0.0,0,-0.5368266925707568,0,1,1,0,0,1,0
0,0.0,0.0,0.0,0.0,1,2.2218927664720436,0,1,0,1,0,1,0
0,0.0,0.0,0.0,0.0,0,0.05432747722412909,0,1,1,0,0,1,0
0,0.0,0.0,0.0,0.0,0,-0.33977530263912814,0,1,0,1,0,1,0
0,0.0,0.0,0.0,0.0,0,-0.7338780825023853,0,1,1,0,0,1,0
0,0.0,0.0,0.0,0.0,0,-0.5368266925707568,0,1,0,0,1,1,0
0,0.0,0.0,0.0,0.0,0,-0.5368266925707568,0,1,1,0,0,1,0
0,0.0,0.0,0.0,0.0,0,-0.33977530263912814,0,1,1,0,0,1,0
0,0.0,0.0,0.0,0.0,0,-0.5368266925707568,0,1,1,0,0,0,1
0,0.0,0.0,0.0,0.0,1,-0.7338780825023853,0,1,1,0,0,0,1
0,0.0,0.0,0.0,0.0,0,-0.7338780825023853,1,0,1,0,0,0,1
0,0.0,0.0,0.0,0.0,1,-0.5368266925707568,1,0,0,0,1,1,0
0,0.0,0.0,0.0,0.0,0,0.2513788671557577,0,1,0,1,0,1,0
0,0.0,0.0,0.0,0.0,0,-0.5368266925707568,0,1,1,0,0,0,1
0,0.0,0.0,0.0,0.0,0,0.2513788671557577,0,1,1,0,0,1,0
0,0.0,0.0,0.0,0.0,0,-0.5368266925707568,1,0,1,0,0,1,0
0,0.0,0.0,0.0,0.0,0,-0.33977530263912814,0,1,1,0,0,1,0
0,0.0,0.0,0.0,0.0,1,0.05432747722412909,0,1,1,0,0,1,0
0,0.0,0.0,0.0,0.0,0,-0.33977530263912814,0,1,0,1,0,1,0
0,0.0,0.0,0.0,0.0,0,-0.7338780825023853,0,1,1,0,0,1,0
0,0.9507,0.9506721,0.9506720926870659,0.9506720926870659,0,0.6454816470190149,0,1,1,0,0,0,1
0,0.0,0.0,0.0,0.0,0,1.4336872067455293,0,1,1,0,0,0,1
0,0.0,0.0,0.0,0.0,0,1.2366358168139007,1,0,1,0,0,1,0
0,0.0,0.0,0.0,0.0,1,-0.1427239127074995,0,1,0,1,0,0,1
0,0.0,0.0,0.0,0.0,1,0.8425330369506435,0,1,0,1,0,1,0
0,0.0,0.0,0.0,0.0,1,-0.33977530263912814,1,0,1,0,0,0,1
0,0.0,0.0,0.0,0.0,0,0.6454816470190149,0,1,1,0,0,1,0
0,0.0,0.0,0.0,0.0,0,-0.7338780825023853,0,1,1,0,0,0,1
0,0.0,0.0,0.0,0.0,1,-0.5368266925707568,0,1,1,0,0,1,0
0,0.0,0.0,0.0,0.0,1,-0.1427239127074995,0,1,0,1,0,0,1
0,0.0,0.0,0.0,0.0,0,-0.7338780825023853,0,1,0,0,1,1,0
0,0.0,0.0,0.0,0.0,0,-0.5368266925707568,1,0,1,0,0,1,0
0,0.0,0.0,0.0,0.0,0,-0.7338780825023853,0,1,1,0,0,0,1
0,0.0,0.0,0.0,0.0,0,-0.33977530263912814,0,1,1,0,0,0,1
0,0.0,0.0,0.0,0.0,0,-0.7338780825023853,0,1,1,0,0,1,0
0,0.0,0.0,0.0,0.0,1,0.2513788671557577,0,1,0,0,1,1,0
0,0.0,0.0,0.0,0.0,0,-0.7338780825023853,0,1,1,0,0,1,0
0,0.0,0.0,0.0,0.0,0,-0.5368266925707568,0,1,1,0,0,1,0
0,0.0,0.0,0.0,0.0,0,-0.7338780825023853,1,0,0,0,1,1,0
0,0.0,0.0,0.0,0.0,0,0.05432747722412909,1,0,0,1,0,1,0
0,0.0,0.0,0.0,0.0,1,-0.5368266925707568,0,1,0,1,0,1,0
0,0.0,0.0,0.0,0.0,1,-0.7338780825023853,0,1,0,1,0,0,1
0,0.0,0.0,0.0,0.0,0,-0.1427239127074995,0,1,0,1,0,1,0
0,0.0,0.0,0.0,0.0,0,-0.33977530263912814,0,1,0,0,1,0,1
0,0.0,0.0,0.0,0.0,0,2.418944156403672,0,1,0,1,0,1,0
0,0.0,0.0,0.0,0.0,0,-0.5368266925707568,0,1,0,0,1,0,1
0,0.0,0.0,0.0,0.0,1,0.4484302570873863,0,1,0,1,0,0,1
0,0.0,0.0,0.0,0.0,0,0.05432747722412909,0,1,1,0,0,1,0
0,0.0,0.0,0.0,0.0,1,-0.7338780825023853,0,1,1,0,0,0,1
0,0.0,0.0,0.0,0.0,1,0.05432747722412909,0,1,1,0,0,0,1
0,0.952,0.9521954,0.9521953766259577,0.9521953766259577,0,-0.1427239127074995,0,1,1,0,0,1,0
0,0.0,0.0,0.0,0.0,0,0.05432747722412909,0,1,1,0,0,0,1
0,0.0,0.0,0.0,0.0,0,1.2366358168139007,0,1,0,0,1,0,1
0,0.0,0.0,0.0,0.0,0,-0.7338780825023853,0,1,1,0,0,0,1
0,0.0,0.0,0.0,0.0,1,-0.7338780825023853,0,1,1,0,0,1,0
0,0.0,0.0,0.0,0.0,0,-0.7338780825023853,0,1,1,0,0,1,0
0,0.0,0.0,0.0,0.0,0,-0.33977530263912814,0,1,1,0,0,1,0
0,0.0,0.0,0.0,0.0,0,1.039584426882272,0,1,0,1,0,1,0
0,0.0,0.0,0.0,0.0,1,-0.33977530263912814,0,1,1,0,0,1,0
0,0.0,0.0,0.0,0.0,0,-0.7338780825023853,0,1,0,0,1,1,0
0,0.0,0.0,0.0,0.0,1,-0.7338780825023853,0,1,1,0,0,1,0
0,0.0,0.0,0.0,0.0,0,0.4484302570873863,1,0,0,0,1,0,1
0,0.943,0.94268316,0.9426831892554922,0.9426831892554922,0,-0.1427239127074995,0,1,1,0,0,1,0
0,0.9443,0.9443308,0.94433082595598,0.94433082595598,0,-0.1427239127074995,0,1,1,0,0,1,0
0,0.0,0.0,0.0,0.0,1,-0.1427239127074995,0,1,0,1,0,1,0
0,0.0,0.0,0.0,0.0,1,-0.7338780825023853,0,1,1,0,0,0,1
0,0.0,0.0,0.0,0.0,0,1.2366358168139007,0,1,1,0,0,1,0
0,0.0,0.0,0.0,0.0,0,-0.5368266925707568,0,1,0,0,1,1,0
0,0.0,0.0,0.0,0.0,0,-0.7338780825023853,0,1,1,0,0,1,0
0,0.0,0.0,0.0,0.0,1,-0.7338780825023853,1,0,0,1,0,0,1
0,0.9517,0.9514368,0.951436825808696,0.951436825808696,1,-0.1427239127074995,0,1,1,0,0,1,0
0,0.0,0.0,0.0,0.0,0,-0.7338780825023853,1,0,0,0,1,1,0
0,0.0,0.0,0.0,0.0,1,-0.33977530263912814,1,0,0,1,0,1,0
0,0.0,0.0,0.0,0.0,1,0.05432747722412909,0,1,0,1,0,0,1
0,0.0,0.0,0.0,0.0,0,0.2513788671557577,1,0,0,1,0,1,0
0,0.0,0.0,0.0,0.0,0,-0.5368266925707568,1,0,0,0,1,1,0
0,0.0,0.0,0.0,0.0,0,-0.5368266925707568,0,1,0,0,1,1,0
0,0.0,0.0,0.0,0.0,0,-0.5368266925707568,1,0,0,1,0,1,0
0,0.0,0.0,0.0,0.0,1,-0.7338780825023853,0,1,0,0,1,1,0
0,0.0,0.0,0.0,0.0,1,-0.33977530263912814,1,0,1,0,0,0,1
0,0.0,0.0,0.0,0.0,0,-0.5368266925707568,0,1,0,1,0,1,0
0,0.0,0.0,0.0,0.0,0,-0.33977530263912814,0,1,1,0,0,0,1
0,0.0,0.0,0.0,0.0,0,-0.5368266925707568,0,1,0,0,1,1,0
0,0.0,0.0,0.0,0.0,1,0.4484302570873863,0,1,1,0,0,1,0
0,0.0,0.0,0.0,0.0,0,1.8277899866087863,0,1,1,0,0,1,0
0,0.0,0.0,0.0,0.0,1,-0.7338780825023853,0,1,0,1,0,0,1
0,0.943,0.94268316,0.9426831892554922,0.9426831892554922,1,-0.1427239127074995,0,1,1,0,0,1,0
0,0.0,0.0,0.0,0.0,0,2.615995546335301,0,1,1,0,0,0,1
0,0.0,0.0,0.0,0.0,0,-0.7338780825023853,0,1,1,0,0,0,1
0,0.0,0.0,0.0,0.0,0,-0.7338780825023853,0,1,1,0,0,1,0
0,0.0,0.0,0.0,0.0,0,0.6454816470190149,0,1,1,0,0,1,0
0,0.0,0.0,0.0,0.0,0,0.2513788671557577,0,1,1,0,0,1,0
0,0.0,0.0,0.0,0.0,0,0.05432747722412909,0,1,1,0,0,1,0
0,0.0,0.0,0.0,0.0,0,-0.33977530263912814,0,1,1,0,0,1,0
0,0.0,0.0,0.0,0.0,0,-0.7338780825023853,1,0,1,0,0,1,0
0,0.0,0.0,0.0,0.0,0,-0.7338780825023853,0,1,1,0,0,0,1
0,0.0,0.0,0.0,0.0,0,-0.7338780825023853,0,1,0,0,1,1,0
0,0.0,0.0,0.0,0.0,1,-0.7338780825023853,0,1,1,0,0,0,1
0,0.0,0.0,0.0,0.0,0,3.2071497161301865,0,1,0,1,0,1,0
0,0.0,0.0,0.0,0.0,0,-0.1427239127074995,0,1,0,1,0,0,1
0,0.0,0.0,0.0,0.0,1,-0.5368266925707568,0,1,1,0,0,1,0
0,0.0,0.0,0.0,0.0,1,-0.5368266925707568,1,0,0,0,1,0,1
0,0.0,0.0,0.0,0.0,0,-0.7338780825023853,0,1,1,0,0,1,0
0,0.0,0.0,0.0,0.0,1,-0.7338780825023853,1,0,0,0,1,1,0
0,0.9375,0.93758976,0.9375897508004305,0.9375897508004305,1,-0.5368266925707568,0,1,0,1,0,0,1
0,0.0,0.0,0.0,0.0,0,-0.5368266925707568,1,0,0,0,1,1,0
0,0.0,0.0,0.0,0.0,1,-0.7338780825023853,0,1,0,0,1,1,0
0,0.9644,0.9641512,0.9641511803032148,0.9641511803032148,0,-0.1427239127074995,0,1,1,0,0,1,0
0,0.0,0.0,0.0,0.0,0,1.6307385966771577,0,1,1,0,0,0,1
0,0.0,0.0,0.0,0.0,0,-0.1427239127074995,0,1,0,0,1,1,0
0,0.0,0.0,0.0,0.0,0,0.4484302570873863,0,1,1,0,0,1,0
0,0.0,0.0,0.0,0.0,0,-0.7338780825023853,1,0,0,0,1,1,0
0,0.0,0.0,0.0,0.0,0,1.4336872067455293,0,1,1,0,0,1,0
0,0.0,0.0,0.0,0.0,0,-0.33977530263912814,1,0,1,0,0,1,0
0,0.0,0.0,0.0,0.0,0,-0.7338780825023853,0,1,1,0,0,0,1
0,0.0,0.0,0.0,0.0,0,-0.7338780825023853,0,1,0,1,0,0,1
0,0.0,0.0,0.0,0.0,1,-0.5368266925707568,1,0,1,0,0,0,1
0,0.0,0.0,0.0,0.0,0,-0.33977530263912814,1,0,1,0,0,1,0
0,0.0,0.0,0.0,0.0,0,3.6012524959934438,1,0,1,0,0,1,0
0,0.0,0.0,0.0,0.0,0,-0.7338780825023853,1,0,0,0,1,1,0
0,0.0,0.0,0.0,0.0,1,-0.7338780825023853,0,1,0,1,0,0,1
0,0.0,0.0,0.0,0.0,0,0.05432747722412909,0,1,1,0,0,1,0
0,0.0,0.0,0.0,0.0,1,-0.5368266925707568,0,1,1,0,0,0,1
0,0.0,0.0,0.0,0.0,1,-0.5368266925707568,0,1,0,0,1,1,0
0,0.0,0.0,0.0,0.0,1,-0.7338780825023853,0,1,0,1,0,0,1
0,0.0,0.0,0.0,0.0,0,-0.7338780825023853,0,1,0,0,1,1,0
0,0.0,0.0,0.0,0.0,1,-0.7338780825023853,0,1,0,0,1,1,0
0,0.0,0.0,0.0,0.0,1,-0.7338780825023853,0,1,1,0,0,1,0
0,0.0,0.0,0.0,0.0,0,-0.7338780825023853,0,1,0,0,1,1,0
0,0.0,0.0,0.0,0.0,1,-0.5368266925707568,0,1,1,0,0,1,0
0,0.0,0.0,0.0,0.0,0,-0.7338780825023853,0,1,1,0,0,1,0
0,0.0,0.0,0.0,0.0,1,-0.7338780825023853,1,0,1,0,0,0,1
0,0.0,0.0,0.0,0.0,0,-0.5368266925707568,1,0,0,1,0,1,0
0,0.0,0.0,0.0,0.0,1,-0.7338780825023853,0,1,1,0,0,0,1
0,0.0,0.0,0.0,0.0,0,-0.5368266925707568,0,1,0,0,1,0,1
0,0.0,0.0,0.0,0.0,1,0.05432747722412909,0,1,1,0,0,0,1
0,0.0,0.0,0.0,0.0,1,-0.7338780825023853,0,1,1,0,0,1,0
0,0.0,0.0,0.0,0.0,1,-0.5368266925707568,0,1,0,1,0,1,0
0,0.0,0.0,0.0,0.0,0,1.6307385966771577,0,1,1,0,0,1,0
0,0.0,0.0,0.0,0.0,1,-0.5368266925707568,0,1,0,0,1,1,0
0,0.0,0.0,0.0,0.0,1,1.039584426882272,0,1,1,0,0,0,1
0,0.0,0.0,0.0,0.0,0,-0.7338780825023853,0,1,1,0,0,0,1
0,0.969,0.96916866,0.9691686336805818,0.9691686336805818,1,-0.5368266925707568,0,1,0,1,0,0,1
0,0.0,0.0,0.0,0.0,0,1.039584426882272,0,1,1,0,0,1,0
0,0.0,0.0,0.0,0.0,0,0.05432747722412909,0,1,1,0,0,0,1
0,0.0,0.0,0.0,0.0,0,-0.33977530263912814,0,1,1,0,0,1,0
0,0.0,0.0,0.0,0.0,1,-0.7338780825023853,0,1,0,0,1,0,1
0,0.0,0.0,0.0,0.0,1,-0.5368266925707568,0,1,0,0,1,1,0
0,0.0,0.0,0.0,0.0,1,-0.7338780825023853,1,0,0,0,1,0,1
0,0.0,0.0,0.0,0.0,1,-0.7338780825023853,0,1,1,0,0,0,1
0,0.0,0.0,0.0,0.0,1,-0.7338780825023853,0,1,0,1,0,0,1
0,0.0,0.0,0.0,0.0,0,0.2513788671557577,0,1,1,0,0,1,0
0,0.0,0.0,0.0,0.0,1,0.8425330369506435,0,1,0,1,0,0,1
0,0.0,0.0,0.0,0.0,1,-0.7338780825023853,1,0,1,0,0,1,0
0,0.0,0.0,0.0,0.0,0,-0.7338780825023853,1,0,1,0,0,0,1
0,0.0,0.0,0.0,0.0,1,-0.5368266925707568,0,1,0,1,0,1,0
0,0.0,0.0,0.0,0.0,0,-0.5368266925707568,0,1,0,1,0,1,0
0,0.935,0.934958,0.9349579708037452,0.9349579708037452,0,-0.5368266925707568,0,1,0,1,0,0,1
0,0.0,0.0,0.0,0.0,1,-0.33977530263912814,0,1,1,0,0,0,1
0,0.0,0.0,0.0,0.0,1,-0.5368266925707568,0,1,1,0,0,1,0
0,0.0,0.0,0.0,0.0,0,-0.33977530263912814,1,0,1,0,0,1,0
0,0.0,0.0,0.0,0.0,0,-0.33977530263912814,0,1,0,0,1,0,1
0,0.0,0.0,0.0,0.0,0,0.2513788671557577,0,1,0,0,1,1,0
0,0.0,0.0,0.0,0.0,1,-0.7338780825023853,0,1,1,0,0,0,1
0,0.0,0.0,0.0,0.0,0,0.05432747722412909,0,1,1,0,0,1,0
0,0.0,0.0,0.0,0.0,1,0.2513788671557577,0,1,0,1,0,1,0
0,0.0,0.0,0.0,0.0,1,1.8277899866087863,0,1,0,1,0,1,0
0,0.0,0.0,0.0,0.0,1,-0.7338780825023853,1,0,1,0,0,1,0
0,0.0,0.0,0.0,0.0,0,2.2218927664720436,0,1,0,1,0,1,0
0,0.0,0.0,0.0,0.0,0,-0.5368266925707568,0,1,0,0,1,1,0
0,0.0,0.0,0.0,0.0,0,-0.1427239127074995,0,1,0,0,1,1,0
0,0.0,0.0,0.0,0.0,0,-0.33977530263912814,0,1,0,0,1,1,0
0,0.0,0.0,0.0,0.0,1,0.8425330369506435,0,1,0,0,1,1,0
0,0.0,0.0,0.0,0.0,0,2.615995546335301,0,1,0,1,0,1,0
0,0.9365,0.9367188,0.9367188103082079,0.9367188103082079,0,-0.1427239127074995,0,1,1,0,0,1,0
0,0.0,0.0,0.0,0.0,1,0.05432747722412909,0,1,1,0,0,1,0
0,0.0,0.0,0.0,0.0,1,-0.7338780825023853,0,1,0,0,1,1,0
0,0.0,0.0,0.0,0.0,1,-0.7338780825023853,0,1,0,1,0,1,0
0,0.0,0.0,0.0,0.0,0,0.2513788671557577,0,1,1,0,0,0,1
0,0.0,0.0,0.0,0.0,1,-0.33977530263912814,0,1,0,1,0,1,0
0,0.0,0.0,0.0,0.0,0,0.05432747722412909,0,1,0,1,0,1,0
0,0.0,0.0,0.0,0.0,1,-0.7338780825023853,0,1,0,1,0,1,0
0,0.0,0.0,0.0,0.0,0,1.6307385966771577,0,1,1,0,0,1,0
0,0.0,0.0,0.0,0.0,1,-0.7338780825023853,0,1,0,0,1,1,0
0,0.9307,0.9304449,0.9304448940240344,0.9304448940240344,0,-0.1427239127074995,0,1,1,0,0,1,0
0,0.0,0.0,0.0,0.0,1,0.2513788671557577,0,1,1,0,0,1,0
0,0.0,0.0,0.0,0.0,0,-0.5368266925707568,0,1,1,0,0,1,0
0,0.0,0.0,0.0,0.0,0,-0.1427239127074995,0,1,0,0,1,1,0
0,0.917,0.9169567,0.9169567260822411,0.9169567260822411,0,2.0248413765404147,0,1,1,0,0,1,0
0,0.0,0.0,0.0,0.0,1,0.4484302570873863,0,1,0,0,1,1,0
0,0.0,0.0,0.0,0.0,0,-0.7338780825023853,0,1,1,0,0,1,0
0,0.0,0.0,0.0,0.0,0,0.2513788671557577,0,1,1,0,0,1,0
0,0.0,0.0,0.0,0.0,0,-0.33977530263912814,0,1,1,0,0,1,0
0,0.0,0.0,0.0,0.0,1,0.05432747722412909,0,1,1,0,0,1,0
0,0.0,0.0,0.0,0.0,0,-0.33977530263912814,1,0,1,0,0,0,1
0,0.0,0.0,0.0,0.0,0,0.05432747722412909,0,1,0,0,1,1,0
0,0.0,0.0,0.0,0.0,0,-0.33977530263912814,0,1,0,1,0,1,0
0,0.0,0.0,0.0,0.0,1,-0.7338780825023853,0,1,1,0,0,0,1
0,0.0,0.0,0.0,0.0,0,-0.7338780825023853,0,1,1,0,0,1,0
0,0.0,0.0,0.0,0.0,0,1.2366358168139007,0,1,1,0,0,0,1
0,0.0,0.0,0.0,0.0,0,0.05432747722412909,0,1,0,1,0,1,0
0,0.0,0.0,0.0,0.0,0,-0.7338780825023853,0,1,1,0,0,1,0
0,0.0,0.0,0.0,0.0,1,-0.1427239127074995,0,1,0,1,0,0,1
0,0.0,0.0,0.0,0.0,0,1.4336872067455293,0,1,1,0,0,1,0
0,0.0,0.0,0.0,0.0,0,1.039584426882272,0,1,1,0,0,0,1
0,0.0,0.0,0.0,0.0,1,-0.5368266925707568,0,1,1,0,0,0,1
0,0.0,0.0,0.0,0.0,0,0.8425330369506435,0,1,0,1,0,0,1
0,0.0,0.0,0.0,0.0,0,2.418944156403672,0,1,1,0,0,0,1
0,0.0,0.0,0.0,0.0,1,0.2513788671557577,0,1,1,0,0,1,0
0,0.0,0.0,0.0,0.0,1,-0.7338780825023853,1,0,0,0,1,0,1
0,0.0,0.0,0.0,0.0,1,-0.7338780825023853,0,1,1,0,0,0,1
0,0.0,0.0,0.0,0.0,1,0.05432747722412909,0,1,0,1,0,1,0
0,0.0,0.0,0.0,0.0,1,-0.7338780825023853,1,0,1,0,0,1,0
0,0.0,0.0,0.0,0.0,0,-0.7338780825023853,0,1,1,0,0,1,0
0,0.0,0.0,0.0,0.0,0,3.995355275856701,0,1,1,0,0,1,0
0,0.0,0.0,0.0,0.0,0,-0.5368266925707568,0,1,1,0,0,1,0
0,0.0,0.0,0.0,0.0,0,0.2513788671557577,0,1,1,0,0,1,0
0,0.0,0.0,0.0,0.0,0,4.7835608355832155,0,1,0,1,0,1,0
0,0.0,0.0,0.0,0.0,0,-0.33977530263912814,1,0,0,0,1,1,0
0,0.0,0.0,0.0,0.0,1,-0.7338780825023853,0,1,1,0,0,1,0
0,0.0,0.0,0.0,0.0,1,0.8425330369506435,0,1,1,0,0,1,0
0,0.0,0.0,0.0,0.0,1,-0.7338780825023853,1,0,0,0,1,1,0
0,0.0,0.0,0.0,0.0,0,-0.5368266925707568,1,0,1,0,0,1,0
0,0.0,0.0,0.0,0.0,0,-0.33977530263912814,0,1,0,0,1,1,0
0,0.94,0.94016474,0.9401647521318283,0.9401647521318283,0,-0.1427239127074995,0,1,1,0,0,1,0
0,0.0,0.0,0.0,0.0,1,-0.7338780825023853,0,1,0,1,0,0,1
0,0.0,0.0,0.0,0.0,0,-0.7338780825023853,0,1,1,0,0,1,0
0,0.9365,0.9367188,0.9367188103082079,0.9367188103082079,1,-0.1427239127074995,0,1,1,0,0,1,0
0,0.0,0.0,0.0,0.0,1,-0.33977530263912814,0,1,0,1,0,1,0
0,0.0,0.0,0.0,0.0,1,0.2513788671557577,0,1,0,1,0,1,0
0,0.0,0.0,0.0,0.0,1,-0.7338780825023853,0,1,1,0,0,0,1
0,0.0,0.0,0.0,0.0,1,-0.7338780825023853,0,1,0,1,0,1,0
0,0.0,0.0,0.0,0.0,1,1.4336872067455293,0,1,1,0,0,1,0
0,0.0,0.0,0.0,0.0,0,-0.7338780825023853,0,1,0,0,1,1,0
0,0.0,0.0,0.0,0.0,1,0.4484302570873863,0,1,1,0,0,1,0
0,0.0,0.0,0.0,0.0,1,-0.1427239127074995,0,1,1,0,0,0,1
0,0.941,0.94101053,0.9410105056689646,0.9410105056689646,1,-0.1427239127074995,0,1,1,0,0,1,0
0,0.0,0.0,0.0,0.0,1,-0.33977530263912814,0,1,1,0,0,1,0
0,0.0,0.0,0.0,0.0,1,-0.7338780825023853,0,1,1,0,0,0,1
0,0.0,0.0,0.0,0.0,1,-0.33977530263912814,0,1,0,1,0,1,0
0,0.0,0.0,0.0,0.0,1,0.6454816470190149,0,1,0,1,0,1,0
0,0.0,0.0,0.0,0.0,0,-0.1427239127074995,0,1,0,0,1,1,0
0,0.0,0.0,0.0,0.0,1,-0.7338780825023853,0,1,1,0,0,0,1
0,0.0,0.0,0.0,0.0,1,-0.33977530263912814,0,1,1,0,0,0,1
0,0.0,0.0,0.0,0.0,0,-0.5368266925707568,1,0,0,0,1,0,1
0,0.0,0.0,0.0,0.0,0,1.8277899866087863,0,1,1,0,0,1,0
0,0.0,0.0,0.0,0.0,0,-0.7338780825023853,0,1,1,0,0,1,0
0,0.0,0.0,0.0,0.0,0,-0.5368266925707568,0,1,0,0,1,1,0
0,0.0,0.0,0.0,0.0,0,1.8277899866087863,0,1,1,0,0,1,0
0,0.0,0.0,0.0,0.0,0,0.4484302570873863,0,1,0,1,0,1,0
0,0.0,0.0,0.0,0.0,1,-0.5368266925707568,0,1,0,0,1,1,0
0,0.0,0.0,0.0,0.0,0,-0.7338780825023853,0,1,1,0,0,0,1
0,0.0,0.0,0.0,0.0,0,0.2513788671557577,1,0,1,0,0,1,0
0,0.0,0.0,0.0,0.0,0,1.4336872067455293,0,1,1,0,0,1,0
0,0.0,0.0,0.0,0.0,0,0.4484302570873863,0,1,1,0,0,0,1
0,0.0,0.0,0.0,0.0,0,-0.1427239127074995,0,1,1,0,0,0,1
0,0.0,0.0,0.0,0.0,1,-0.33977530263912814,0,1,1,0,0,1,0
0,0.0,0.0,0.0,0.0,0,-0.7338780825023853,1,0,1,0,0,0,1
0,0.0,0.0,0.0,0.0,0,0.2513788671557577,0,1,1,0,0,1,0
0,0.0,0.0,0.0,0.0,0,-0.7338780825023853,0,1,0,0,1,1,0
0,0.921,0.92093945,0.9209394481940656,0.9209394481940656,1,-0.1427239127074995,0,1,1,0,0,1,0
0,0.0,0.0,0.0,0.0,1,-0.7338780825023853,0,1,1,0,0,0,1
0,0.0,0.0,0.0,0.0,1,-0.7338780825023853,0,1,1,0,0,0,1
0,0.0,0.0,0.0,0.0,1,0.05432747722412909,1,0,1,0,0,0,1
0,0.0,0.0,0.0,0.0,0,-0.5368266925707568,0,1,1,0,0,0,1
0,0.0,0.0,0.0,0.0,0,1.2366358168139007,0,1,1,0,0,1,0
0,0.0,0.0,0.0,0.0,0,2.418944156403672,0,1,1,0,0,1,0
0,0.0,0.0,0.0,0.0,0,0.8425330369506435,0,1,1,0,0,1,0
0,0.934,0.9340681,0.934068055375491,0.934068055375491,0,-0.5368266925707568,0,1,0,1,0,0,1
0,0.0,0.0,0.0,0.0,1,-0.7338780825023853,0,1,0,1,0,0,1
0,0.0,0.0,0.0,0.0,1,0.6454816470190149,0,1,0,1,0,1,0
0,0.0,0.0,0.0,0.0,1,1.8277899866087863,0,1,1,0,0,1,0
0,0.9497,0.94990116,0.9499011703918125,0.9499011703918125,1,-0.1427239127074995,0,1,1,0,0,1,0
0,0.0,0.0,0.0,0.0,0,-0.5368266925707568,0,1,1,0,0,0,1
0,0.0,0.0,0.0,0.0,0,0.6454816470190149,0,1,1,0,0,1,0
0,0.0,0.0,0.0,0.0,0,1.4336872067455293,0,1,1,0,0,1,0
0,0.0,0.0,0.0,0.0,1,-0.7338780825023853,0,1,1,0,0,0,1
0,0.0,0.0,0.0,0.0,0,1.4336872067455293,1,0,1,0,0,1,0
0,0.0,0.0,0.0,0.0,1,-0.33977530263912814,1,0,0,1,0,0,1
0,0.0,0.0,0.0,0.0,0,-0.5368266925707568,1,0,1,0,0,1,0
0,0.0,0.0,0.0,0.0,1,-0.5368266925707568,1,0,1,0,0,1,0
0,0.0,0.0,0.0,0.0,0,-0.5368266925707568,1,0,1,0,0,0,1
0,0.0,0.0,0.0,0.0,0,-0.7338780825023853,0,1,1,0,0,1,0
0,0.0,0.0,0.0,0.0,0,-0.5368266925707568,1,0,1,0,0,0,1
0,0.0,0.0,0.0,0.0,0,-0.7338780825023853,0,1,1,0,0,0,1
0,0.0,0.0,0.0,0.0,0,-0.1427239127074995,0,1,0,0,1,0,1
0,0.9395,0.9393127,0.9393127137322361,0.9393127137322361,1,-0.33977530263912814,0,1,0,1,0,0,1
0,0.0,0.0,0.0,0.0,1,-0.7338780825023853,1,0,1,0,0,1,0
0,0.0,0.0,0.0,0.0,0,0.4484302570873863,0,1,1,0,0,1,0
0,0.0,0.0,0.0,0.0,0,-0.7338780825023853,1,0,0,0,1,0,1
0,0.0,0.0,0.0,0.0,0,-0.5368266925707568,0,1,0,0,1,1,0
0,0.0,0.0,0.0,0.0,0,2.615995546335301,0,1,1,0,0,1,0
0,0.0,0.0,0.0,0.0,1,0.05432747722412909,1,0,0,1,0,1,0
0,0.0,0.0,0.0,0.0,0,-0.7338780825023853,0,1,0,0,1,0,1
0,0.94,0.94016474,0.9401647521318283,0.9401647521318283,0,-0.1427239127074995,0,1,1,0,0,1,0
0,0.0,0.0,0.0,0.0,0,1.6307385966771577,0,1,1,0,0,1,0
0,0.0,0.0,0.0,0.0,0,-0.7338780825023853,0,1,0,0,1,0,1
0,0.0,0.0,0.0,0.0,1,-0.7338780825023853,0,1,1,0,0,0,1
0,0.0,0.0,0.0,0.0,1,-0.5368266925707568,0,1,0,1,0,1,0
0,0.0,0.0,0.0,0.0,0,0.05432747722412909,1,0,1,0,0,1,0
0,0.0,0.0,0.0,0.0,0,-0.33977530263912814,1,0,1,0,0,1,0
0,0.0,0.0,0.0,0.0,0,0.05432747722412909,0,1,0,0,1,1,0
0,0.942,0.94185,0.9418499821369986,0.9418499821369986,0,0.6454816470190149,0,1,1,0,0,0,1
0,0.963,0.9628362,0.9628362283917512,0.9628362283917512,1,0.2513788671557577,1,0,0,1,0,0,1
0,0.0,0.0,0.0,0.0,1,-0.5368266925707568,0,1,0,1,0,1,0
0,0.0,0.0,0.0,0.0,0,-0.5368266925707568,0,1,0,0,1,1,0
0,0.0,0.0,0.0,0.0,0,0.05432747722412909,1,0,1,0,0,1,0
0,0.0,0.0,0.0,0.0,1,-0.1427239127074995,0,1,0,1,0,0,1
0,0.0,0.0,0.0,0.0,0,1.039584426882272,0,1,0,1,0,1,0
0,0.0,0.0,0.0,0.0,1,-0.5368266925707568,1,0,0,0,1,1,0
0,0.0,0.0,0.0,0.0,1,-0.5368266925707568,1,0,0,1,0,1,0
0,0.0,0.0,0.0,0.0,0,-0.5368266925707568,1,0,1,0,0,1,0
0,0.0,0.0,0.0,0.0,1,-0.7338780825023853,0,1,0,1,0,0,1
0,0.0,0.0,0.0,0.0,0,-0.5368266925707568,0,1,0,0,1,1,0
0,0.9575,0.9573327,0.9573326906403243,0.9573326906403243,1,-0.5368266925707568,0,1,0,1,0,0,1
0,0.0,0.0,0.0,0.0,1,-0.7338780825023853,1,0,1,0,0,0,1
0,0.0,0.0,0.0,0.0,0,-0.7338780825023853,1,0,1,0,0,0,1
0,0.0,0.0,0.0,0.0,0,-0.5368266925707568,1,0,1,0,0,1,0
0,0.0,0.0,0.0,0.0,1,-0.33977530263912814,0,1,1,0,0,0,1
0,0.0,0.0,0.0,0.0,1,0.8425330369506435,0,1,0,1,0,0,1
0,0.0,0.0,0.0,0.0,0,0.05432747722412909,0,1,1,0,0,1,0
0,0.0,0.0,0.0,0.0,0,-0.5368266925707568,0,1,0,0,1,1,0
0,0.968,0.9679505,0.9679505356936393,0.9679505356936393,0,-0.5368266925707568,0,1,0,1,0,0,1
0,0.0,0.0,0.0,0.0,1,2.615995546335301,0,1,1,0,0,1,0
0,0.0,0.0,0.0,0.0,1,-0.7338780825023853,1,0,1,0,0,0,1
0,0.0,0.0,0.0,0.0,1,0.05432747722412909,0,1,0,1,0,1,0
0,0.0,0.0,0.0,0.0,1,-0.33977530263912814,1,0,0,1,0,1,0
0,0.0,0.0,0.0,0.0,1,-0.5368266925707568,0,1,1,0,0,0,1
0,0.0,0.0,0.0,0.0,0,-0.7338780825023853,0,1,0,0,1,1,0
0,0.0,0.0,0.0,0.0,1,-0.7338780825023853,0,1,0,1,0,1,0
0,0.0,0.0,0.0,0.0,0,0.05432747722412909,0,1,0,0,1,1,0
0,0.0,0.0,0.0,0.0,0,-0.5368266925707568,0,1,1,0,0,0,1
0,0.9546,0.954434,0.954434002924965,0.954434002924965,0,-0.33977530263912814,1,0,0,0,1,0,1
0,0.0,0.0,0.0,0.0,0,2.2218927664720436,0,1,1,0,0,1,0
0,0.0,0.0,0.0,0.0,0,0.6454816470190149,0,1,1,0,0,1,0
0,0.0,0.0,0.0,0.0,0,0.2513788671557577,0,1,1,0,0,1,0
0,0.0,0.0,0.0,0.0,1,-0.33977530263912814,0,1,0,1,0,1,0
0,0.0,0.0,0.0,0.0,0,-0.33977530263912814,0,1,1,0,0,1,0
0,0.0,0.0,0.0,0.0,1,-0.33977530263912814,0,1,1,0,0,0,1
0,0.0,0.0,0.0,0.0,0,0.2513788671557577,0,1,1,0,0,0,1
0,0.0,0.0,0.0,0.0,0,-0.5368266925707568,0,1,1,0,0,0,1
0,0.0,0.0,0.0,0.0,1,-0.7338780825023853,0,1,1,0,0,1,0
0,0.0,0.0,0.0,0.0,1,-0.7338780825023853,0,1,0,1,0,1,0
0,0.0,0.0,0.0,0.0,1,-0.33977530263912814,0,1,1,0,0,1,0
0,0.0,0.0,0.0,0.0,0,-0.7338780825023853,0,1,0,1,0,0,1
0,0.0,0.0,0.0,0.0,0,-0.7338780825023853,0,1,1,0,0,1,0
0,0.0,0.0,0.0,0.0,0,0.05432747722412909,0,1,0,0,1,1,0
0,0.0,0.0,0.0,0.0,0,-0.7338780825023853,1,0,0,0,1,0,1
0,0.0,0.0,0.0,0.0,1,-0.7338780825023853,0,1,0,0,1,1,0
0,0.0,0.0,0.0,0.0,0,0.8425330369506435,0,1,1,0,0,1,0
0,0.0,0.0,0.0,0.0,0,-0.7338780825023853,0,1,1,0,0,0,1
0,0.0,0.0,0.0,0.0,0,0.6454816470190149,0,1,1,0,0,1,0
0,0.0,0.0,0.0,0.0,0,-0.7338780825023853,1,0,1,0,0,1,0
0,0.0,0.0,0.0,0.0,0,-0.7338780825023853,0,1,0,0,1,1,0
0,0.0,0.0,0.0,0.0,0,0.4484302570873863,0,1,1,0,0,1,0
0,0.0,0.0,0.0,0.0,0,-0.5368266925707568,0,1,1,0,0,0,1
0,0.0,0.0,0.0,0.0,1,-0.7338780825023853,0,1,1,0,0,1,0
0,0.0,0.0,0.0,0.0,1,0.2513788671557577,0,1,1,0,0,1,0
0,0.0,0.0,0.0,0.0,1,-0.5368266925707568,0,1,1,0,0,1,0
0,0.0,0.0,0.0,0.0,0,-0.5368266925707568,1,0,1,0,0,1,0
0,0.959,0.95874524,0.9587452303135016,0.9587452303135016,0,-0.1427239127074995,0,1,1,0,0,1,0
0,0.0,0.0,0.0,0.0,1,-0.1427239127074995,0,1,0,0,1,1,0
0,0.0,0.0,0.0,0.0,1,0.2513788671557577,0,1,1,0,0,1,0
0,0.0,0.0,0.0,0.0,1,-0.1427239127074995,0,1,0,0,1,1,0
0,0.0,0.0,0.0,0.0,1,-0.33977530263912814,0,1,1,0,0,1,0
0,0.0,0.0,0.0,0.0,1,-0.7338780825023853,1,0,1,0,0,0,1
0,0.952,0.9521954,0.9521953766259577,0.9521953766259577,0,-0.1427239127074995,0,1,1,0,0,1,0
0,0.0,0.0,0.0,0.0,0,-0.7338780825023853,0,1,1,0,0,0,1
0,0.0,0.0,0.0,0.0,0,-0.1427239127074995,1,0,1,0,0,1,0
0,0.952,0.9521954,0.9521953766259577,0.9521953766259577,1,-0.1427239127074995,0,1,1,0,0,1,0
0,0.0,0.0,0.0,0.0,1,-0.33977530263912814,0,1,1,0,0,1,0
0,0.0,0.0,0.0,0.0,1,-0.7338780825023853,0,1,1,0,0,0,1
0,0.0,0.0,0.0,0.0,1,-0.5368266925707568,0,1,1,0,0,1,0
0,0.0,0.0,0.0,0.0,0,1.8277899866087863,0,1,0,1,0,0,1
0,0.0,0.0,0.0,0.0,0,1.039584426882272,1,0,1,0,0,1,0
0,0.0,0.0,0.0,0.0,1,-0.7338780825023853,0,1,0,1,0,1,0
0,0.0,0.0,0.0,0.0,0,-0.5368266925707568,1,0,1,0,0,0,1
0,0.0,0.0,0.0,0.0,1,-0.1427239127074995,1,0,1,0,0,0,1
0,0.0,0.0,0.0,0.0,0,0.4484302570873863,0,1,0,1,0,0,1
0,0.0,0.0,0.0,0.0,0,0.8425330369506435,0,1,0,1,0,0,1
0,0.0,0.0,0.0,0.0,1,-0.7338780825023853,1,0,0,1,0,0,1
0,0.0,0.0,0.0,0.0,0,-0.33977530263912814,0,1,0,0,1,0,1
0,0.0,0.0,0.0,0.0,1,-0.33977530263912814,0,1,0,1,0,1,0
0,0.0,0.0,0.0,0.0,0,0.4484302570873863,0,1,1,0,0,1,0
0,0.0,0.0,0.0,0.0,0,0.4484302570873863,1,0,0,0,1,0,1
0,0.9497,0.94990116,0.9499011703918125,0.9499011703918125,0,-0.1427239127074995,0,1,1,0,0,1,0
0,0.0,0.0,0.0,0.0,0,0.2513788671557577,0,1,1,0,0,1,0
0,0.0,0.0,0.0,0.0,0,-0.1427239127074995,0,1,0,1,0,0,1
0,0.0,0.0,0.0,0.0,0,0.05432747722412909,0,1,1,0,0,0,1
0,0.0,0.0,0.0,0.0,1,-0.7338780825023853,0,1,0,0,1,1,0
0,0.9517,0.9514368,0.951436825808696,0.951436825808696,1,2.0248413765404147,0,1,1,0,0,1,0
0,0.0,0.0,0.0,0.0,1,-0.7338780825023853,0,1,1,0,0,1,0
0,0.0,0.0,0.0,0.0,1,-0.1427239127074995,0,1,0,1,0,0,1
0,0.0,0.0,0.0,0.0,0,1.4336872067455293,1,0,1,0,0,1,0
0,0.0,0.0,0.0,0.0,1,-0.7338780825023853,0,1,1,0,0,0,1
0,0.0,0.0,0.0,0.0,1,-0.7338780825023853,0,1,0,1,0,1,0
0,0.0,0.0,0.0,0.0,1,-0.1427239127074995,1,0,1,0,0,1,0
0,0.0,0.0,0.0,0.0,0,3.4042011060618154,1,0,0,1,0,1,0
0,0.0,0.0,0.0,0.0,0,2.8130469362669293,1,0,0,1,0,1,0
0,0.0,0.0,0.0,0.0,1,-0.7338780825023853,0,1,0,0,1,1,0
0,0.0,0.0,0.0,0.0,1,0.4484302570873863,0,1,1,0,0,1,0
0,0.0,0.0,0.0,0.0,0,-0.5368266925707568,0,1,0,0,1,1,0
0,0.0,0.0,0.0,0.0,1,-0.7338780825023853,0,1,0,1,0,0,1
0,0.0,0.0,0.0,0.0,0,-0.5368266925707568,0,1,1,0,0,1,0
0,0.0,0.0,0.0,0.0,0,-0.33977530263912814,0,1,0,0,1,1,0
0,0.0,0.0,0.0,0.0,0,-0.5368266925707568,0,1,1,0,0,1,0
0,0.9434,0.9435101,0.9435101346706889,0.9435101346706889,1,-0.1427239127074995,0,1,1,0,0,1,0
0,0.0,0.0,0.0,0.0,1,-0.33977530263912814,0,1,1,0,0,1,0
0,0.0,0.0,0.0,0.0,0,-0.33977530263912814,0,1,1,0,0,1,0
0,0.0,0.0,0.0,0.0,0,0.4484302570873863,0,1,0,1,0,0,1
0,0.0,0.0,0.0,0.0,1,-0.7338780825023853,0,1,0,1,0,1,0
0,0.0,0.0,0.0,0.0,1,-0.7338780825023853,1,0,0,1,0,1,0
0,0.0,0.0,0.0,0.0,0,-0.5368266925707568,1,0,0,0,1,0,1
0,0.0,0.0,0.0,0.0,1,-0.33977530263912814,0,1,0,0,1,1,0
0,0.0,0.0,0.0,0.0,0,-0.1427239127074995,0,1,1,0,0,0,1
0,0.0,0.0,0.0,0.0,1,-0.5368266925707568,0,1,1,0,0,0,1
0,0.0,0.0,0.0,0.0,0,0.05432747722412909,1,0,0,1,0,1,0
0,0.0,0.0,0.0,0.0,0,-0.7338780825023853,1,0,0,0,1,1,0
0,0.0,0.0,0.0,0.0,0,-0.5368266925707568,0,1,1,0,0,0,1
0,0.0,0.0,0.0,0.0,1,-0.7338780825023853,0,1,0,0,1,0,1
0,0.0,0.0,0.0,0.0,0,-0.5368266925707568,0,1,0,1,0,1,0
0,0.0,0.0,0.0,0.0,1,-0.5368266925707568,0,1,1,0,0,1,0
0,0.0,0.0,0.0,0.0,0,-0.7338780825023853,0,1,1,0,0,1,0
0,0.0,0.0,0.0,0.0,0,-0.33977530263912814,0,1,1,0,0,1,0
0,0.0,0.0,0.0,0.0,0,-0.7338780825023853,1,0,1,0,0,0,1
0,0.933,0.9331718,0.9331717984240897,0.9331717984240897,1,-0.5368266925707568,0,1,0,1,0,0,1
0,0.0,0.0,0.0,0.0,0,0.4484302570873863,0,1,1,0,0,0,1
0,0.0,0.0,0.0,0.0,1,-0.7338780825023853,0,1,0,0,1,1,0
0,0.0,0.0,0.0,0.0,0,2.418944156403672,0,1,1,0,0,1,0
0,0.0,0.0,0.0,0.0,0,1.2366358168139007,0,1,1,0,0,1,0
0,0.0,0.0,0.0,0.0,1,-0.1427239127074995,0,1,1,0,0,0,1
0,0.0,0.0,0.0,0.0,0,0.05432747722412909,0,1,0,1,0,0,1
0,0.0,0.0,0.0,0.0,0,2.0248413765404147,0,1,0,1,0,1,0
0,0.0,0.0,0.0,0.0,1,0.05432747722412909,0,1,0,1,0,0,1
0,0.0,0.0,0.0,0.0,0,-0.33977530263912814,0,1,0,1,0,1,0
0,0.0,0.0,0.0,0.0,0,-0.7338780825023853,1,0,0,1,0,1,0
0,0.0,0.0,0.0,0.0,0,1.8277899866087863,0,1,0,1,0,1,0
0,0.0,0.0,0.0,0.0,0,-0.1427239127074995,0,1,0,1,0,1,0
0,0.0,0.0,0.0,0.0,0,-0.7338780825023853,0,1,1,0,0,0,1
0,0.0,0.0,0.0,0.0,1,-0.33977530263912814,0,1,0,0,1,0,1
0,0.0,0.0,0.0,0.0,0,-0.5368266925707568,0,1,0,1,0,1,0
0,0.0,0.0,0.0,0.0,0,2.418944156403672,0,1,1,0,0,1,0
0,0.0,0.0,0.0,0.0,0,-0.7338780825023853,1,0,1,0,0,0,1
0,0.0,0.0,0.0,0.0,0,-0.33977530263912814,1,0,1,0,0,0,1
0,0.0,0.0,0.0,0.0,0,-0.33977530263912814,0,1,0,0,1,0,1
0,0.0,0.0,0.0,0.0,0,-0.33977530263912814,0,1,1,0,0,1,0
0,0.0,0.0,0.0,0.0,1,-0.7338780825023853,1,0,0,1,0,0,1
0,0.0,0.0,0.0,0.0,0,-0.7338780825023853,0,1,1,0,0,0,1
0,0.0,0.0,0.0,0.0,1,0.05432747722412909,1,0,1,0,0,1,0
0,0.0,0.0,0.0,0.0,1,-0.7338780825023853,0,1,1,0,0,0,1
0,0.0,0.0,0.0,0.0,1,-0.5368266925707568,0,1,0,0,1,1,0
0,0.0,0.0,0.0,0.0,1,0.2513788671557577,0,1,1,0,0,0,1
0,0.0,0.0,0.0,0.0,0,-0.33977530263912814,0,1,1,0,0,0,1
0,0.0,0.0,0.0,0.0,0,0.8425330369506435,0,1,1,0,0,0,1
0,0.0,0.0,0.0,0.0,0,2.418944156403672,0,1,1,0,0,1,0
0,0.0,0.0,0.0,0.0,1,-0.33977530263912814,0,1,1,0,0,0,1
0,0.0,0.0,0.0,0.0,0,-0.5368266925707568,0,1,0,0,1,1,0
0,0.0,0.0,0.0,0.0,1,-0.33977530263912814,1,0,1,0,0,1,0
0,0.0,0.0,0.0,0.0,0,0.4484302570873863,0,1,1,0,0,1,0
0,0.0,0.0,0.0,0.0,0,-0.7338780825023853,0,1,0,0,1,1,0
0,0.0,0.0,0.0,0.0,1,-0.7338780825023853,0,1,1,0,0,1,0
0,0.0,0.0,0.0,0.0,0,0.05432747722412909,0,1,1,0,0,1,0
0,0.0,0.0,0.0,0.0,1,-0.7338780825023853,0,1,0,1,0,0,1
0,0.0,0.0,0.0,0.0,1,-0.7338780825023853,1,0,1,0,0,1,0
0,0.0,0.0,0.0,0.0,1,-0.5368266925707568,0,1,0,1,0,1,0
0,0.0,0.0,0.0,0.0,1,-0.5368266925707568,0,1,0,1,0,1,0
0,0.0,0.0,0.0,0.0,1,0.6454816470190149,1,0,1,0,0,1,0
0,0.0,0.0,0.0,0.0,1,1.2366358168139007,0,1,1,0,0,0,1
0,0.0,0.0,0.0,0.0,0,-0.5368266925707568,0,1,0,0,1,1,0
0,0.9365,0.9367188,0.9367188103082079,0.9367188103082079,0,-0.5368266925707568,0,1,0,1,0,0,1
0,0.0,0.0,0.0,0.0,1,-0.5368266925707568,1,0,0,1,0,1,0
0,0.0,0.0,0.0,0.0,1,-0.5368266925707568,0,1,0,0,1,1,0
0,0.0,0.0,0.0,0.0,0,1.4336872067455293,0,1,1,0,0,1,0
0,0.0,0.0,0.0,0.0,0,-0.5368266925707568,1,0,1,0,0,1,0
0,0.0,0.0,0.0,0.0,0,0.8425330369506435,0,1,1,0,0,1,0
0,0.0,0.0,0.0,0.0,0,-0.7338780825023853,1,0,1,0,0,0,1
0,0.0,0.0,0.0,0.0,0,3.798303885925072,1,0,1,0,0,1,0
0,0.0,0.0,0.0,0.0,0,1.4336872067455293,0,1,1,0,0,1,0
0,0.0,0.0,0.0,0.0,1,-0.5368266925707568,1,0,1,0,0,1,0
0,0.0,0.0,0.0,0.0,1,0.2513788671557577,0,1,1,0,0,1,0
0,0.0,0.0,0.0,0.0,0,0.4484302570873863,0,1,1,0,0,0,1
0,0.0,0.0,0.0,0.0,1,-0.7338780825023853,0,1,1,0,0,1,0
0,0.0,0.0,0.0,0.0,0,1.4336872067455293,0,1,1,0,0,0,1
0,0.0,0.0,0.0,0.0,1,-0.7338780825023853,0,1,1,0,0,1,0
0,0.0,0.0,0.0,0.0,1,-0.7338780825023853,1,0,1,0,0,1,0
0,0.0,0.0,0.0,0.0,1,-0.7338780825023853,0,1,0,1,0,0,1
0,0.0,0.0,0.0,0.0,1,-0.5368266925707568,0,1,0,1,0,1,0
0,0.0,0.0,0.0,0.0,1,-0.1427239127074995,1,0,1,0,0,1,0
0,0.0,0.0,0.0,0.0,1,-0.7338780825023853,1,0,1,0,0,1,0
0,0.0,0.0,0.0,0.0,0,2.0248413765404147,1,0,0,1,0,0,1
0,0.0,0.0,0.0,0.0,1,-0.7338780825023853,1,0,1,0,0,1,0
0,0.0,0.0,0.0,0.0,0,0.8425330369506435,0,1,1,0,0,1,0
0,0.9497,0.94990116,0.9499011703918125,0.9499011703918125,0,2.0248413765404147,0,1,1,0,0,1,0
0,0.0,0.0,0.0,0.0,1,-0.5368266925707568,1,0,1,0,0,1,0
0,0.0,0.0,0.0,0.0,0,-0.1427239127074995,0,1,1,0,0,0,1
0,0.0,0.0,0.0,0.0,0,-0.7338780825023853,0,1,0,0,1,0,1
0,0.0,0.0,0.0,0.0,1,-0.5368266925707568,0,1,1,0,0,1,0
0,0.0,0.0,0.0,0.0,0,-0.33977530263912814,0,1,1,0,0,0,1
0,0.0,0.0,0.0,0.0,1,-0.1427239127074995,0,1,1,0,0,0,1
0,0.0,0.0,0.0,0.0,0,1.039584426882272,0,1,1,0,0,1,0
0,0.955,0.9551679,0.9551678918612524,0.9551678918612524,0,2.0248413765404147,0,1,1,0,0,1,0
0,0.0,0.0,0.0,0.0,1,-0.7338780825023853,0,1,0,0,1,1,0
0,0.949,0.94912404,0.9491240519851774,0.9491240519851774,0,-0.5368266925707568,0,1,0,1,0,0,1
0,0.0,0.0,0.0,0.0,1,-0.7338780825023853,1,0,1,0,0,1,0
0,0.0,0.0,0.0,0.0,0,-0.5368266925707568,0,1,0,0,1,1,0
0,0.0,0.0,0.0,0.0,0,2.8130469362669293,0,1,1,0,0,1,0
0,0.0,0.0,0.0,0.0,1,-0.5368266925707568,0,1,1,0,0,1,0
0,0.0,0.0,0.0,0.0,0,0.2513788671557577,0,1,1,0,0,0,1
0,0.0,0.0,0.0,0.0,1,-0.5368266925707568,1,0,1,0,0,0,1
0,0.0,0.0,0.0,0.0,1,-0.5368266925707568,0,1,0,1,0,1,0
0,0.941,0.94101053,0.9410105056689646,0.9410105056689646,1,-0.1427239127074995,0,1,1,0,0,1,0
0,0.0,0.0,0.0,0.0,0,0.05432747722412909,0,1,1,0,0,0,1
0,0.0,0.0,0.0,0.0,1,-0.33977530263912814,1,0,1,0,0,0,1
0,0.0,0.0,0.0,0.0,0,-0.1427239127074995,1,0,1,0,0,1,0
0,0.0,0.0,0.0,0.0,0,-0.33977530263912814,0,1,1,0,0,1,0
0,0.0,0.0,0.0,0.0,1,-0.7338780825023853,0,1,1,0,0,1,0
0,0.0,0.0,0.0,0.0,0,-0.7338780825023853,0,1,0,0,1,0,1
0,0.0,0.0,0.0,0.0,1,0.05432747722412909,0,1,0,1,0,0,1
0,0.0,0.0,0.0,0.0,0,-0.33977530263912814,0,1,0,0,1,1,0
0,0.0,0.0,0.0,0.0,0,-0.7338780825023853,0,1,0,0,1,1,0
0,0.0,0.0,0.0,0.0,1,-0.7338780825023853,1,0,0,1,0,0,1
0,0.0,0.0,0.0,0.0,0,-0.5368266925707568,0,1,1,0,0,0,1
0,0.0,0.0,0.0,0.0,1,-0.7338780825023853,1,0,1,0,0,0,1
0,0.0,0.0,0.0,0.0,0,-0.5368266925707568,1,0,1,0,0,1,0
0,0.0,0.0,0.0,0.0,1,-0.7338780825023853,1,0,1,0,0,1,0
0,0.0,0.0,0.0,0.0,1,-0.33977530263912814,0,1,1,0,0,1,0
0,0.0,0.0,0.0,0.0,0,-0.7338780825023853,0,1,1,0,0,0,1
0,0.0,0.0,0.0,0.0,0,-0.33977530263912814,0,1,0,0,1,1,0
0,0.0,0.0,0.0,0.0,0,2.2218927664720436,0,1,0,0,1,1,0
0,0.0,0.0,0.0,0.0,0,-0.5368266925707568,1,0,1,0,0,1,0
0,0.9434,0.9435101,0.9435101346706889,0.9435101346706889,0,-0.33977530263912814,0,1,0,1,0,0,1
0,0.0,0.0,0.0,0.0,0,-0.33977530263912814,0,1,0,0,1,1,0
0,0.0,0.0,0.0,0.0,1,-0.5368266925707568,0,1,1,0,0,1,0
0,0.0,0.0,0.0,0.0,1,-0.1427239127074995,0,1,0,0,1,0,1
0,0.0,0.0,0.0,0.0,1,-0.7338780825023853,1,0,0,1,0,0,1
0,0.0,0.0,0.0,0.0,1,-0.7338780825023853,1,0,0,0,1,0,1
0,0.0,0.0,0.0,0.0,1,-0.7338780825023853,1,0,1,0,0,1,0
0,0.0,0.0,0.0,0.0,0,-0.33977530263912814,0,1,1,0,0,1,0
0,0.0,0.0,0.0,0.0,1,-0.7338780825023853,1,0,1,0,0,0,1
0,0.0,0.0,0.0,0.0,0,-0.33977530263912814,0,1,0,0,1,1,0
0,0.0,0.0,0.0,0.0,1,-0.7338780825023853,0,1,1,0,0,1,0
0,0.0,0.0,0.0,0.0,0,-0.33977530263912814,0,1,0,0,1,0,1
0,0.0,0.0,0.0,0.0,0,-0.5368266925707568,1,0,1,0,0,1,0
0,0.0,0.0,0.0,0.0,0,2.418944156403672,0,1,1,0,0,1,0
0,0.0,0.0,0.0,0.0,0,2.0248413765404147,1,0,1,0,0,1,0
0,0.0,0.0,0.0,0.0,0,-0.5368266925707568,0,1,1,0,0,0,1
0,0.0,0.0,0.0,0.0,0,5.7688177852413585,0,1,0,1,0,1,0
0,0.0,0.0,0.0,0.0,0,0.6454816470190149,0,1,0,0,1,1,0
0,0.941,0.94101053,0.9410105056689646,0.9410105056689646,0,-0.33977530263912814,0,1,0,1,0,0,1
0,0.0,0.0,0.0,0.0,1,0.05432747722412909,0,1,0,1,0,1,0
0,0.0,0.0,0.0,0.0,0,-0.5368266925707568,0,1,1,0,0,1,0
0,0.0,0.0,0.0,0.0,0,1.4336872067455293,1,0,0,0,1,0,1
0,0.0,0.0,0.0,0.0,0,-0.7338780825023853,1,0,0,0,1,0,1
0,0.0,0.0,0.0,0.0,1,0.2513788671557577,0,1,0,1,0,0,1
0,0.0,0.0,0.0,0.0,0,-0.5368266925707568,0,1,1,0,0,1,0
0,0.0,0.0,0.0,0.0,1,-0.1427239127074995,0,1,0,1,0,1,0
0,0.0,0.0,0.0,0.0,0,-0.7338780825023853,1,0,1,0,0,0,1
0,0.0,0.0,0.0,0.0,1,-0.5368266925707568,0,1,0,1,0,1,0
0,0.0,0.0,0.0,0.0,0,-0.7338780825023853,0,1,0,0,1,1,0
0,0.0,0.0,0.0,0.0,1,-0.7338780825023853,1,0,1,0,0,0,1
0,0.0,0.0,0.0,0.0,0,-0.5368266925707568,1,0,0,0,1,1,0
0,0.0,0.0,0.0,0.0,0,-0.5368266925707568,0,1,1,0,0,0,1
0,0.0,0.0,0.0,0.0,1,-0.33977530263912814,0,1,0,1,0,1,0
0,0.0,0.0,0.0,0.0,1,-0.33977530263912814,0,1,1,0,0,1,0
0,0.0,0.0,0.0,0.0,1,1.2366358168139007,0,1,1,0,0,1,0
0,0.0,0.0,0.0,0.0,0,0.8425330369506435,0,1,0,1,0,1,0
0,0.0,0.0,0.0,0.0,0,-0.5368266925707568,0,1,1,0,0,0,1
0,0.0,0.0,0.0,0.0,1,-0.7338780825023853,1,0,1,0,0,1,0
0,0.0,0.0,0.0,0.0,0,0.4484302570873863,0,1,1,0,0,1,0
0,0.0,0.0,0.0,0.0,1,-0.7338780825023853,0,1,0,1,0,0,1
0,0.0,0.0,0.0,0.0,0,0.8425330369506435,0,1,1,0,0,1,0
0,0.0,0.0,0.0,0.0,0,-0.5368266925707568,0,1,0,0,1,0,1
0,0.0,0.0,0.0,0.0,0,-0.7338780825023853,0,1,0,0,1,0,1
0,0.0,0.0,0.0,0.0,1,-0.7338780825023853,0,1,1,0,0,1,0
0,0.0,0.0,0.0,0.0,1,-0.7338780825023853,0,1,0,1,0,1,0
0,0.0,0.0,0.0,0.0,1,1.039584426882272,1,0,1,0,0,0,1
0,0.0,0.0,0.0,0.0,0,-0.5368266925707568,1,0,1,0,0,1,0
0,0.0,0.0,0.0,0.0,0,-0.5368266925707568,0,1,1,0,0,0,1
0,0.0,0.0,0.0,0.0,0,0.05432747722412909,0,1,0,1,0,0,1
0,0.927,0.9267197,0.9267197214533212,0.9267197214533212,0,3.4042011060618154,0,1,1,0,0,1,0
0,0.0,0.0,0.0,0.0,1,-0.1427239127074995,0,1,1,0,0,0,1
0,0.0,0.0,0.0,0.0,0,2.2218927664720436,0,1,1,0,0,1,0
0,0.0,0.0,0.0,0.0,0,-0.7338780825023853,1,0,0,1,0,0,1
0,0.0,0.0,0.0,0.0,0,-0.5368266925707568,0,1,1,0,0,1,0
0,0.0,0.0,0.0,0.0,1,-0.7338780825023853,0,1,1,0,0,1,0
0,0.0,0.0,0.0,0.0,0,1.039584426882272,0,1,1,0,0,1,0
0,0.0,0.0,0.0,0.0,0,1.8277899866087863,0,1,0,1,0,1,0
0,0.0,0.0,0.0,0.0,1,-0.7338780825023853,0,1,1,0,0,1,0
0,0.0,0.0,0.0,0.0,1,0.4484302570873863,1,0,0,1,0,1,0
0,0.0,0.0,0.0,0.0,0,2.8130469362669293,0,1,1,0,0,0,1
0,0.0,0.0,0.0,0.0,0,-0.33977530263912814,0,1,1,0,0,1,0
0,0.0,0.0,0.0,0.0,0,1.2366358168139007,0,1,1,0,0,1,0
0,0.0,0.0,0.0,0.0,1,-0.7338780825023853,0,1,0,1,0,1,0
0,0.0,0.0,0.0,0.0,0,0.4484302570873863,0,1,1,0,0,1,0
0,0.0,0.0,0.0,0.0,0,-0.5368266925707568,0,1,1,0,0,1,0
0,0.0,0.0,0.0,0.0,0,1.4336872067455293,1,0,1,0,0,1,0
0,0.936,0.93584156,0.9358415530325216,0.9358415530325216,1,-0.1427239127074995,0,1,1,0,0,1,0
0,0.0,0.0,0.0,0.0,1,-0.7338780825023853,0,1,1,0,0,0,1
0,0.0,0.0,0.0,0.0,1,-0.5368266925707568,0,1,0,0,1,1,0
0,0.0,0.0,0.0,0.0,0,0.05432747722412909,0,1,1,0,0,1,0
0,0.0,0.0,0.0,0.0,1,-0.33977530263912814,0,1,0,0,1,1,0
0,0.0,0.0,0.0,0.0,1,0.05432747722412909,0,1,0,0,1,0,1
0,0.0,0.0,0.0,0.0,0,-0.5368266925707568,0,1,0,0,1,1,0
0,0.0,0.0,0.0,0.0,1,-0.5368266925707568,0,1,0,0,1,1,0
0,0.0,0.0,0.0,0.0,0,-0.7338780825023853,0,1,0,0,1,0,1
0,0.0,0.0,0.0,0.0,1,-0.7338780825023853,0,1,0,0,1,1,0
0,0.0,0.0,0.0,0.0,0,1.039584426882272,0,1,1,0,0,1,0
0,0.0,0.0,0.0,0.0,0,1.039584426882272,1,0,1,0,0,0,1
0,0.0,0.0,0.0,0.0,1,-0.5368266925707568,1,0,0,1,0,0,1
0,0.0,0.0,0.0,0.0,1,-0.7338780825023853,1,0,0,1,0,0,1
0,0.0,0.0,0.0,0.0,0,-0.7338780825023853,0,1,1,0,0,1,0
0,0.0,0.0,0.0,0.0,0,3.4042011060618154,0,1,1,0,0,0,1
0,0.0,0.0,0.0,0.0,0,2.615995546335301,0,1,0,1,0,1,0
0,0.0,0.0,0.0,0.0,0,-0.5368266925707568,0,1,1,0,0,1,0
0,0.0,0.0,0.0,0.0,0,0.05432747722412909,0,1,1,0,0,1,0
0,0.0,0.0,0.0,0.0,1,-0.5368266925707568,0,1,1,0,0,0,1
0,0.0,0.0,0.0,0.0,1,-0.33977530263912814,0,1,1,0,0,0,1
0,0.0,0.0,0.0,0.0,1,-0.5368266925707568,1,0,1,0,0,0,1
0,0.0,0.0,0.0,0.0,0,-0.7338780825023853,0,1,0,1,0,1,0
0,0.0,0.0,0.0,0.0,1,-0.7338780825023853,1,0,1,0,0,0,1
0,0.913,0.91286993,0.9128699190400287,0.9128699190400287,1,-0.5368266925707568,0,1,0,1,0,0,1
0,0.0,0.0,0.0,0.0,1,-0.1427239127074995,0,1,0,1,0,1,0
0,0.0,0.0,0.0,0.0,1,-0.33977530263912814,0,1,1,0,0,1,0
0,0.0,0.0,0.0,0.0,1,-0.5368266925707568,0,1,0,0,1,1,0
0,0.0,0.0,0.0,0.0,1,-0.33977530263912814,0,1,1,0,0,1,0
0,0.0,0.0,0.0,0.0,0,3.6012524959934438,0,1,0,1,0,0,1
0,0.0,0.0,0.0,0.0,0,3.798303885925072,0,1,1,0,0,1,0
0,0.0,0.0,0.0,0.0,1,-0.7338780825023853,0,1,1,0,0,0,1
0,0.0,0.0,0.0,0.0,1,2.0248413765404147,1,0,1,0,0,1,0
0,0.0,0.0,0.0,0.0,0,0.6454816470190149,0,1,0,1,0,0,1
0,0.0,0.0,0.0,0.0,0,1.6307385966771577,1,0,1,0,0,0,1
0,0.0,0.0,0.0,0.0,1,-0.7338780825023853,0,1,0,1,0,0,1
0,0.9507,0.9506721,0.9506720926870659,0.9506720926870659,0,-0.33977530263912814,0,1,0,1,0,0,1
0,0.0,0.0,0.0,0.0,1,0.2513788671557577,0,1,0,0,1,0,1
0,0.0,0.0,0.0,0.0,0,2.2218927664720436,0,1,1,0,0,1,0
0,0.0,0.0,0.0,0.0,0,1.2366358168139007,0,1,1,0,0,1,0
0,0.0,0.0,0.0,0.0,0,1.2366358168139007,0,1,1,0,0,1,0
0,0.0,0.0,0.0,0.0,0,1.6307385966771577,0,1,0,0,1,0,1
0,0.0,0.0,0.0,0.0,0,0.05432747722412909,0,1,1,0,0,1,0
0,0.0,0.0,0.0,0.0,1,-0.7338780825023853,1,0,1,0,0,1,0
0,0.0,0.0,0.0,0.0,0,-0.7338780825023853,1,0,0,0,1,1,0
0,0.0,0.0,0.0,0.0,1,-0.1427239127074995,0,1,0,1,0,1,0
0,0.922,0.9219189,0.9219189385491551,0.9219189385491551,1,-0.5368266925707568,0,1,0,1,0,0,1
0,0.0,0.0,0.0,0.0,1,-0.5368266925707568,0,1,1,0,0,1,0
0,0.0,0.0,0.0,0.0,1,0.05432747722412909,0,1,0,0,1,1,0
0,0.0,0.0,0.0,0.0,0,-0.5368266925707568,1,0,1,0,0,1,0
0,0.0,0.0,0.0,0.0,1,-0.5368266925707568,0,1,0,1,0,1,0
0,0.0,0.0,0.0,0.0,0,0.6454816470190149,0,1,1,0,0,1,0
0,0.0,0.0,0.0,0.0,0,-0.7338780825023853,0,1,1,0,0,1,0
0,0.0,0.0,0.0,0.0,0,0.05432747722412909,0,1,1,0,0,1,0
0,0.0,0.0,0.0,0.0,0,-0.7338780825023853,1,0,0,0,1,0,1
0,0.0,0.0,0.0,0.0,0,0.8425330369506435,0,1,0,1,0,1,0
0,0.0,0.0,0.0,0.0,0,-0.5368266925707568,0,1,1,0,0,0,1
0,0.0,0.0,0.0,0.0,0,0.05432747722412909,0,1,1,0,0,1,0
0,0.0,0.0,0.0,0.0,0,1.039584426882272,0,1,1,0,0,1,0
0,0.0,0.0,0.0,0.0,0,0.4484302570873863,0,1,0,1,0,1,0
0,0.0,0.0,0.0,0.0,1,1.039584426882272,0,1,0,1,0,1,0
0,0.9595,0.9594423,0.9594423211075276,0.9594423211075276,0,1.8277899866087863,0,1,1,0,0,0,1
0,0.0,0.0,0.0,0.0,0,-0.7338780825023853,0,1,0,0,1,1,0
0,0.0,0.0,0.0,0.0,0,-0.7338780825023853,0,1,1,0,0,1,0
0,0.0,0.0,0.0,0.0,0,0.05432747722412909,1,0,1,0,0,1,0
0,0.0,0.0,0.0,0.0,0,0.05432747722412909,0,1,1,0,0,0,1
0,0.0,0.0,0.0,0.0,0,0.2513788671557577,1,0,1,0,0,0,1
0,0.0,0.0,0.0,0.0,1,0.4484302570873863,0,1,1,0,0,0,1
0,0.0,0.0,0.0,0.0,1,-0.5368266925707568,0,1,0,1,0,1,0
0,0.0,0.0,0.0,0.0,0,-0.1427239127074995,0,1,0,0,1,1,0
0,0.959,0.95874524,0.9587452303135016,0.9587452303135016,1,-0.33977530263912814,0,1,0,1,0,0,1
0,0.0,0.0,0.0,0.0,0,0.6454816470190149,0,1,1,0,0,1,0
0,0.0,0.0,0.0,0.0,0,-0.7338780825023853,0,1,0,1,0,1,0
0,0.0,0.0,0.0,0.0,0,-0.33977530263912814,0,1,0,1,0,1,0
0,0.0,0.0,0.0,0.0,0,-0.7338780825023853,0,1,1,0,0,1,0
0,0.0,0.0,0.0,0.0,0,1.8277899866087863,0,1,1,0,0,1,0
0,0.0,0.0,0.0,0.0,1,-0.33977530263912814,1,0,1,0,0,1,0
0,0.0,0.0,0.0,0.0,0,-0.5368266925707568,0,1,0,0,1,1,0
0,0.0,0.0,0.0,0.0,0,0.05432747722412909,0,1,0,1,0,1,0
0,0.0,0.0,0.0,0.0,0,-0.7338780825023853,1,0,0,0,1,1,0
0,0.0,0.0,0.0,0.0,0,2.418944156403672,0,1,0,1,0,0,1
0,0.0,0.0,0.0,0.0,0,0.8425330369506435,0,1,0,1,0,1,0
0,0.0,0.0,0.0,0.0,0,0.05432747722412909,0,1,1,0,0,1,0
0,0.0,0.0,0.0,0.0,0,0.2513788671557577,0,1,1,0,0,0,1
0,0.0,0.0,0.0,0.0,0,2.418944156403672,0,1,1,0,0,0,1
0,0.0,0.0,0.0,0.0,1,-0.7338780825023853,0,1,0,0,1,1,0
0,0.0,0.0,0.0,0.0,1,-0.5368266925707568,0,1,1,0,0,1,0
0,0.0,0.0,0.0,0.0,1,-0.33977530263912814,1,0,1,0,0,1,0
0,0.0,0.0,0.0,0.0,1,-0.7338780825023853,0,1,0,0,1,1,0
0,0.0,0.0,0.0,0.0,0,-0.1427239127074995,0,1,0,0,1,1,0
0,0.0,0.0,0.0,0.0,1,0.4484302570873863,1,0,0,1,0,1,0
0,0.0,0.0,0.0,0.0,0,-0.7338780825023853,1,0,0,1,0,1,0
0,0.0,0.0,0.0,0.0,0,0.2513788671557577,1,0,1,0,0,1,0
0,0.0,0.0,0.0,0.0,1,-0.7338780825023853,0,1,1,0,0,0,1
0,0.0,0.0,0.0,0.0,0,0.05432747722412909,0,1,1,0,0,0,1
0,0.0,0.0,0.0,0.0,0,0.05432747722412909,0,1,1,0,0,1,0
0,0.0,0.0,0.0,0.0,0,0.2513788671557577,0,1,1,0,0,1,0
0,0.0,0.0,0.0,0.0,0,-0.7338780825023853,1,0,1,0,0,0,1
0,0.0,0.0,0.0,0.0,0,-0.7338780825023853,1,0,1,0,0,0,1
0,0.0,0.0,0.0,0.0,0,-0.1427239127074995,0,1,1,0,0,0,1
0,0.0,0.0,0.0,0.0,0,-0.7338780825023853,0,1,1,0,0,0,1
0,0.0,0.0,0.0,0.0,0,-0.5368266925707568,0,1,0,0,1,1,0
0,0.0,0.0,0.0,0.0,1,1.039584426882272,0,1,1,0,0,1,0
0,0.0,0.0,0.0,0.0,0,-0.7338780825023853,0,1,0,1,0,0,1
0,0.9287,0.92859507,0.9285950940151024,0.9285950940151024,0,-0.1427239127074995,0,1,1,0,0,1,0
0,0.0,0.0,0.0,0.0,0,3.010098326198558,0,1,1,0,0,1,0
0,0.0,0.0,0.0,0.0,0,0.6454816470190149,0,1,0,1,0,1,0
0,0.0,0.0,0.0,0.0,1,-0.33977530263912814,1,0,0,0,1,1,0
0,0.958,0.958042,0.9580420222262995,0.9580420222262995,1,-0.1427239127074995,0,1,1,0,0,1,0
0,0.0,0.0,0.0,0.0,0,0.05432747722412909,0,1,0,1,0,0,1
0,0.0,0.0,0.0,0.0,1,-0.7338780825023853,0,1,1,0,0,1,0
0,0.0,0.0,0.0,0.0,1,-0.5368266925707568,0,1,0,0,1,1,0
0,0.0,0.0,0.0,0.0,0,-0.5368266925707568,0,1,1,0,0,1,0
0,0.0,0.0,0.0,0.0,0,-0.33977530263912814,0,1,1,0,0,1,0
0,0.0,0.0,0.0,0.0,0,1.039584426882272,0,1,1,0,0,1,0
0,0.0,0.0,0.0,0.0,0,0.4484302570873863,1,0,1,0,0,1,0
0,0.0,0.0,0.0,0.0,1,0.05432747722412909,0,1,1,0,0,1,0
0,0.0,0.0,0.0,0.0,0,0.05432747722412909,0,1,0,1,0,0,1
0,0.9395,0.9393127,0.9393127137322361,0.9393127137322361,0,2.0248413765404147,0,1,1,0,0,1,0
0,0.0,0.0,0.0,0.0,0,-0.5368266925707568,0,1,1,0,0,1,0
0,0.0,0.0,0.0,0.0,0,0.4484302570873863,0,1,1,0,0,1,0
0,0.0,0.0,0.0,0.0,1,-0.7338780825023853,0,1,1,0,0,1,0
0,0.0,0.0,0.0,0.0,1,-0.7338780825023853,1,0,0,0,1,0,1
0,0.0,0.0,0.0,0.0,1,-0.7338780825023853,0,1,1,0,0,0,1
0,0.0,0.0,0.0,0.0,1,-0.5368266925707568,0,1,0,0,1,1,0
0,0.0,0.0,0.0,0.0,0,-0.7338780825023853,0,1,0,0,1,1,0
0,0.0,0.0,0.0,0.0,1,-0.33977530263912814,1,0,1,0,0,1,0
0,0.0,0.0,0.0,0.0,0,-0.5368266925707568,0,1,0,0,1,0,1
0,0.0,0.0,0.0,0.0,0,-0.33977530263912814,0,1,0,0,1,0,1
0,0.0,0.0,0.0,0.0,0,-0.33977530263912814,0,1,1,0,0,1,0
0,0.0,0.0,0.0,0.0,0,-0.5368266925707568,0,1,0,0,1,1,0
0,0.0,0.0,0.0,0.0,0,-0.5368266925707568,0,1,0,0,1,1,0
0,0.0,0.0,0.0,0.0,0,0.2513788671557577,0,1,1,0,0,0,1
0,0.0,0.0,0.0,0.0,0,-0.33977530263912814,0,1,1,0,0,0,1
0,0.0,0.0,0.0,0.0,0,-0.5368266925707568,0,1,1,0,0,1,0
0,0.0,0.0,0.0,0.0,0,-0.7338780825023853,0,1,1,0,0,1,0
0,0.0,0.0,0.0,0.0,1,-0.7338780825023853,0,1,0,1,0,0,1
0,0.0,0.0,0.0,0.0,0,1.8277899866087863,0,1,1,0,0,1,0
0,0.9443,0.9443308,0.94433082595598,0.94433082595598,1,-0.1427239127074995,0,1,1,0,0,1,0
0,0.0,0.0,0.0,0.0,0,0.8425330369506435,0,1,1,0,0,0,1
0,0.0,0.0,0.0,0.0,0,-0.1427239127074995,0,1,1,0,0,0,1
0,0.0,0.0,0.0,0.0,1,0.2513788671557577,0,1,0,1,0,1,0
0,0.0,0.0,0.0,0.0,1,-0.5368266925707568,0,1,1,0,0,1,0
0,0.0,0.0,0.0,0.0,0,1.039584426882272,0,1,1,0,0,1,0
0,0.0,0.0,0.0,0.0,1,0.6454816470190149,1,0,0,1,0,0,1
0,0.9575,0.9573327,0.9573326906403243,0.9573326906403243,0,-0.1427239127074995,0,1,1,0,0,1,0
0,0.0,0.0,0.0,0.0,0,-0.5368266925707568,0,1,1,0,0,1,0
0,0.0,0.0,0.0,0.0,0,-0.5368266925707568,0,1,1,0,0,0,1
0,0.0,0.0,0.0,0.0,0,-0.5368266925707568,0,1,1,0,0,0,1
0,0.0,0.0,0.0,0.0,0,0.2513788671557577,0,1,1,0,0,1,0
0,0.0,0.0,0.0,0.0,0,-0.1427239127074995,0,1,1,0,0,0,1
0,0.0,0.0,0.0,0.0,0,-0.7338780825023853,1,0,0,0,1,1,0
0,0.0,0.0,0.0,0.0,0,-0.7338780825023853,0,1,0,0,1,0,1
0,0.0,0.0,0.0,0.0,1,-0.7338780825023853,0,1,1,0,0,1,0
0,0.0,0.0,0.0,0.0,0,-0.7338780825023853,0,1,1,0,0,0,1
0,0.0,0.0,0.0,0.0,0,0.4484302570873863,0,1,0,1,0,0,1
0,0.0,0.0,0.0,0.0,1,-0.7338780825023853,0,1,0,1,0,1,0
0,0.0,0.0,0.0,0.0,0,0.4484302570873863,0,1,0,0,1,1,0
0,0.9595,0.9594423,0.9594423211075276,0.9594423211075276,1,-0.1427239127074995,0,1,1,0,0,1,0
0,0.0,0.0,0.0,0.0,0,-0.1427239127074995,0,1,0,1,0,1,0
0,0.0,0.0,0.0,0.0,0,0.2513788671557577,0,1,1,0,0,1,0
0,0.0,0.0,0.0,0.0,0,-0.5368266925707568,0,1,0,0,1,1,0
0,0.0,0.0,0.0,0.0,0,3.6012524959934438,0,1,1,0,0,1,0
0,0.0,0.0,0.0,0.0,0,0.4484302570873863,0,1,1,0,0,1,0
0,0.0,0.0,0.0,0.0,1,-0.7338780825023853,0,1,0,0,1,0,1
0,0.9385,0.9384544,0.9384543826025636,0.9384543826025636,0,-0.33977530263912814,0,1,0,1,0,0,1
0,0.0,0.0,0.0,0.0,0,0.05432747722412909,0,1,1,0,0,1,0
0,0.958,0.958042,0.9580420222262995,0.9580420222262995,1,-0.1427239127074995,0,1,1,0,0,1,0
0,0.0,0.0,0.0,0.0,1,-0.5368266925707568,1,0,1,0,0,1,0
0,0.0,0.0,0.0,0.0,0,-0.7338780825023853,0,1,0,0,1,1,0
0,0.0,0.0,0.0,0.0,1,-0.7338780825023853,1,0,0,1,0,0,1
0,0.0,0.0,0.0,0.0,0,2.8130469362669293,0,1,1,0,0,0,1
0,0.0,0.0,0.0,0.0,0,0.8425330369506435,0,1,1,0,0,1,0
0,0.0,0.0,0.0,0.0,0,0.6454816470190149,0,1,1,0,0,1,0
0,0.0,0.0,0.0,0.0,0,-0.1427239127074995,0,1,1,0,0,0,1
0,0.0,0.0,0.0,0.0,0,-0.7338780825023853,0,1,1,0,0,0,1
0,0.0,0.0,0.0,0.0,0,-0.5368266925707568,0,1,0,0,1,0,1
0,0.0,0.0,0.0,0.0,0,-0.7338780825023853,1,0,0,0,1,0,1
0,0.0,0.0,0.0,0.0,0,-0.5368266925707568,0,1,1,0,0,0,1
0,0.0,0.0,0.0,0.0,1,4.389458055719958,0,1,0,1,0,1,0
0,0.0,0.0,0.0,0.0,0,3.010098326198558,0,1,1,0,0,1,0
0,0.0,0.0,0.0,0.0,0,-0.33977530263912814,1,0,1,0,0,1,0
0,0.0,0.0,0.0,0.0,1,-0.7338780825023853,0,1,0,1,0,1,0
0,0.0,0.0,0.0,0.0,0,0.4484302570873863,0,1,1,0,0,1,0
0,0.0,0.0,0.0,0.0,0,1.039584426882272,0,1,0,1,0,0,1
0,0.0,0.0,0.0,0.0,1,-0.5368266925707568,0,1,1,0,0,0,1
0,0.0,0.0,0.0,0.0,0,1.2366358168139007,0,1,1,0,0,1,0
0,0.0,0.0,0.0,0.0,1,1.039584426882272,1,0,1,0,0,0,1
0,0.0,0.0,0.0,0.0,0,-0.7338780825023853,0,1,0,1,0,1,0
0,0.0,0.0,0.0,0.0,0,0.2513788671557577,0,1,1,0,0,0,1
0,0.0,0.0,0.0,0.0,1,-0.7338780825023853,0,1,0,0,1,1,0
0,0.0,0.0,0.0,0.0,0,0.8425330369506435,0,1,1,0,0,0,1
0,0.0,0.0,0.0,0.0,0,-0.5368266925707568,0,1,1,0,0,1,0
0,0.0,0.0,0.0,0.0,0,-0.33977530263912814,0,1,1,0,0,1,0
0,0.965,0.9647995,0.9647995485050872,0.9647995485050872,0,1.8277899866087863,0,1,1,0,0,0,1
0,0.0,0.0,0.0,0.0,0,0.8425330369506435,0,1,1,0,0,1,0
0,0.0,0.0,0.0,0.0,0,1.2366358168139007,0,1,0,1,0,1,0
0,0.0,0.0,0.0,0.0,1,-0.5368266925707568,1,0,1,0,0,0,1
0,0.952,0.9521954,0.9521953766259577,0.9521953766259577,1,-0.5368266925707568,0,1,0,1,0,0,1
0,0.0,0.0,0.0,0.0,1,-0.7338780825023853,0,1,1,0,0,1,0
0,0.0,0.0,0.0,0.0,1,-0.33977530263912814,0,1,0,0,1,1,0
0,0.0,0.0,0.0,0.0,0,0.4484302570873863,0,1,1,0,0,1,0
0,0.0,0.0,0.0,0.0,1,0.6454816470190149,1,0,1,0,0,1,0
0,0.0,0.0,0.0,0.0,1,-0.1427239127074995,0,1,0,0,1,0,1
0,0.0,0.0,0.0,0.0,1,-0.7338780825023853,0,1,1,0,0,0,1
0,0.0,0.0,0.0,0.0,0,-0.5368266925707568,0,1,0,0,1,1,0
0,0.0,0.0,0.0,0.0,0,0.8425330369506435,0,1,1,0,0,0,1
0,0.0,0.0,0.0,0.0,0,0.8425330369506435,0,1,0,1,0,1,0
0,0.0,0.0,0.0,0.0,0,-0.33977530263912814,0,1,0,0,1,0,1
0,0.0,0.0,0.0,0.0,0,-0.7338780825023853,0,1,0,0,1,0,1
0,0.0,0.0,0.0,0.0,1,0.2513788671557577,0,1,0,1,0,0,1
0,0.0,0.0,0.0,0.0,1,1.8277899866087863,0,1,0,1,0,1,0
0,0.0,0.0,0.0,0.0,1,0.2513788671557577,0,1,1,0,0,0,1
0,0.0,0.0,0.0,0.0,1,-0.7338780825023853,1,0,0,0,1,0,1
0,0.0,0.0,0.0,0.0,0,0.2513788671557577,1,0,1,0,0,1,0
0,0.0,0.0,0.0,0.0,0,-0.5368266925707568,0,1,0,0,1,1,0
0,0.0,0.0,0.0,0.0,0,-0.7338780825023853,1,0,0,0,1,0,1
0,0.0,0.0,0.0,0.0,0,0.6454816470190149,0,1,1,0,0,1,0
0,0.0,0.0,0.0,0.0,0,0.2513788671557577,0,1,1,0,0,1,0
0,0.0,0.0,0.0,0.0,1,-0.1427239127074995,1,0,1,0,0,1,0
0,0.947,0.94675547,0.9467554496831931,0.9467554496831931,1,0.6454816470190149,0,1,1,0,0,0,1
0,0.0,0.0,0.0,0.0,0,3.798303885925072,0,1,1,0,0,1,0
0,0.0,0.0,0.0,0.0,1,0.8425330369506435,0,1,1,0,0,1,0
0,0.0,0.0,0.0,0.0,0,0.2513788671557577,0,1,1,0,0,1,0
0,0.0,0.0,0.0,0.0,1,-0.33977530263912814,0,1,1,0,0,1,0
0,0.0,0.0,0.0,0.0,1,-0.5368266925707568,1,0,1,0,0,1,0
0,0.0,0.0,0.0,0.0,1,-0.7338780825023853,0,1,1,0,0,0,1
0,0.0,0.0,0.0,0.0,1,0.05432747722412909,0,1,1,0,0,1,0
0,0.0,0.0,0.0,0.0,1,-0.5368266925707568,0,1,1,0,0,1,0
0,0.0,0.0,0.0,0.0,0,-0.7338780825023853,0,1,1,0,0,1,0
0,0.0,0.0,0.0,0.0,1,0.4484302570873863,0,1,0,0,1,1,0
0,0.0,0.0,0.0,0.0,1,-0.5368266925707568,0,1,1,0,0,1,0
0,0.0,0.0,0.0,0.0,1,-0.33977530263912814,0,1,1,0,0,1,0
0,0.0,0.0,0.0,0.0,0,2.418944156403672,0,1,1,0,0,0,1
0,0.0,0.0,0.0,0.0,0,-0.5368266925707568,0,1,1,0,0,0,1
0,0.0,0.0,0.0,0.0,1,-0.33977530263912814,0,1,1,0,0,1,0
0,0.0,0.0,0.0,0.0,0,-0.7338780825023853,0,1,0,0,1,0,1
0,0.0,0.0,0.0,0.0,1,-0.5368266925707568,0,1,0,1,0,1,0
0,0.0,0.0,0.0,0.0,0,-0.5368266925707568,0,1,0,0,1,1,0
0,0.0,0.0,0.0,0.0,1,-0.5368266925707568,0,1,1,0,0,0,1
0,0.0,0.0,0.0,0.0,1,-0.1427239127074995,1,0,1,0,0,1,0
0,0.953,0.95294774,0.9529477519400049,0.9529477519400049,1,-0.33977530263912814,0,1,0,1,0,0,1
0,0.0,0.0,0.0,0.0,0,-0.7338780825023853,0,1,0,0,1,1,0
0,0.0,0.0,0.0,0.0,1,-0.5368266925707568,0,1,1,0,0,1,0
0,0.0,0.0,0.0,0.0,1,-0.7338780825023853,0,1,1,0,0,1,0
0,0.0,0.0,0.0,0.0,1,0.4484302570873863,0,1,1,0,0,1,0
0,0.0,0.0,0.0,0.0,1,-0.5368266925707568,0,1,0,0,1,1,0
0,0.0,0.0,0.0,0.0,0,0.8425330369506435,0,1,0,1,0,1,0
0,0.0,0.0,0.0,0.0,1,-0.7338780825023853,0,1,1,0,0,0,1
0,0.0,0.0,0.0,0.0,1,-0.5368266925707568,1,0,0,1,0,0,1
0,0.0,0.0,0.0,0.0,0,-0.7338780825023853,0,1,1,0,0,1,0
0,0.0,0.0,0.0,0.0,0,0.2513788671557577,0,1,0,1,0,1,0
0,0.0,0.0,0.0,0.0,1,-0.7338780825023853,1,0,1,0,0,0,1
0,0.0,0.0,0.0,0.0,1,-0.33977530263912814,0,1,1,0,0,0,1
0,0.0,0.0,0.0,0.0,0,-0.7338780825023853,0,1,0,0,1,1,0
0,0.901,0.9010892,0.9010891843657631,0.9010891843657631,0,3.4042011060618154,0,1,1,0,0,1,0
0,0.0,0.0,0.0,0.0,0,2.0248413765404147,1,0,1,0,0,1,0
0,0.0,0.0,0.0,0.0,0,0.05432747722412909,0,1,1,0,0,1,0
0,0.0,0.0,0.0,0.0,0,-0.5368266925707568,0,1,0,0,1,0,1
0,0.0,0.0,0.0,0.0,0,-0.5368266925707568,0,1,0,0,1,1,0
0,0.0,0.0,0.0,0.0,0,-0.1427239127074995,0,1,0,1,0,1,0
0,0.0,0.0,0.0,0.0,0,0.05432747722412909,0,1,1,0,0,0,1
0,0.0,0.0,0.0,0.0,0,-0.7338780825023853,0,1,1,0,0,1,0
0,0.0,0.0,0.0,0.0,0,-0.7338780825023853,1,0,1,0,0,1,0
0,0.0,0.0,0.0,0.0,1,-0.1427239127074995,0,1,0,1,0,1,0
0,0.0,0.0,0.0,0.0,1,-0.33977530263912814,0,1,1,0,0,1,0
0,0.0,0.0,0.0,0.0,1,-0.5368266925707568,0,1,1,0,0,1,0
0,0.0,0.0,0.0,0.0,0,0.4484302570873863,0,1,1,0,0,0,1
0,0.0,0.0,0.0,0.0,0,0.2513788671557577,0,1,1,0,0,0,1
0,0.0,0.0,0.0,0.0,0,-0.1427239127074995,0,1,0,0,1,1,0
0,0.0,0.0,0.0,0.0,0,-0.5368266925707568,1,0,1,0,0,1,0
0,0.0,0.0,0.0,0.0,0,-0.7338780825023853,0,1,0,0,1,1,0
0,0.0,0.0,0.0,0.0,1,-0.33977530263912814,0,1,1,0,0,1,0
0,0.0,0.0,0.0,0.0,1,-0.7338780825023853,0,1,1,0,0,1,0
0,0.0,0.0,0.0,0.0,0,-0.5368266925707568,0,1,0,1,0,1,0
0,0.0,0.0,0.0,0.0,1,-0.7338780825023853,1,0,1,0,0,0,1
0,0.0,0.0,0.0,0.0,0,-0.7338780825023853,0,1,1,0,0,0,1
0,0.0,0.0,0.0,0.0,0,-0.7338780825023853,0,1,1,0,0,0,1
0,0.0,0.0,0.0,0.0,0,-0.5368266925707568,0,1,0,0,1,1,0
0,0.0,0.0,0.0,0.0,0,3.6012524959934438,0,1,0,1,0,1,0
0,0.0,0.0,0.0,0.0,1,-0.7338780825023853,1,0,1,0,0,1,0
0,0.0,0.0,0.0,0.0,1,-0.1427239127074995,0,1,1,0,0,0,1
0,0.955,0.9551679,0.9551678918612524,0.9551678918612524,1,-0.33977530263912814,0,1,0,1,0,0,1
0,0.0,0.0,0.0,0.0,1,-0.33977530263912814,1,0,1,0,0,1,0
0,0.0,0.0,0.0,0.0,0,0.05432747722412909,1,0,1,0,0,1,0
0,0.0,0.0,0.0,0.0,0,-0.33977530263912814,0,1,1,0,0,1,0
0,0.0,0.0,0.0,0.0,0,-0.5368266925707568,0,1,0,1,0,1,0
0,0.0,0.0,0.0,0.0,0,-0.7338780825023853,1,0,0,0,1,0,1
0,0.0,0.0,0.0,0.0,0,-0.7338780825023853,0,1,0,0,1,1,0
0,0.0,0.0,0.0,0.0,1,-0.1427239127074995,0,1,0,1,0,0,1
0,0.0,0.0,0.0,0.0,0,-0.7338780825023853,0,1,0,1,0,0,1
0,0.0,0.0,0.0,0.0,0,-0.5368266925707568,1,0,1,0,0,1,0
0,0.0,0.0,0.0,0.0,0,1.6307385966771577,0,1,1,0,0,1,0
0,0.0,0.0,0.0,0.0,0,0.6454816470190149,0,1,1,0,0,1,0
0,0.0,0.0,0.0,0.0,0,1.6307385966771577,1,0,1,0,0,1,0
0,0.0,0.0,0.0,0.0,0,-0.7338780825023853,0,1,1,0,0,0,1
0,0.0,0.0,0.0,0.0,1,-0.7338780825023853,0,1,0,1,0,0,1
0,0.0,0.0,0.0,0.0,1,-0.7338780825023853,0,1,1,0,0,0,1
0,0.0,0.0,0.0,0.0,0,1.039584426882272,0,1,1,0,0,1,0
0,0.0,0.0,0.0,0.0,1,-0.7338780825023853,0,1,1,0,0,0,1
0,0.0,0.0,0.0,0.0,0,-0.5368266925707568,0,1,1,0,0,0,1
0,0.0,0.0,0.0,0.0,1,-0.7338780825023853,0,1,0,0,1,0,1
0,0.94,0.94016474,0.9401647521318283,0.9401647521318283,0,-0.1427239127074995,0,1,1,0,0,1,0
0,0.0,0.0,0.0,0.0,0,0.2513788671557577,0,1,1,0,0,1,0
0,0.0,0.0,0.0,0.0,1,-0.5368266925707568,0,1,1,0,0,1,0
0,0.0,0.0,0.0,0.0,0,1.2366358168139007,0,1,1,0,0,0,1
0,0.0,0.0,0.0,0.0,0,-0.7338780825023853,1,0,1,0,0,1,0
0,0.0,0.0,0.0,0.0,1,-0.7338780825023853,0,1,1,0,0,0,1
0,0.0,0.0,0.0,0.0,0,0.6454816470190149,1,0,1,0,0,1,0
0,0.0,0.0,0.0,0.0,0,-0.7338780825023853,0,1,0,0,1,1,0
0,0.0,0.0,0.0,0.0,0,1.4336872067455293,0,1,1,0,0,1,0
0,0.0,0.0,0.0,0.0,1,2.8130469362669293,0,1,1,0,0,1,0
0,0.0,0.0,0.0,0.0,1,-0.5368266925707568,0,1,0,0,1,1,0
0,0.0,0.0,0.0,0.0,0,2.0248413765404147,0,1,0,1,0,0,1
0,0.0,0.0,0.0,0.0,1,0.6454816470190149,0,1,0,1,0,1,0
0,0.0,0.0,0.0,0.0,0,4.192406665788329,0,1,0,1,0,1,0
0,0.0,0.0,0.0,0.0,1,-0.33977530263912814,0,1,0,1,0,1,0
0,0.0,0.0,0.0,0.0,0,0.05432747722412909,0,1,0,1,0,1,0
0,0.0,0.0,0.0,0.0,0,-0.1427239127074995,0,1,0,0,1,1,0
0,0.0,0.0,0.0,0.0,0,-0.5368266925707568,0,1,0,0,1,1,0
0,0.0,0.0,0.0,0.0,0,2.2218927664720436,0,1,1,0,0,1,0
0,0.0,0.0,0.0,0.0,1,0.8425330369506435,0,1,1,0,0,0,1
0,0.0,0.0,0.0,0.0,0,-0.5368266925707568,0,1,1,0,0,1,0
0,0.0,0.0,0.0,0.0,0,-0.7338780825023853,0,1,1,0,0,0,1
0,0.0,0.0,0.0,0.0,1,0.05432747722412909,0,1,0,1,0,0,1
0,0.943,0.94268316,0.9426831892554922,0.9426831892554922,0,-0.5368266925707568,0,1,0,1,0,0,1
0,0.0,0.0,0.0,0.0,1,-0.33977530263912814,0,1,1,0,0,1,0
0,0.0,0.0,0.0,0.0,0,-0.5368266925707568,0,1,1,0,0,1,0
0,0.0,0.0,0.0,0.0,0,3.995355275856701,0,1,1,0,0,1,0
0,0.0,0.0,0.0,0.0,1,-0.7338780825023853,0,1,0,0,1,0,1
0,0.0,0.0,0.0,0.0,1,0.05432747722412909,0,1,0,0,1,0,1
0,0.0,0.0,0.0,0.0,1,-0.33977530263912814,0,1,1,0,0,1,0
0,0.0,0.0,0.0,0.0,1,-0.33977530263912814,0,1,0,1,0,1,0
0,0.0,0.0,0.0,0.0,0,-0.5368266925707568,1,0,0,0,1,1,0
0,0.0,0.0,0.0,0.0,1,-0.33977530263912814,0,1,0,0,1,1,0
0,0.0,0.0,0.0,0.0,0,-0.1427239127074995,1,0,1,0,0,0,1
0,0.0,0.0,0.0,0.0,0,-0.33977530263912814,0,1,1,0,0,1,0
0,0.0,0.0,0.0,0.0,0,-0.1427239127074995,0,1,0,0,1,1,0
0,0.0,0.0,0.0,0.0,0,-0.7338780825023853,0,1,1,0,0,0,1
0,0.0,0.0,0.0,0.0,0,-0.5368266925707568,1,0,0,1,0,0,1
0,0.0,0.0,0.0,0.0,0,-0.5368266925707568,0,1,1,0,0,1,0
0,0.0,0.0,0.0,0.0,1,0.2513788671557577,0,1,0,0,1,0,1
0,0.0,0.0,0.0,0.0,0,-0.7338780825023853,0,1,0,0,1,1,0
0,0.0,0.0,0.0,0.0,0,-0.33977530263912814,0,1,1,0,0,1,0
0,0.0,0.0,0.0,0.0,0,0.2513788671557577,1,0,0,1,0,1,0
0,0.0,0.0,0.0,0.0,0,-0.33977530263912814,0,1,0,1,0,1,0
0,0.0,0.0,0.0,0.0,1,-0.7338780825023853,0,1,0,0,1,1,0
0,0.0,0.0,0.0,0.0,0,0.8425330369506435,0,1,0,1,0,0,1
0,0.961,0.9608182,0.9608181753171039,0.9608181753171039,0,0.6454816470190149,0,1,1,0,0,0,1
0,0.0,0.0,0.0,0.0,1,-0.7338780825023853,1,0,1,0,0,0,1
0,0.0,0.0,0.0,0.0,1,0.8425330369506435,0,1,0,0,1,1,0
0,0.0,0.0,0.0,0.0,1,-0.5368266925707568,1,0,1,0,0,0,1
0,0.0,0.0,0.0,0.0,0,-0.7338780825023853,0,1,0,0,1,1,0
0,0.0,0.0,0.0,0.0,0,0.6454816470190149,0,1,1,0,0,1,0
0,0.0,0.0,0.0,0.0,0,-0.33977530263912814,0,1,1,0,0,1,0
0,0.0,0.0,0.0,0.0,1,-0.7338780825023853,1,0,1,0,0,1,0
0,0.0,0.0,0.0,0.0,1,-0.5368266925707568,0,1,0,1,0,1,0
0,0.0,0.0,0.0,0.0,0,-0.5368266925707568,0,1,0,0,1,0,1
0,0.0,0.0,0.0,0.0,0,-0.5368266925707568,0,1,1,0,0,0,1
0,0.0,0.0,0.0,0.0,0,-0.7338780825023853,0,1,1,0,0,1,0
0,0.0,0.0,0.0,0.0,1,-0.5368266925707568,0,1,0,1,0,1,0
0,0.0,0.0,0.0,0.0,1,-0.7338780825023853,0,1,0,0,1,0,1
0,0.0,0.0,0.0,0.0,1,-0.5368266925707568,0,1,1,0,0,1,0
0,0.0,0.0,0.0,0.0,1,0.4484302570873863,0,1,1,0,0,1,0
0,0.0,0.0,0.0,0.0,0,-0.5368266925707568,0,1,0,0,1,1,0
0,0.0,0.0,0.0,0.0,1,-0.5368266925707568,0,1,0,0,1,0,1
0,0.0,0.0,0.0,0.0,0,-0.1427239127074995,1,0,1,0,0,1,0
0,0.9536,0.953694,0.9536939584842918,0.9536939584842918,1,0.6454816470190149,0,1,1,0,0,0,1
0,0.0,0.0,0.0,0.0,1,-0.7338780825023853,0,1,0,0,1,0,1
0,0.913,0.91286993,0.9128699190400287,0.9128699190400287,0,0.6454816470190149,1,0,1,0,0,0,1
0,0.0,0.0,0.0,0.0,1,-0.7338780825023853,0,1,1,0,0,0,1
0,0.0,0.0,0.0,0.0,1,-0.5368266925707568,1,0,1,0,0,1,0
0,0.0,0.0,0.0,0.0,1,-0.7338780825023853,0,1,1,0,0,1,0
0,0.0,0.0,0.0,0.0,0,-0.33977530263912814,0,1,1,0,0,0,1
0,0.0,0.0,0.0,0.0,0,-0.7338780825023853,0,1,0,1,0,1,0
0,0.0,0.0,0.0,0.0,1,-0.5368266925707568,0,1,0,1,0,1,0
0,0.0,0.0,0.0,0.0,0,0.8425330369506435,0,1,0,0,1,1,0
0,0.0,0.0,0.0,0.0,1,-0.7338780825023853,0,1,1,0,0,1,0
0,0.0,0.0,0.0,0.0,1,-0.1427239127074995,0,1,0,1,0,1,0
0,0.0,0.0,0.0,0.0,0,0.8425330369506435,0,1,0,1,0,1,0
0,0.0,0.0,0.0,0.0,1,-0.7338780825023853,0,1,0,1,0,0,1
0,0.947,0.94675547,0.9467554496831931,0.9467554496831931,0,0.6454816470190149,1,0,1,0,0,0,1
0,0.0,0.0,0.0,0.0,0,-0.5368266925707568,0,1,0,1,0,1,0
0,0.0,0.0,0.0,0.0,0,3.2071497161301865,0,1,1,0,0,1,0
0,0.0,0.0,0.0,0.0,0,-0.7338780825023853,0,1,1,0,0,1,0
0,0.0,0.0,0.0,0.0,0,1.039584426882272,0,1,1,0,0,1,0
0,0.0,0.0,0.0,0.0,1,1.2366358168139007,0,1,1,0,0,0,1
0,0.0,0.0,0.0,0.0,0,-0.7338780825023853,0,1,1,0,0,1,0
0,0.0,0.0,0.0,0.0,1,-0.1427239127074995,0,1,1,0,0,0,1
0,0.0,0.0,0.0,0.0,0,-0.33977530263912814,0,1,0,0,1,1,0
0,0.0,0.0,0.0,0.0,0,2.8130469362669293,0,1,1,0,0,0,1
0,0.0,0.0,0.0,0.0,1,-0.33977530263912814,0,1,1,0,0,1,0
0,0.0,0.0,0.0,0.0,0,-0.33977530263912814,0,1,1,0,0,0,1
0,0.9385,0.9384544,0.9384543826025636,0.9384543826025636,1,-0.1427239127074995,0,1,1,0,0,1,0
0,0.9614,0.96149695,0.9614969508235551,0.9614969508235551,1,2.0248413765404147,0,1,1,0,0,1,0
0,0.0,0.0,0.0,0.0,0,-0.1427239127074995,0,1,0,1,0,1,0
0,0.0,0.0,0.0,0.0,0,-0.33977530263912814,0,1,0,0,1,1,0
0,0.0,0.0,0.0,0.0,0,-0.5368266925707568,0,1,0,0,1,1,0
0,0.0,0.0,0.0,0.0,0,-0.7338780825023853,0,1,1,0,0,1,0
0,0.0,0.0,0.0,0.0,1,-0.1427239127074995,0,1,0,1,0,0,1
0,0.96,0.9601333,0.9601333007496377,0.9601333007496377,0,-0.1427239127074995,0,1,1,0,0,1,0
0,0.0,0.0,0.0,0.0,1,1.4336872067455293,0,1,0,1,0,1,0
0,0.0,0.0,0.0,0.0,0,-0.7338780825023853,0,1,0,1,0,0,1
0,0.9434,0.9435101,0.9435101346706889,0.9435101346706889,1,-0.5368266925707568,0,1,0,1,0,0,1
0,0.0,0.0,0.0,0.0,0,-0.7338780825023853,0,1,0,1,0,0,1
0,0.0,0.0,0.0,0.0,0,0.4484302570873863,0,1,1,0,0,0,1
0,0.0,0.0,0.0,0.0,0,-0.1427239127074995,0,1,0,0,1,1,0
0,0.0,0.0,0.0,0.0,0,2.2218927664720436,0,1,0,1,0,1,0
0,0.9385,0.9384544,0.9384543826025636,0.9384543826025636,0,-0.5368266925707568,0,1,0,1,0,0,1
0,0.0,0.0,0.0,0.0,0,1.2366358168139007,0,1,1,0,0,1,0
0,0.0,0.0,0.0,0.0,0,-0.33977530263912814,0,1,0,0,1,1,0
0,0.0,0.0,0.0,0.0,0,-0.33977530263912814,0,1,1,0,0,1,0
0,0.0,0.0,0.0,0.0,1,-0.7338780825023853,0,1,1,0,0,1,0
0,0.0,0.0,0.0,0.0,0,0.2513788671557577,1,0,0,1,0,1,0
0,0.0,0.0,0.0,0.0,0,-0.1427239127074995,0,1,0,1,0,1,0
0,0.0,0.0,0.0,0.0,0,-0.5368266925707568,1,0,0,0,1,1,0
0,0.0,0.0,0.0,0.0,1,-0.33977530263912814,1,0,1,0,0,1,0
0,0.0,0.0,0.0,0.0,0,0.05432747722412909,1,0,1,0,0,1,0
0,0.0,0.0,0.0,0.0,0,-0.5368266925707568,1,0,0,0,1,0,1
0,0.0,0.0,0.0,0.0,1,-0.7338780825023853,1,0,0,0,1,1,0
0,0.0,0.0,0.0,0.0,1,-0.5368266925707568,0,1,1,0,0,1,0
0,0.0,0.0,0.0,0.0,1,-0.5368266925707568,0,1,1,0,0,1,0
0,0.0,0.0,0.0,0.0,0,-0.5368266925707568,0,1,0,1,0,1,0
0,0.0,0.0,0.0,0.0,0,-0.5368266925707568,0,1,0,1,0,1,0
0,0.92,0.91995347,0.9199534913630798,0.9199534913630798,1,-0.5368266925707568,0,1,0,1,0,0,1
0,0.0,0.0,0.0,0.0,0,0.05432747722412909,0,1,0,1,0,1,0
0,0.0,0.0,0.0,0.0,0,0.05432747722412909,0,1,1,0,0,1,0
0,0.0,0.0,0.0,0.0,0,1.4336872067455293,0,1,1,0,0,1,0
0,0.0,0.0,0.0,0.0,1,-0.5368266925707568,0,1,0,0,1,1,0
0,0.0,0.0,0.0,0.0,0,0.05432747722412909,1,0,0,0,1,1,0
0,0.0,0.0,0.0,0.0,0,1.4336872067455293,0,1,0,1,0,0,1
0,0.0,0.0,0.0,0.0,0,-0.5368266925707568,1,0,0,0,1,0,1
0,0.0,0.0,0.0,0.0,1,-0.7338780825023853,0,1,0,0,1,1,0
0,0.0,0.0,0.0,0.0,0,-0.5368266925707568,0,1,0,0,1,1,0
0,0.0,0.0,0.0,0.0,1,1.039584426882272,0,1,1,0,0,1,0
0,0.935,0.934958,0.9349579708037452,0.9349579708037452,1,-0.5368266925707568,0,1,0,1,0,0,1
0,0.0,0.0,0.0,0.0,1,-0.1427239127074995,0,1,1,0,0,0,1
0,0.0,0.0,0.0,0.0,1,0.4484302570873863,0,1,0,1,0,1,0
0,0.0,0.0,0.0,0.0,0,-0.5368266925707568,0,1,0,0,1,1,0
0,0.0,0.0,0.0,0.0,0,-0.7338780825023853,0,1,0,0,1,1,0
0,0.0,0.0,0.0,0.0,0,-0.7338780825023853,0,1,1,0,0,1,0
0,0.0,0.0,0.0,0.0,0,-0.5368266925707568,0,1,0,0,1,1,0
0,0.0,0.0,0.0,0.0,0,-0.7338780825023853,0,1,0,0,1,1,0
0,0.9365,0.9367188,0.9367188103082079,0.9367188103082079,1,0.6454816470190149,0,1,1,0,0,0,1
0,0.0,0.0,0.0,0.0,0,0.4484302570873863,0,1,0,1,0,0,1
0,0.0,0.0,0.0,0.0,0,-0.7338780825023853,0,1,0,0,1,1,0
0,0.0,0.0,0.0,0.0,0,-0.5368266925707568,0,1,1,0,0,0,1
0,0.0,0.0,0.0,0.0,0,-0.7338780825023853,1,0,0,0,1,1,0
0,0.0,0.0,0.0,0.0,0,0.2513788671557577,0,1,1,0,0,1,0
0,0.0,0.0,0.0,0.0,0,-0.5368266925707568,0,1,0,1,0,1,0
0,0.0,0.0,0.0,0.0,0,-0.1427239127074995,0,1,0,1,0,1,0
0,0.0,0.0,0.0,0.0,0,-0.5368266925707568,0,1,1,0,0,0,1
0,0.0,0.0,0.0,0.0,0,-0.7338780825023853,0,1,0,0,1,0,1
0,0.0,0.0,0.0,0.0,1,-0.7338780825023853,0,1,1,0,0,0,1
0,0.0,0.0,0.0,0.0,1,-0.33977530263912814,0,1,1,0,0,0,1
0,0.0,0.0,0.0,0.0,1,-0.33977530263912814,0,1,0,0,1,0,1
0,0.953,0.95294774,0.9529477519400049,0.9529477519400049,1,-0.33977530263912814,0,1,0,1,0,0,1
0,0.0,0.0,0.0,0.0,0,-0.1427239127074995,0,1,0,0,1,1,0
0,0.0,0.0,0.0,0.0,1,0.05432747722412909,0,1,1,0,0,0,1
0,0.0,0.0,0.0,0.0,0,-0.5368266925707568,0,1,0,0,1,0,1
0,0.0,0.0,0.0,0.0,1,-0.33977530263912814,0,1,1,0,0,1,0
0,0.0,0.0,0.0,0.0,0,1.4336872067455293,0,1,1,0,0,1,0
0,0.0,0.0,0.0,0.0,1,0.05432747722412909,0,1,1,0,0,0,1
0,0.0,0.0,0.0,0.0,0,0.4484302570873863,0,1,1,0,0,1,0
0,0.0,0.0,0.0,0.0,0,-0.7338780825023853,1,0,0,0,1,0,1
0,0.958,0.958042,0.9580420222262995,0.9580420222262995,1,-0.1427239127074995,0,1,1,0,0,1,0
0,0.0,0.0,0.0,0.0,0,-0.5368266925707568,0,1,1,0,0,1,0
0,0.9575,0.9573327,0.9573326906403243,0.9573326906403243,1,-0.33977530263912814,0,1,0,1,0,0,1
0,0.0,0.0,0.0,0.0,1,-0.33977530263912814,0,1,1,0,0,1,0
0,0.0,0.0,0.0,0.0,0,-0.33977530263912814,0,1,1,0,0,1,0
0,0.0,0.0,0.0,0.0,0,-0.5368266925707568,1,0,1,0,0,1,0
0,0.0,0.0,0.0,0.0,1,-0.7338780825023853,1,0,1,0,0,1,0
0,0.0,0.0,0.0,0.0,0,1.8277899866087863,1,0,1,0,0,1,0
0,0.0,0.0,0.0,0.0,0,1.8277899866087863,0,1,0,1,0,1,0
0,0.0,0.0,0.0,0.0,0,-0.5368266925707568,0,1,1,0,0,0,1
0,0.0,0.0,0.0,0.0,0,-0.7338780825023853,0,1,1,0,0,1,0
0,0.0,0.0,0.0,0.0,0,-0.33977530263912814,0,1,0,0,1,1,0
0,0.0,0.0,0.0,0.0,0,-0.5368266925707568,0,1,1,0,0,0,1
0,0.0,0.0,0.0,0.0,1,-0.5368266925707568,0,1,0,1,0,1,0
0,0.0,0.0,0.0,0.0,0,1.2366358168139007,0,1,0,0,1,1,0
0,0.0,0.0,0.0,0.0,1,-0.1427239127074995,1,0,0,0,1,1,0
0,0.0,0.0,0.0,0.0,1,-0.5368266925707568,1,0,1,0,0,0,1
0,0.0,0.0,0.0,0.0,0,-0.33977530263912814,0,1,1,0,0,1,0
0,0.0,0.0,0.0,0.0,1,-0.7338780825023853,1,0,0,1,0,0,1
0,0.0,0.0,0.0,0.0,1,0.05432747722412909,0,1,0,1,0,0,1
0,0.0,0.0,0.0,0.0,0,0.6454816470190149,0,1,0,1,0,0,1
0,0.0,0.0,0.0,0.0,1,-0.7338780825023853,0,1,1,0,0,0,1
0,0.0,0.0,0.0,0.0,0,-0.7338780825023853,0,1,0,0,1,1,0
0,0.926,0.9257724,0.9257724232145381,0.9257724232145381,0,0.6454816470190149,0,1,1,0,0,0,1
0,0.0,0.0,0.0,0.0,0,3.010098326198558,0,1,1,0,0,1,0
0,0.9575,0.9573327,0.9573326906403243,0.9573326906403243,0,-0.1427239127074995,0,1,1,0,0,1,0
0,0.0,0.0,0.0,0.0,1,1.4336872067455293,0,1,0,1,0,0,1
0,0.0,0.0,0.0,0.0,0,0.8425330369506435,0,1,1,0,0,0,1
0,0.0,0.0,0.0,0.0,1,-0.5368266925707568,0,1,1,0,0,1,0
0,0.0,0.0,0.0,0.0,0,-0.7338780825023853,0,1,0,0,1,1,0
0,0.0,0.0,0.0,0.0,1,1.6307385966771577,0,1,0,1,0,1,0
0,0.0,0.0,0.0,0.0,1,-0.5368266925707568,0,1,1,0,0,0,1
0,0.0,0.0,0.0,0.0,1,-0.7338780825023853,0,1,0,1,0,0,1
0,0.0,0.0,0.0,0.0,0,-0.5368266925707568,0,1,0,0,1,1,0
0,0.0,0.0,0.0,0.0,1,-0.7338780825023853,1,0,0,1,0,0,1
0,0.0,0.0,0.0,0.0,0,1.8277899866087863,1,0,1,0,0,1,0
0,0.0,0.0,0.0,0.0,1,0.4484302570873863,0,1,0,1,0,1,0
0,0.0,0.0,0.0,0.0,1,-0.5368266925707568,1,0,1,0,0,0,1
0,0.0,0.0,0.0,0.0,0,-0.7338780825023853,0,1,0,1,0,0,1
0,0.0,0.0,0.0,0.0,1,-0.7338780825023853,1,0,1,0,0,1,0
0,0.0,0.0,0.0,0.0,0,0.6454816470190149,0,1,1,0,0,1,0
0,0.0,0.0,0.0,0.0,0,3.2071497161301865,0,1,1,0,0,1,0
0,0.0,0.0,0.0,0.0,1,0.05432747722412909,0,1,0,0,1,1,0
0,0.0,0.0,0.0,0.0,1,-0.7338780825023853,1,0,1,0,0,0,1
0,0.0,0.0,0.0,0.0,1,-0.5368266925707568,0,1,1,0,0,0,1
0,0.0,0.0,0.0,0.0,1,-0.5368266925707568,0,1,0,1,0,1,0
0,0.0,0.0,0.0,0.0,0,2.2218927664720436,0,1,0,1,0,0,1
0,0.0,0.0,0.0,0.0,0,-0.33977530263912814,0,1,1,0,0,1,0
0,0.0,0.0,0.0,0.0,0,-0.7338780825023853,0,1,0,0,1,1,0
0,0.0,0.0,0.0,0.0,0,1.2366358168139007,0,1,1,0,0,1,0
0,0.0,0.0,0.0,0.0,1,-0.7338780825023853,0,1,0,0,1,0,1
0,0.0,0.0,0.0,0.0,1,-0.33977530263912814,1,0,1,0,0,0,1
0,0.0,0.0,0.0,0.0,1,-0.7338780825023853,0,1,0,1,0,0,1
0,0.0,0.0,0.0,0.0,0,4.192406665788329,0,1,1,0,0,1,0
0,0.0,0.0,0.0,0.0,0,-0.7338780825023853,1,0,1,0,0,0,1
0,0.0,0.0,0.0,0.0,1,-0.7338780825023853,1,0,0,1,0,0,1
0,0.0,0.0,0.0,0.0,0,-0.5368266925707568,0,1,0,0,1,1,0
0,0.0,0.0,0.0,0.0,0,-0.7338780825023853,1,0,0,1,0,0,1
0,0.0,0.0,0.0,0.0,1,2.418944156403672,0,1,1,0,0,1,0
0,0.0,0.0,0.0,0.0,0,-0.7338780825023853,0,1,1,0,0,0,1
0,0.0,0.0,0.0,0.0,0,-0.7338780825023853,1,0,1,0,0,0,1
0,0.0,0.0,0.0,0.0,1,-0.5368266925707568,0,1,0,1,0,1,0
0,0.0,0.0,0.0,0.0,0,-0.5368266925707568,0,1,1,0,0,0,1
0,0.0,0.0,0.0,0.0,0,-0.7338780825023853,0,1,0,0,1,0,1
0,0.0,0.0,0.0,0.0,0,0.2513788671557577,0,1,1,0,0,1,0
0,0.0,0.0,0.0,0.0,0,-0.1427239127074995,0,1,0,1,0,0,1
0,0.0,0.0,0.0,0.0,0,2.2218927664720436,0,1,0,1,0,1,0
0,0.0,0.0,0.0,0.0,1,-0.7338780825023853,0,1,1,0,0,0,1
0,0.0,0.0,0.0,0.0,0,-0.7338780825023853,0,1,1,0,0,1,0
0,0.0,0.0,0.0,0.0,1,0.2513788671557577,0,1,1,0,0,1,0
0,0.0,0.0,0.0,0.0,0,-0.5368266925707568,0,1,0,0,1,1,0
0,0.0,0.0,0.0,0.0,0,-0.1427239127074995,0,1,1,0,0,0,1
0,0.0,0.0,0.0,0.0,0,-0.1427239127074995,0,1,0,1,0,1,0
0,0.0,0.0,0.0,0.0,0,0.05432747722412909,0,1,1,0,0,0,1
0,0.0,0.0,0.0,0.0,0,-0.7338780825023853,0,1,0,1,0,0,1
0,0.0,0.0,0.0,0.0,0,-0.5368266925707568,0,1,0,0,1,1,0
0,0.0,0.0,0.0,0.0,0,0.2513788671557577,0,1,0,0,1,1,0
0,0.0,0.0,0.0,0.0,1,-0.5368266925707568,0,1,0,1,0,1,0
0,0.0,0.0,0.0,0.0,0,-0.7338780825023853,0,1,0,0,1,1,0
0,0.0,0.0,0.0,0.0,0,-0.7338780825023853,0,1,0,0,1,1,0
0,0.0,0.0,0.0,0.0,1,0.05432747722412909,0,1,1,0,0,1,0
0,0.0,0.0,0.0,0.0,0,4.192406665788329,0,1,1,0,0,1,0
0,0.0,0.0,0.0,0.0,1,-0.5368266925707568,0,1,1,0,0,0,1
0,0.0,0.0,0.0,0.0,0,0.2513788671557577,0,1,1,0,0,0,1
0,0.0,0.0,0.0,0.0,0,0.05432747722412909,0,1,1,0,0,1,0
0,0.0,0.0,0.0,0.0,1,-0.5368266925707568,0,1,0,1,0,1,0
0,0.9375,0.93758976,0.9375897508004305,0.9375897508004305,1,-0.1427239127074995,0,1,1,0,0,1,0
0,0.0,0.0,0.0,0.0,0,-0.7338780825023853,0,1,0,1,0,1,0
0,0.0,0.0,0.0,0.0,1,-0.7338780825023853,1,0,1,0,0,0,1
0,0.0,0.0,0.0,0.0,0,1.2366358168139007,0,1,1,0,0,1,0
0,0.0,0.0,0.0,0.0,0,0.4484302570873863,0,1,1,0,0,1,0
0,0.0,0.0,0.0,0.0,0,0.4484302570873863,0,1,1,0,0,1,0
0,0.0,0.0,0.0,0.0,1,-0.1427239127074995,0,1,0,1,0,1,0
0,0.0,0.0,0.0,0.0,0,-0.5368266925707568,0,1,1,0,0,1,0
0,0.0,0.0,0.0,0.0,1,-0.33977530263912814,0,1,0,1,0,1,0
0,0.0,0.0,0.0,0.0,0,-0.1427239127074995,0,1,0,0,1,1,0
0,0.0,0.0,0.0,0.0,0,2.0248413765404147,0,1,1,0,0,0,1
0,0.9595,0.9594423,0.9594423211075276,0.9594423211075276,0,-0.1427239127074995,0,1,1,0,0,1,0
0,0.0,0.0,0.0,0.0,1,-0.1427239127074995,1,0,1,0,0,1,0
0,0.0,0.0,0.0,0.0,1,0.05432747722412909,0,1,1,0,0,1,0
0,0.0,0.0,0.0,0.0,0,-0.5368266925707568,1,0,0,0,1,0,1
0,0.0,0.0,0.0,0.0,0,0.6454816470190149,0,1,0,0,1,0,1
0,0.0,0.0,0.0,0.0,0,0.4484302570873863,0,1,1,0,0,0,1
0,0.0,0.0,0.0,0.0,1,-0.7338780825023853,1,0,1,0,0,0,1
0,0.0,0.0,0.0,0.0,1,-0.7338780825023853,0,1,1,0,0,0,1
0,0.0,0.0,0.0,0.0,0,2.8130469362669293,0,1,0,1,0,1,0
0,0.0,0.0,0.0,0.0,1,-0.5368266925707568,1,0,0,1,0,0,1
0,0.0,0.0,0.0,0.0,1,1.2366358168139007,1,0,1,0,0,1,0
0,0.0,0.0,0.0,0.0,0,0.2513788671557577,0,1,1,0,0,1,0
0,0.0,0.0,0.0,0.0,1,-0.5368266925707568,0,1,0,0,1,1,0
0,0.0,0.0,0.0,0.0,0,-0.1427239127074995,1,0,0,0,1,1,0
0,0.0,0.0,0.0,0.0,0,-0.7338780825023853,0,1,0,0,1,0,1
0,0.0,0.0,0.0,0.0,0,0.05432747722412909,1,0,1,0,0,1,0
0,0.0,0.0,0.0,0.0,0,-0.1427239127074995,1,0,1,0,0,0,1
0,0.0,0.0,0.0,0.0,0,-0.5368266925707568,1,0,1,0,0,0,1
0,0.0,0.0,0.0,0.0,1,-0.7338780825023853,0,1,0,1,0,1,0
0,0.0,0.0,0.0,0.0,0,0.4484302570873863,0,1,1,0,0,1,0
0,0.0,0.0,0.0,0.0,0,-0.7338780825023853,0,1,1,0,0,0,1
0,0.9595,0.9594423,0.9594423211075276,0.9594423211075276,0,-0.1427239127074995,0,1,1,0,0,1,0
0,0.0,0.0,0.0,0.0,1,-0.7338780825023853,0,1,0,1,0,0,1
0,0.0,0.0,0.0,0.0,0,-0.5368266925707568,0,1,0,0,1,1,0
0,0.9434,0.9435101,0.9435101346706889,0.9435101346706889,1,-0.1427239127074995,0,1,1,0,0,1,0
0,0.0,0.0,0.0,0.0,1,-0.7338780825023853,0,1,1,0,0,1,0
0,0.0,0.0,0.0,0.0,0,0.4484302570873863,0,1,1,0,0,0,1
0,0.0,0.0,0.0,0.0,1,0.6454816470190149,0,1,1,0,0,1,0
0,0.0,0.0,0.0,0.0,1,-0.7338780825023853,0,1,1,0,0,0,1
0,0.0,0.0,0.0,0.0,0,1.039584426882272,0,1,1,0,0,1,0
0,0.0,0.0,0.0,0.0,1,-0.7338780825023853,0,1,1,0,0,0,1
0,0.0,0.0,0.0,0.0,1,-0.7338780825023853,0,1,0,0,1,1,0
0,0.0,0.0,0.0,0.0,1,4.7835608355832155,0,1,0,1,0,1,0
0,0.0,0.0,0.0,0.0,0,0.05432747722412909,0,1,1,0,0,0,1
0,0.959,0.95874524,0.9587452303135016,0.9587452303135016,0,0.6454816470190149,0,1,1,0,0,0,1
0,0.0,0.0,0.0,0.0,1,-0.33977530263912814,0,1,1,0,0,0,1
0,0.0,0.0,0.0,0.0,0,-0.7338780825023853,0,1,1,0,0,0,1
0,0.0,0.0,0.0,0.0,0,0.4484302570873863,0,1,0,1,0,1,0
0,0.0,0.0,0.0,0.0,1,-0.33977530263912814,0,1,1,0,0,0,1
0,0.0,0.0,0.0,0.0,1,-0.1427239127074995,0,1,1,0,0,0,1
0,0.0,0.0,0.0,0.0,0,-0.5368266925707568,1,0,0,1,0,1,0
0,0.0,0.0,0.0,0.0,1,-0.1427239127074995,0,1,1,0,0,0,1
0,0.0,0.0,0.0,0.0,0,-0.7338780825023853,0,1,0,1,0,0,1
0,0.0,0.0,0.0,0.0,1,1.039584426882272,0,1,1,0,0,1,0
0,0.0,0.0,0.0,0.0,0,-0.5368266925707568,0,1,0,0,1,1,0
0,0.0,0.0,0.0,0.0,1,-0.7338780825023853,0,1,0,1,0,0,1
0,0.0,0.0,0.0,0.0,1,-0.1427239127074995,0,1,0,0,1,0,1
0,0.0,0.0,0.0,0.0,0,2.8130469362669293,0,1,1,0,0,0,1
0,0.0,0.0,0.0,0.0,1,1.4336872067455293,0,1,1,0,0,0,1
0,0.0,0.0,0.0,0.0,1,0.8425330369506435,0,1,0,1,0,1,0
0,0.0,0.0,0.0,0.0,1,0.6454816470190149,1,0,0,1,0,1,0
0,0.941,0.94101053,0.9410105056689646,0.9410105056689646,0,-0.1427239127074995,0,1,1,0,0,1,0
0,0.0,0.0,0.0,0.0,0,-0.7338780825023853,0,1,1,0,0,1,0
0,0.0,0.0,0.0,0.0,0,-0.1427239127074995,0,1,1,0,0,0,1
0,0.0,0.0,0.0,0.0,0,-0.1427239127074995,0,1,0,0,1,0,1
0,0.0,0.0,0.0,0.0,0,0.05432747722412909,0,1,1,0,0,0,1
0,0.0,0.0,0.0,0.0,1,-0.5368266925707568,0,1,1,0,0,1,0
0,0.0,0.0,0.0,0.0,1,-0.5368266925707568,0,1,1,0,0,1,0
0,0.0,0.0,0.0,0.0,0,-0.7338780825023853,0,1,0,0,1,1,0
0,0.0,0.0,0.0,0.0,0,-0.7338780825023853,0,1,1,0,0,1,0
0,0.941,0.94101053,0.9410105056689646,0.9410105056689646,1,-0.5368266925707568,0,1,0,1,0,0,1
0,0.0,0.0,0.0,0.0,0,0.2513788671557577,0,1,1,0,0,1,0
0,0.0,0.0,0.0,0.0,1,-0.33977530263912814,0,1,0,1,0,1,0
0,0.0,0.0,0.0,0.0,0,0.2513788671557577,0,1,1,0,0,1,0
0,0.0,0.0,0.0,0.0,1,-0.7338780825023853,0,1,1,0,0,1,0
0,0.0,0.0,0.0,0.0,1,-0.5368266925707568,0,1,1,0,0,0,1
0,0.0,0.0,0.0,0.0,1,-0.7338780825023853,0,1,1,0,0,0,1
0,0.0,0.0,0.0,0.0,0,-0.7338780825023853,0,1,1,0,0,1,0
0,0.0,0.0,0.0,0.0,0,-0.7338780825023853,0,1,0,0,1,0,1
0,0.0,0.0,0.0,0.0,0,-0.33977530263912814,0,1,0,0,1,1,0
0,0.0,0.0,0.0,0.0,0,-0.7338780825023853,1,0,1,0,0,1,0
0,0.0,0.0,0.0,0.0,0,-0.33977530263912814,0,1,0,0,1,1,0
0,0.0,0.0,0.0,0.0,0,-0.7338780825023853,0,1,0,1,0,0,1
0,0.0,0.0,0.0,0.0,1,-0.33977530263912814,0,1,1,0,0,1,0
0,0.9575,0.9573327,0.9573326906403243,0.9573326906403243,1,-0.33977530263912814,0,1,0,1,0,0,1
0,0.0,0.0,0.0,0.0,1,-0.7338780825023853,0,1,0,1,0,0,1
0,0.0,0.0,0.0,0.0,0,-0.7338780825023853,0,1,1,0,0,0,1
0,0.0,0.0,0.0,0.0,1,-0.7338780825023853,0,1,0,0,1,1,0
0,0.0,0.0,0.0,0.0,1,-0.1427239127074995,1,0,0,0,1,0,1
0,0.0,0.0,0.0,0.0,0,0.2513788671557577,0,1,1,0,0,1,0
0,0.0,0.0,0.0,0.0,0,1.8277899866087863,0,1,1,0,0,1,0
0,0.0,0.0,0.0,0.0,0,3.010098326198558,0,1,1,0,0,1,0
0,0.0,0.0,0.0,0.0,0,-0.5368266925707568,0,1,0,0,1,0,1
0,0.0,0.0,0.0,0.0,1,-0.33977530263912814,0,1,1,0,0,1,0
0,0.0,0.0,0.0,0.0,0,1.2366358168139007,0,1,0,1,0,0,1
0,0.0,0.0,0.0,0.0,0,-0.33977530263912814,0,1,0,0,1,1,0
0,0.0,0.0,0.0,0.0,0,0.2513788671557577,0,1,1,0,0,1,0
0,0.0,0.0,0.0,0.0,1,-0.7338780825023853,1,0,1,0,0,0,1
0,0.96,0.9601333,0.9601333007496377,0.9601333007496377,1,-0.5368266925707568,0,1,0,1,0,0,1
0,0.0,0.0,0.0,0.0,0,-0.1427239127074995,0,1,0,0,1,1,0
0,0.0,0.0,0.0,0.0,1,-0.1427239127074995,0,1,0,1,0,1,0
0,0.0,0.0,0.0,0.0,0,-0.33977530263912814,0,1,1,0,0,1,0
0,0.9443,0.9443308,0.94433082595598,0.94433082595598,0,3.4042011060618154,0,1,1,0,0,1,0
0,0.0,0.0,0.0,0.0,0,0.4484302570873863,0,1,0,0,1,1,0
0,0.0,0.0,0.0,0.0,0,-0.5368266925707568,0,1,0,0,1,1,0
0,0.9365,0.9367188,0.9367188103082079,0.9367188103082079,1,-0.33977530263912814,0,1,0,1,0,0,1
0,0.0,0.0,0.0,0.0,0,-0.1427239127074995,0,1,0,1,0,1,0
0,0.0,0.0,0.0,0.0,0,0.05432747722412909,1,0,0,1,0,1,0
0,0.0,0.0,0.0,0.0,1,1.8277899866087863,0,1,1,0,0,1,0
0,0.0,0.0,0.0,0.0,1,-0.1427239127074995,0,1,0,1,0,0,1
0,0.0,0.0,0.0,0.0,0,0.6454816470190149,0,1,1,0,0,1,0
0,0.0,0.0,0.0,0.0,0,0.4484302570873863,0,1,1,0,0,1,0
0,0.0,0.0,0.0,0.0,1,-0.5368266925707568,0,1,1,0,0,1,0
0,0.0,0.0,0.0,0.0,0,0.05432747722412909,0,1,0,1,0,0,1
0,0.0,0.0,0.0,0.0,0,-0.7338780825023853,1,0,1,0,0,1,0
0,0.0,0.0,0.0,0.0,0,-0.5368266925707568,0,1,1,0,0,1,0
0,0.0,0.0,0.0,0.0,0,-0.5368266925707568,1,0,1,0,0,1,0
0,0.943,0.94268316,0.9426831892554922,0.9426831892554922,0,-0.33977530263912814,0,1,0,1,0,0,1
0,0.0,0.0,0.0,0.0,0,-0.33977530263912814,0,1,0,1,0,1,0
0,0.0,0.0,0.0,0.0,1,0.4484302570873863,0,1,1,0,0,0,1
0,0.0,0.0,0.0,0.0,1,-0.33977530263912814,0,1,1,0,0,1,0
0,0.0,0.0,0.0,0.0,1,-0.5368266925707568,0,1,1,0,0,0,1
0,0.0,0.0,0.0,0.0,0,1.6307385966771577,0,1,1,0,0,1,0
0,0.0,0.0,0.0,0.0,1,-0.7338780825023853,0,1,0,1,0,0,1
0,0.0,0.0,0.0,0.0,0,-0.5368266925707568,0,1,1,0,0,1,0
0,0.0,0.0,0.0,0.0,0,4.586509445651587,0,1,1,0,0,1,0
0,0.0,0.0,0.0,0.0,0,3.2071497161301865,0,1,1,0,0,1,0
0,0.0,0.0,0.0,0.0,0,-0.5368266925707568,0,1,0,0,1,1,0
0,0.0,0.0,0.0,0.0,1,-0.5368266925707568,0,1,1,0,0,1,0
0,0.0,0.0,0.0,0.0,0,2.8130469362669293,0,1,1,0,0,1,0
0,0.0,0.0,0.0,0.0,0,0.05432747722412909,0,1,1,0,0,1,0
0,0.949,0.94912404,0.9491240519851774,0.9491240519851774,0,-0.1427239127074995,0,1,1,0,0,1,0
0,0.0,0.0,0.0,0.0,0,-0.33977530263912814,0,1,1,0,0,0,1
0,0.0,0.0,0.0,0.0,0,0.2513788671557577,0,1,1,0,0,1,0
0,0.0,0.0,0.0,0.0,1,-0.7338780825023853,0,1,1,0,0,1,0
0,0.0,0.0,0.0,0.0,0,-0.7338780825023853,0,1,0,0,1,1,0
0,0.0,0.0,0.0,0.0,0,-0.5368266925707568,0,1,1,0,0,1,0
0,0.0,0.0,0.0,0.0,1,0.05432747722412909,0,1,0,1,0,0,1
0,0.0,0.0,0.0,0.0,0,-0.7338780825023853,0,1,0,0,1,1,0
0,0.0,0.0,0.0,0.0,0,-0.7338780825023853,0,1,0,0,1,1,0
0,0.0,0.0,0.0,0.0,0,2.2218927664720436,0,1,0,1,0,1,0
0,0.0,0.0,0.0,0.0,0,-0.1427239127074995,0,1,0,0,1,1,0
0,0.0,0.0,0.0,0.0,0,-0.7338780825023853,1,0,0,0,1,1,0
0,0.0,0.0,0.0,0.0,0,0.2513788671557577,0,1,0,1,0,1,0
0,0.0,0.0,0.0,0.0,0,0.2513788671557577,0,1,1,0,0,0,1
0,0.0,0.0,0.0,0.0,0,-0.7338780825023853,0,1,0,0,1,1,0
0,0.0,0.0,0.0,0.0,0,-0.5368266925707568,0,1,1,0,0,1,0
0,0.0,0.0,0.0,0.0,0,0.8425330369506435,0,1,1,0,0,1,0
0,0.0,0.0,0.0,0.0,0,0.8425330369506435,0,1,1,0,0,1,0
0,0.0,0.0,0.0,0.0,0,-0.7338780825023853,0,1,0,0,1,1,0
0,0.0,0.0,0.0,0.0,1,-0.7338780825023853,0,1,1,0,0,1,0
0,0.0,0.0,0.0,0.0,1,0.4484302570873863,0,1,0,1,0,1,0
0,0.0,0.0,0.0,0.0,1,-0.33977530263912814,0,1,1,0,0,1,0
0,0.0,0.0,0.0,0.0,0,1.6307385966771577,0,1,0,1,0,1,0
0,0.0,0.0,0.0,0.0,0,-0.33977530263912814,0,1,1,0,0,1,0
0,0.0,0.0,0.0,0.0,0,1.4336872067455293,0,1,1,0,0,1,0
0,0.959,0.95874524,0.9587452303135016,0.9587452303135016,1,-0.5368266925707568,0,1,0,1,0,0,1
0,0.0,0.0,0.0,0.0,0,0.05432747722412909,0,1,1,0,0,1,0
0,0.0,0.0,0.0,0.0,0,0.2513788671557577,0,1,1,0,0,1,0
0,0.0,0.0,0.0,0.0,1,-0.7338780825023853,1,0,1,0,0,0,1
0,0.0,0.0,0.0,0.0,0,0.8425330369506435,0,1,1,0,0,1,0
0,0.0,0.0,0.0,0.0,0,-0.1427239127074995,0,1,1,0,0,0,1
0,0.0,0.0,0.0,0.0,0,-0.33977530263912814,0,1,1,0,0,1,0
0,0.0,0.0,0.0,0.0,0,0.6454816470190149,0,1,0,1,0,0,1
0,0.0,0.0,0.0,0.0,0,-0.7338780825023853,0,1,1,0,0,0,1
0,0.0,0.0,0.0,0.0,0,0.8425330369506435,0,1,1,0,0,1,0
0,0.0,0.0,0.0,0.0,0,0.6454816470190149,0,1,0,1,0,1,0
0,0.0,0.0,0.0,0.0,1,1.2366358168139007,1,0,0,1,0,1,0
0,0.0,0.0,0.0,0.0,0,-0.1427239127074995,1,0,1,0,0,1,0
0,0.941,0.94101053,0.9410105056689646,0.9410105056689646,1,-0.5368266925707568,0,1,0,1,0,0,1
0,0.0,0.0,0.0,0.0,1,1.4336872067455293,0,1,1,0,0,1,0
0,0.947,0.94675547,0.9467554496831931,0.9467554496831931,0,-0.1427239127074995,0,1,1,0,0,1,0
0,0.0,0.0,0.0,0.0,1,-0.7338780825023853,0,1,0,1,0,0,1
0,0.0,0.0,0.0,0.0,1,-0.33977530263912814,1,0,0,0,1,1,0
0,0.0,0.0,0.0,0.0,0,0.4484302570873863,0,1,1,0,0,1,0
0,0.0,0.0,0.0,0.0,0,-0.33977530263912814,0,1,1,0,0,1,0
0,0.0,0.0,0.0,0.0,0,-0.5368266925707568,0,1,1,0,0,1,0
0,0.0,0.0,0.0,0.0,1,0.05432747722412909,0,1,1,0,0,1,0
0,0.0,0.0,0.0,0.0,1,3.6012524959934438,0,1,1,0,0,1,0
0,0.0,0.0,0.0,0.0,0,-0.5368266925707568,0,1,0,0,1,1,0
0,0.0,0.0,0.0,0.0,0,-0.33977530263912814,0,1,0,0,1,1,0
0,0.0,0.0,0.0,0.0,0,0.05432747722412909,0,1,0,0,1,0,1
0,0.0,0.0,0.0,0.0,1,-0.7338780825023853,0,1,1,0,0,0,1
0,0.0,0.0,0.0,0.0,0,0.6454816470190149,1,0,0,1,0,0,1
0,0.0,0.0,0.0,0.0,0,-0.7338780825023853,0,1,0,0,1,1,0
0,0.0,0.0,0.0,0.0,0,-0.5368266925707568,0,1,0,0,1,1,0
0,0.0,0.0,0.0,0.0,0,1.039584426882272,1,0,1,0,0,1,0
0,0.0,0.0,0.0,0.0,0,-0.5368266925707568,0,1,0,0,1,1,0
0,0.0,0.0,0.0,0.0,0,-0.7338780825023853,0,1,1,0,0,0,1
0,0.0,0.0,0.0,0.0,0,-0.33977530263912814,0,1,1,0,0,1,0
0,0.0,0.0,0.0,0.0,0,0.2513788671557577,0,1,1,0,0,1,0
0,0.0,0.0,0.0,0.0,0,5.374715005378102,0,1,0,1,0,1,0
0,0.0,0.0,0.0,0.0,1,-0.7338780825023853,0,1,1,0,0,1,0
0,0.932,0.9322692,0.932269191548067,0.932269191548067,0,-0.1427239127074995,0,1,1,0,0,1,0
0,0.0,0.0,0.0,0.0,1,-0.7338780825023853,0,1,1,0,0,1,0
0,0.0,0.0,0.0,0.0,0,0.4484302570873863,0,1,1,0,0,1,0
0,0.0,0.0,0.0,0.0,1,-0.33977530263912814,0,1,1,0,0,0,1
0,0.0,0.0,0.0,0.0,0,-0.7338780825023853,1,0,0,0,1,0,1
0,0.0,0.0,0.0,0.0,0,-0.7338780825023853,1,0,0,0,1,1,0
0,0.0,0.0,0.0,0.0,1,0.8425330369506435,0,1,0,1,0,1,0
0,0.9453,0.94514525,0.9451452706123662,0.9451452706123662,1,-0.33977530263912814,0,1,0,1,0,0,1
0,0.0,0.0,0.0,0.0,1,-0.7338780825023853,0,1,1,0,0,0,1
0,0.0,0.0,0.0,0.0,0,1.039584426882272,0,1,0,1,0,1,0
0,0.0,0.0,0.0,0.0,0,-0.7338780825023853,1,0,0,0,1,1,0
0,0.0,0.0,0.0,0.0,1,-0.33977530263912814,1,0,1,0,0,1,0
0,0.0,0.0,0.0,0.0,1,0.05432747722412909,0,1,1,0,0,0,1
0,0.0,0.0,0.0,0.0,1,-0.7338780825023853,0,1,0,1,0,1,0
0,0.0,0.0,0.0,0.0,0,-0.33977530263912814,0,1,1,0,0,1,0
0,0.0,0.0,0.0,0.0,1,0.4484302570873863,0,1,0,1,0,1,0
0,0.0,0.0,0.0,0.0,0,-0.33977530263912814,0,1,0,0,1,0,1
0,0.0,0.0,0.0,0.0,1,-0.7338780825023853,0,1,1,0,0,1,0
0,0.0,0.0,0.0,0.0,1,-0.7338780825023853,0,1,1,0,0,0,1
0,0.0,0.0,0.0,0.0,0,-0.33977530263912814,0,1,1,0,0,0,1
0,0.0,0.0,0.0,0.0,0,1.4336872067455293,0,1,1,0,0,1,0
0,0.0,0.0,0.0,0.0,0,-0.5368266925707568,0,1,1,0,0,0,1
0,0.0,0.0,0.0,0.0,0,-0.33977530263912814,1,0,1,0,0,0,1
0,0.0,0.0,0.0,0.0,0,-0.33977530263912814,0,1,0,1,0,1,0
0,0.0,0.0,0.0,0.0,1,-0.7338780825023853,0,1,1,0,0,0,1
0,0.0,0.0,0.0,0.0,0,0.05432747722412909,0,1,0,0,1,0,1
0,0.0,0.0,0.0,0.0,1,0.05432747722412909,1,0,1,0,0,1,0
0,0.0,0.0,0.0,0.0,0,-0.5368266925707568,0,1,1,0,0,1,0
0,0.0,0.0,0.0,0.0,0,0.6454816470190149,0,1,0,1,0,1,0
0,0.0,0.0,0.0,0.0,0,-0.33977530263912814,0,1,1,0,0,0,1
0,0.0,0.0,0.0,0.0,1,0.4484302570873863,0,1,1,0,0,1,0
0,0.0,0.0,0.0,0.0,1,0.05432747722412909,0,1,1,0,0,0,1
0,0.0,0.0,0.0,0.0,0,0.2513788671557577,0,1,1,0,0,1,0
0,0.0,0.0,0.0,0.0,0,-0.33977530263912814,1,0,1,0,0,0,1
0,0.0,0.0,0.0,0.0,1,-0.7338780825023853,0,1,0,1,0,1,0
0,0.0,0.0,0.0,0.0,0,-0.33977530263912814,0,1,1,0,0,1,0
0,0.0,0.0,0.0,0.0,1,-0.33977530263912814,1,0,1,0,0,1,0
0,0.0,0.0,0.0,0.0,1,-0.33977530263912814,1,0,0,1,0,1,0
0,0.0,0.0,0.0,0.0,0,-0.5368266925707568,0,1,0,0,1,1,0
0,0.0,0.0,0.0,0.0,0,3.2071497161301865,0,1,1,0,0,1,0
0,0.0,0.0,0.0,0.0,0,0.4484302570873863,0,1,1,0,0,1,0
0,0.0,0.0,0.0,0.0,0,-0.7338780825023853,1,0,1,0,0,0,1
0,0.0,0.0,0.0,0.0,1,-0.7338780825023853,0,1,1,0,0,0,1
0,0.0,0.0,0.0,0.0,1,-0.33977530263912814,1,0,1,0,0,1,0
0,0.0,0.0,0.0,0.0,0,-0.1427239127074995,0,1,0,0,1,1,0
0,0.0,0.0,0.0,0.0,0,1.4336872067455293,0,1,1,0,0,1,0
0,0.0,0.0,0.0,0.0,0,-0.33977530263912814,1,0,1,0,0,1,0
0,0.0,0.0,0.0,0.0,0,-0.5368266925707568,0,1,0,0,1,0,1
0,0.0,0.0,0.0,0.0,0,0.6454816470190149,0,1,1,0,0,1,0
0,0.0,0.0,0.0,0.0,1,-0.5368266925707568,0,1,0,1,0,1,0
0,0.0,0.0,0.0,0.0,1,-0.5368266925707568,0,1,1,0,0,1,0
0,0.0,0.0,0.0,0.0,0,-0.5368266925707568,0,1,1,0,0,1,0
0,0.0,0.0,0.0,0.0,1,-0.5368266925707568,0,1,1,0,0,0,1
0,0.0,0.0,0.0,0.0,0,0.8425330369506435,0,1,1,0,0,1,0
0,0.0,0.0,0.0,0.0,0,3.798303885925072,0,1,0,1,0,1,0
0,0.0,0.0,0.0,0.0,0,-0.5368266925707568,0,1,0,0,1,1,0
0,0.0,0.0,0.0,0.0,1,0.05432747722412909,0,1,1,0,0,0,1
0,0.0,0.0,0.0,0.0,1,-0.5368266925707568,1,0,0,0,1,0,1
0,0.9365,0.9367188,0.9367188103082079,0.9367188103082079,1,-0.5368266925707568,0,1,0,1,0,0,1
0,0.0,0.0,0.0,0.0,1,-0.5368266925707568,0,1,0,0,1,0,1
0,0.0,0.0,0.0,0.0,0,-0.5368266925707568,0,1,1,0,0,1,0
0,0.0,0.0,0.0,0.0,0,0.05432747722412909,0,1,1,0,0,1,0
0,0.0,0.0,0.0,0.0,0,0.8425330369506435,0,1,1,0,0,1,0
0,0.0,0.0,0.0,0.0,0,-0.7338780825023853,0,1,0,1,0,0,1
0,0.0,0.0,0.0,0.0,1,0.6454816470190149,0,1,1,0,0,1,0
0,0.0,0.0,0.0,0.0,0,1.6307385966771577,0,1,1,0,0,1,0
0,0.0,0.0,0.0,0.0,1,0.2513788671557577,1,0,1,0,0,1,0
0,0.0,0.0,0.0,0.0,1,-0.5368266925707568,0,1,0,1,0,1,0
0,0.96,0.9601333,0.9601333007496377,0.9601333007496377,0,3.4042011060618154,0,1,1,0,0,1,0
0,0.0,0.0,0.0,0.0,0,2.418944156403672,0,1,0,1,0,1,0
0,0.0,0.0,0.0,0.0,1,-0.5368266925707568,0,1,1,0,0,0,1
0,0.0,0.0,0.0,0.0,1,0.8425330369506435,1,0,0,1,0,0,1
0,0.0,0.0,0.0,0.0,1,-0.1427239127074995,0,1,1,0,0,0,1
0,0.0,0.0,0.0,0.0,0,-0.7338780825023853,1,0,1,0,0,0,1
0,0.0,0.0,0.0,0.0,0,0.2513788671557577,0,1,1,0,0,1,0
0,0.0,0.0,0.0,0.0,0,-0.5368266925707568,0,1,0,0,1,0,1
0,0.0,0.0,0.0,0.0,0,-0.1427239127074995,0,1,0,1,0,1,0
0,0.0,0.0,0.0,0.0,1,-0.7338780825023853,0,1,1,0,0,0,1
0,0.0,0.0,0.0,0.0,0,-0.7338780825023853,0,1,0,0,1,0,1
0,0.0,0.0,0.0,0.0,0,3.798303885925072,0,1,1,0,0,1,0
0,0.0,0.0,0.0,0.0,0,-0.5368266925707568,0,1,0,0,1,1,0
0,0.0,0.0,0.0,0.0,1,1.2366358168139007,1,0,1,0,0,1,0
0,0.0,0.0,0.0,0.0,1,0.05432747722412909,0,1,0,0,1,0,1
0,0.0,0.0,0.0,0.0,0,-0.7338780825023853,0,1,1,0,0,1,0
0,0.0,0.0,0.0,0.0,0,-0.7338780825023853,0,1,1,0,0,0,1
0,0.0,0.0,0.0,0.0,0,-0.7338780825023853,0,1,1,0,0,0,1
0,0.9434,0.9435101,0.9435101346706889,0.9435101346706889,0,-0.1427239127074995,0,1,1,0,0,1,0
0,0.94,0.94016474,0.9401647521318283,0.9401647521318283,1,-0.1427239127074995,0,1,1,0,0,1,0
0,0.0,0.0,0.0,0.0,1,-0.7338780825023853,0,1,1,0,0,1,0
0,0.0,0.0,0.0,0.0,0,-0.33977530263912814,0,1,1,0,0,1,0
0,0.934,0.9340681,0.934068055375491,0.934068055375491,1,3.4042011060618154,0,1,1,0,0,1,0
0,0.0,0.0,0.0,0.0,1,-0.7338780825023853,0,1,1,0,0,1,0
0,0.0,0.0,0.0,0.0,1,-0.5368266925707568,0,1,1,0,0,0,1
0,0.0,0.0,0.0,0.0,0,-0.7338780825023853,0,1,0,0,1,0,1
0,0.0,0.0,0.0,0.0,0,-0.33977530263912814,0,1,1,0,0,1,0
0,0.9365,0.9367188,0.9367188103082079,0.9367188103082079,1,-0.1427239127074995,0,1,1,0,0,1,0
0,0.0,0.0,0.0,0.0,0,-0.7338780825023853,0,1,0,0,1,0,1
0,0.0,0.0,0.0,0.0,0,-0.7338780825023853,0,1,1,0,0,1,0
0,0.0,0.0,0.0,0.0,0,0.4484302570873863,0,1,1,0,0,1,0
0,0.0,0.0,0.0,0.0,0,-0.7338780825023853,0,1,0,0,1,1,0
0,0.0,0.0,0.0,0.0,1,-0.33977530263912814,1,0,0,1,0,0,1
0,0.0,0.0,0.0,0.0,1,-0.7338780825023853,0,1,1,0,0,1,0
0,0.0,0.0,0.0,0.0,0,-0.5368266925707568,0,1,0,0,1,1,0
0,0.0,0.0,0.0,0.0,1,-0.33977530263912814,0,1,0,0,1,1,0
0,0.0,0.0,0.0,0.0,0,-0.7338780825023853,0,1,0,0,1,1,0
0,0.0,0.0,0.0,0.0,1,-0.5368266925707568,0,1,0,0,1,1,0
0,0.0,0.0,0.0,0.0,1,-0.7338780825023853,0,1,1,0,0,1,0
0,0.0,0.0,0.0,0.0,1,-0.7338780825023853,1,0,0,0,1,0,1
0,0.0,0.0,0.0,0.0,0,0.8425330369506435,0,1,1,0,0,1,0
0,0.0,0.0,0.0,0.0,0,1.4336872067455293,0,1,0,1,0,1,0
0,0.0,0.0,0.0,0.0,0,3.010098326198558,0,1,0,1,0,1,0
0,0.0,0.0,0.0,0.0,1,-0.7338780825023853,0,1,0,1,0,1,0
0,0.0,0.0,0.0,0.0,0,0.8425330369506435,0,1,0,1,0,1,0
0,0.0,0.0,0.0,0.0,1,2.615995546335301,0,1,1,0,0,1,0
0,0.0,0.0,0.0,0.0,0,-0.1427239127074995,0,1,0,1,0,0,1
0,0.0,0.0,0.0,0.0,0,0.6454816470190149,0,1,1,0,0,1,0
0,0.0,0.0,0.0,0.0,0,-0.1427239127074995,0,1,0,1,0,1,0
0,0.0,0.0,0.0,0.0,0,0.05432747722412909,0,1,1,0,0,1,0
0,0.0,0.0,0.0,0.0,1,-0.7338780825023853,0,1,1,0,0,1,0
0,0.0,0.0,0.0,0.0,0,-0.5368266925707568,0,1,0,0,1,0,1
0,0.0,0.0,0.0,0.0,0,1.039584426882272,0,1,1,0,0,1,0
0,0.0,0.0,0.0,0.0,0,-0.5368266925707568,1,0,1,0,0,0,1
0,0.0,0.0,0.0,0.0,1,-0.7338780825023853,1,0,0,1,0,1,0
0,0.0,0.0,0.0,0.0,0,-0.7338780825023853,1,0,0,0,1,1,0
0,0.0,0.0,0.0,0.0,0,-0.7338780825023853,0,1,0,0,1,1,0
0,0.0,0.0,0.0,0.0,0,-0.33977530263912814,1,0,0,1,0,1,0
0,0.0,0.0,0.0,0.0,1,-0.7338780825023853,1,0,1,0,0,0,1
0,0.0,0.0,0.0,0.0,1,-0.5368266925707568,0,1,1,0,0,0,1
0,0.0,0.0,0.0,0.0,1,-0.33977530263912814,0,1,1,0,0,0,1
0,0.0,0.0,0.0,0.0,1,-0.7338780825023853,0,1,1,0,0,1,0
0,0.0,0.0,0.0,0.0,0,-0.5368266925707568,0,1,1,0,0,1,0
0,0.0,0.0,0.0,0.0,0,-0.5368266925707568,1,0,1,0,0,0,1
0,0.0,0.0,0.0,0.0,1,0.05432747722412909,0,1,1,0,0,1,0
0,0.0,0.0,0.0,0.0,1,0.2513788671557577,0,1,1,0,0,1,0
0,0.0,0.0,0.0,0.0,1,-0.7338780825023853,0,1,1,0,0,1,0
0,0.0,0.0,0.0,0.0,1,-0.5368266925707568,0,1,1,0,0,1,0
0,0.0,0.0,0.0,0.0,1,-0.5368266925707568,0,1,1,0,0,1,0
0,0.0,0.0,0.0,0.0,1,-0.5368266925707568,0,1,1,0,0,0,1
0,0.0,0.0,0.0,0.0,1,-0.7338780825023853,0,1,1,0,0,1,0
0,0.0,0.0,0.0,0.0,0,0.2513788671557577,0,1,0,1,0,1,0
0,0.0,0.0,0.0,0.0,0,-0.1427239127074995,1,0,1,0,0,1,0
0,0.0,0.0,0.0,0.0,0,-0.33977530263912814,0,1,1,0,0,1,0
0,0.0,0.0,0.0,0.0,1,3.4042011060618154,0,1,0,1,0,1,0
0,0.0,0.0,0.0,0.0,0,-0.33977530263912814,0,1,0,0,1,0,1
0,0.0,0.0,0.0,0.0,0,0.2513788671557577,0,1,0,1,0,1,0
0,0.0,0.0,0.0,0.0,0,0.6454816470190149,0,1,1,0,0,1,0
0,0.0,0.0,0.0,0.0,0,2.2218927664720436,0,1,1,0,0,0,1
0,0.0,0.0,0.0,0.0,1,-0.7338780825023853,0,1,0,0,1,1,0
0,0.0,0.0,0.0,0.0,0,1.6307385966771577,0,1,0,1,0,1,0
0,0.0,0.0,0.0,0.0,0,-0.5368266925707568,0,1,1,0,0,1,0
0,0.0,0.0,0.0,0.0,0,0.05432747722412909,0,1,1,0,0,1,0
0,0.0,0.0,0.0,0.0,1,0.2513788671557577,0,1,1,0,0,0,1
0,0.0,0.0,0.0,0.0,1,-0.7338780825023853,0,1,1,0,0,0,1
0,0.0,0.0,0.0,0.0,0,-0.7338780825023853,0,1,0,0,1,1,0
0,0.0,0.0,0.0,0.0,0,0.2513788671557577,0,1,1,0,0,1,0
0,0.0,0.0,0.0,0.0,0,0.2513788671557577,0,1,1,0,0,0,1
0,0.0,0.0,0.0,0.0,0,0.05432747722412909,0,1,1,0,0,1,0
0,0.9478,0.9475512,0.9475511987417433,0.9475511987417433,1,-0.1427239127074995,0,1,1,0,0,1,0
0,0.0,0.0,0.0,0.0,0,1.039584426882272,0,1,1,0,0,1,0
0,0.0,0.0,0.0,0.0,0,-0.7338780825023853,0,1,1,0,0,1,0
0,0.0,0.0,0.0,0.0,0,-0.5368266925707568,0,1,1,0,0,1,0
0,0.0,0.0,0.0,0.0,1,-0.7338780825023853,0,1,0,1,0,1,0
0,0.0,0.0,0.0,0.0,1,-0.7338780825023853,0,1,0,1,0,0,1
0,0.0,0.0,0.0,0.0,0,-0.5368266925707568,0,1,0,0,1,0,1
0,0.0,0.0,0.0,0.0,0,-0.5368266925707568,0,1,1,0,0,1,0
0,0.0,0.0,0.0,0.0,1,-0.33977530263912814,0,1,0,1,0,1,0
0,0.0,0.0,0.0,0.0,0,-0.7338780825023853,0,1,0,0,1,0,1
0,0.0,0.0,0.0,0.0,0,-0.7338780825023853,0,1,0,0,1,1,0
0,0.0,0.0,0.0,0.0,1,-0.7338780825023853,1,0,1,0,0,1,0
0,0.0,0.0,0.0,0.0,1,-0.7338780825023853,1,0,1,0,0,1,0
0,0.0,0.0,0.0,0.0,0,-0.7338780825023853,0,1,1,0,0,0,1
0,0.0,0.0,0.0,0.0,1,0.2513788671557577,0,1,1,0,0,1,0
0,0.0,0.0,0.0,0.0,0,-0.33977530263912814,1,0,0,0,1,1,0
0,0.0,0.0,0.0,0.0,0,1.8277899866087863,0,1,0,1,0,1,0
0,0.0,0.0,0.0,0.0,0,-0.5368266925707568,0,1,1,0,0,0,1
0,0.0,0.0,0.0,0.0,0,-0.7338780825023853,1,0,0,0,1,1,0
0,0.0,0.0,0.0,0.0,0,-0.5368266925707568,0,1,1,0,0,1,0
0,0.0,0.0,0.0,0.0,1,-0.7338780825023853,0,1,0,0,1,0,1
0,0.0,0.0,0.0,0.0,1,-0.33977530263912814,0,1,1,0,0,1,0
0,0.0,0.0,0.0,0.0,1,-0.7338780825023853,0,1,0,1,0,1,0
0,0.0,0.0,0.0,0.0,1,1.039584426882272,1,0,0,0,1,0,1
0,0.0,0.0,0.0,0.0,0,-0.7338780825023853,0,1,0,0,1,0,1
0,0.0,0.0,0.0,0.0,0,-0.7338780825023853,0,1,0,0,1,1,0
0,0.0,0.0,0.0,0.0,0,-0.33977530263912814,0,1,0,0,1,1,0
0,0.0,0.0,0.0,0.0,0,-0.7338780825023853,0,1,0,0,1,1,0
0,0.0,0.0,0.0,0.0,1,-0.7338780825023853,0,1,1,0,0,1,0
0,0.0,0.0,0.0,0.0,0,-0.33977530263912814,0,1,1,0,0,1,0
0,0.0,0.0,0.0,0.0,0,0.8425330369506435,1,0,0,1,0,1,0
0,0.0,0.0,0.0,0.0,0,-0.33977530263912814,1,0,1,0,0,1,0
0,0.0,0.0,0.0,0.0,0,-0.5368266925707568,0,1,1,0,0,1,0
0,0.0,0.0,0.0,0.0,1,-0.1427239127074995,0,1,0,0,1,1,0
0,0.0,0.0,0.0,0.0,0,-0.5368266925707568,0,1,1,0,0,1,0
0,0.0,0.0,0.0,0.0,0,0.8425330369506435,0,1,1,0,0,1,0
0,0.0,0.0,0.0,0.0,0,0.05432747722412909,0,1,1,0,0,1,0
0,0.936,0.93584156,0.9358415530325216,0.9358415530325216,0,-0.5368266925707568,0,1,0,1,0,0,1
0,0.0,0.0,0.0,0.0,0,-0.7338780825023853,0,1,0,1,0,0,1
0,0.0,0.0,0.0,0.0,1,-0.33977530263912814,0,1,1,0,0,1,0
0,0.0,0.0,0.0,0.0,1,-0.33977530263912814,0,1,1,0,0,0,1
0,0.0,0.0,0.0,0.0,0,-0.7338780825023853,0,1,0,0,1,1,0
0,0.925,0.9248187,0.9248187049730301,0.9248187049730301,0,0.6454816470190149,0,1,1,0,0,0,1
0,0.0,0.0,0.0,0.0,0,0.2513788671557577,0,1,1,0,0,0,1
0,0.0,0.0,0.0,0.0,0,-0.5368266925707568,0,1,1,0,0,1,0
0,0.0,0.0,0.0,0.0,1,-0.5368266925707568,0,1,1,0,0,1,0
0,0.0,0.0,0.0,0.0,1,0.2513788671557577,0,1,1,0,0,0,1
0,0.0,0.0,0.0,0.0,0,2.615995546335301,0,1,1,0,0,1,0
0,0.0,0.0,0.0,0.0,0,-0.33977530263912814,0,1,1,0,0,1,0
0,0.0,0.0,0.0,0.0,0,1.2366358168139007,0,1,1,0,0,1,0
0,0.0,0.0,0.0,0.0,0,-0.1427239127074995,0,1,1,0,0,0,1
0,0.0,0.0,0.0,0.0,1,-0.5368266925707568,0,1,1,0,0,0,1
0,0.0,0.0,0.0,0.0,0,-0.33977530263912814,0,1,1,0,0,1,0
0,0.0,0.0,0.0,0.0,1,-0.33977530263912814,0,1,0,1,0,1,0
0,0.9478,0.9475512,0.9475511987417433,0.9475511987417433,0,0.6454816470190149,0,1,1,0,0,0,1
0,0.0,0.0,0.0,0.0,1,-0.33977530263912814,0,1,1,0,0,1,0
0,0.0,0.0,0.0,0.0,1,-0.33977530263912814,0,1,0,1,0,1,0
0,0.0,0.0,0.0,0.0,0,-0.5368266925707568,0,1,0,0,1,0,1
0,0.0,0.0,0.0,0.0,0,-0.7338780825023853,1,0,0,0,1,0,1
0,0.0,0.0,0.0,0.0,1,3.2071497161301865,0,1,0,1,0,1,0
0,0.0,0.0,0.0,0.0,0,-0.5368266925707568,0,1,0,0,1,1,0
0,0.0,0.0,0.0,0.0,1,-0.7338780825023853,0,1,1,0,0,1,0
0,0.0,0.0,0.0,0.0,0,-0.33977530263912814,1,0,0,0,1,1,0
0,0.0,0.0,0.0,0.0,1,0.05432747722412909,1,0,1,0,0,1,0
0,0.0,0.0,0.0,0.0,0,-0.33977530263912814,0,1,0,0,1,1,0
0,0.0,0.0,0.0,0.0,1,-0.33977530263912814,0,1,1,0,0,1,0
0,0.0,0.0,0.0,0.0,1,-0.1427239127074995,0,1,0,1,0,0,1
0,0.0,0.0,0.0,0.0,0,-0.33977530263912814,0,1,1,0,0,1,0
0,0.0,0.0,0.0,0.0,0,-0.33977530263912814,0,1,1,0,0,1,0
0,0.0,0.0,0.0,0.0,1,-0.5368266925707568,1,0,0,1,0,1,0
0,0.0,0.0,0.0,0.0,1,-0.7338780825023853,1,0,1,0,0,1,0
0,0.0,0.0,0.0,0.0,0,-0.1427239127074995,0,1,0,0,1,1,0
0,0.9546,0.954434,0.954434002924965,0.954434002924965,0,1.8277899866087863,0,1,1,0,0,0,1
0,0.0,0.0,0.0,0.0,0,0.05432747722412909,0,1,1,0,0,1,0
0,0.0,0.0,0.0,0.0,0,-0.5368266925707568,0,1,0,0,1,1,0
0,0.0,0.0,0.0,0.0,1,-0.1427239127074995,0,1,0,0,1,1,0
0,0.0,0.0,0.0,0.0,1,0.8425330369506435,0,1,0,1,0,0,1
0,0.0,0.0,0.0,0.0,1,1.4336872067455293,0,1,0,0,1,1,0
0,0.0,0.0,0.0,0.0,1,0.2513788671557577,0,1,1,0,0,1,0
0,0.0,0.0,0.0,0.0,0,-0.7338780825023853,0,1,0,0,1,0,1
0,0.925,0.9248187,0.92481870497303,0.92481870497303,1,-0.33977530263912814,0,1,0,1,0,0,1
0,0.0,0.0,0.0,0.0,1,-0.33977530263912814,0,1,1,0,0,1,0
0,0.0,0.0,0.0,0.0,0,0.6454816470190149,0,1,1,0,0,1,0
0,0.0,0.0,0.0,0.0,0,-0.7338780825023853,0,1,1,0,0,1,0
0,0.0,0.0,0.0,0.0,1,-0.5368266925707568,0,1,0,1,0,1,0
0,0.0,0.0,0.0,0.0,0,0.2513788671557577,0,1,1,0,0,0,1
0,0.0,0.0,0.0,0.0,1,-0.5368266925707568,0,1,1,0,0,0,1
0,0.935,0.934958,0.9349579708037452,0.9349579708037452,1,-0.5368266925707568,0,1,0,1,0,0,1
0,0.0,0.0,0.0,0.0,0,-0.5368266925707568,0,1,0,0,1,1,0
0,0.0,0.0,0.0,0.0,1,-0.5368266925707568,0,1,1,0,0,1,0
0,0.0,0.0,0.0,0.0,0,-0.5368266925707568,0,1,0,0,1,1,0
0,0.0,0.0,0.0,0.0,1,-0.7338780825023853,1,0,0,1,0,1,0
0,0.0,0.0,0.0,0.0,1,-0.33977530263912814,0,1,0,0,1,1,0
0,0.0,0.0,0.0,0.0,0,2.615995546335301,0,1,1,0,0,0,1
0,0.9385,0.9384544,0.9384543826025636,0.9384543826025636,0,2.0248413765404147,0,1,1,0,0,1,0
0,0.0,0.0,0.0,0.0,0,0.2513788671557577,0,1,0,0,1,1,0
0,0.0,0.0,0.0,0.0,0,0.4484302570873863,0,1,1,0,0,1,0
0,0.0,0.0,0.0,0.0,1,-0.7338780825023853,1,0,1,0,0,0,1
0,0.0,0.0,0.0,0.0,1,-0.7338780825023853,1,0,1,0,0,1,0
0,0.0,0.0,0.0,0.0,0,-0.7338780825023853,0,1,1,0,0,1,0
0,0.0,0.0,0.0,0.0,0,-0.1427239127074995,0,1,0,0,1,0,1
0,0.0,0.0,0.0,0.0,0,1.8277899866087863,0,1,1,0,0,1,0
0,0.0,0.0,0.0,0.0,1,-0.5368266925707568,1,0,1,0,0,0,1
0,0.0,0.0,0.0,0.0,0,3.798303885925072,0,1,1,0,0,1,0
0,0.0,0.0,0.0,0.0,0,-0.7338780825023853,0,1,0,1,0,1,0
0,0.0,0.0,0.0,0.0,1,-0.5368266925707568,1,0,1,0,0,1,0
0,0.0,0.0,0.0,0.0,1,0.4484302570873863,0,1,1,0,0,0,1
0,0.0,0.0,0.0,0.0,0,-0.33977530263912814,0,1,1,0,0,1,0
0,0.0,0.0,0.0,0.0,0,-0.7338780825023853,1,0,1,0,0,1,0
0,0.0,0.0,0.0,0.0,1,0.2513788671557577,0,1,0,1,0,1,0
0,0.0,0.0,0.0,0.0,0,-0.33977530263912814,0,1,0,0,1,0,1
0,0.0,0.0,0.0,0.0,0,-0.1427239127074995,1,0,0,0,1,0,1
0,0.0,0.0,0.0,0.0,1,-0.5368266925707568,0,1,0,0,1,0,1
0,0.0,0.0,0.0,0.0,0,-0.7338780825023853,1,0,0,0,1,0,1
0,0.0,0.0,0.0,0.0,0,0.05432747722412909,0,1,0,1,0,0,1
0,0.0,0.0,0.0,0.0,1,-0.33977530263912814,1,0,1,0,0,1,0
0,0.0,0.0,0.0,0.0,0,-0.7338780825023853,0,1,1,0,0,1,0
0,0.0,0.0,0.0,0.0,1,-0.1427239127074995,0,1,1,0,0,0,1
0,0.0,0.0,0.0,0.0,1,-0.7338780825023853,0,1,1,0,0,1,0
0,0.0,0.0,0.0,0.0,0,-0.7338780825023853,0,1,0,1,0,1,0
0,0.0,0.0,0.0,0.0,0,0.6454816470190149,1,0,1,0,0,1,0
0,0.0,0.0,0.0,0.0,0,-0.7338780825023853,1,0,1,0,0,1,0
0,0.0,0.0,0.0,0.0,0,-0.7338780825023853,0,1,1,0,0,1,0
0,0.0,0.0,0.0,0.0,0,-0.7338780825023853,0,1,0,0,1,1,0
0,0.0,0.0,0.0,0.0,1,0.4484302570873863,0,1,0,1,0,1,0
0,0.0,0.0,0.0,0.0,0,-0.7338780825023853,0,1,1,0,0,1,0
0,0.0,0.0,0.0,0.0,1,-0.5368266925707568,1,0,0,0,1,1,0
0,0.0,0.0,0.0,0.0,1,0.05432747722412909,0,1,1,0,0,0,1
0,0.0,0.0,0.0,0.0,1,-0.5368266925707568,0,1,0,0,1,0,1
0,0.0,0.0,0.0,0.0,0,1.6307385966771577,0,1,1,0,0,0,1
0,0.0,0.0,0.0,0.0,0,-0.33977530263912814,0,1,1,0,0,1,0
0,0.0,0.0,0.0,0.0,1,0.4484302570873863,0,1,1,0,0,1,0
0,0.0,0.0,0.0,0.0,1,-0.5368266925707568,1,0,1,0,0,1,0
0,0.0,0.0,0.0,0.0,0,-0.7338780825023853,0,1,1,0,0,1,0
0,0.0,0.0,0.0,0.0,1,-0.7338780825023853,0,1,1,0,0,1,0
0,0.0,0.0,0.0,0.0,1,-0.7338780825023853,1,0,0,1,0,0,1
0,0.925,0.9248187,0.92481870497303,0.92481870497303,0,1.4336872067455293,1,0,0,1,0,1,0
0,0.0,0.0,0.0,0.0,0,-0.7338780825023853,0,1,1,0,0,1,0
0,0.0,0.0,0.0,0.0,0,-0.33977530263912814,0,1,0,0,1,1,0
0,0.0,0.0,0.0,0.0,0,1.2366358168139007,0,1,1,0,0,1,0
0,0.0,0.0,0.0,0.0,0,-0.5368266925707568,0,1,0,0,1,1,0
0,0.0,0.0,0.0,0.0,1,-0.5368266925707568,1,0,0,0,1,1,0
0,0.0,0.0,0.0,0.0,0,-0.7338780825023853,0,1,0,0,1,1,0
0,0.0,0.0,0.0,0.0,1,-0.5368266925707568,0,1,0,1,0,1,0
0,0.0,0.0,0.0,0.0,1,-0.7338780825023853,0,1,1,0,0,1,0
0,0.0,0.0,0.0,0.0,0,-0.5368266925707568,0,1,1,0,0,1,0
0,0.0,0.0,0.0,0.0,0,-0.5368266925707568,1,0,1,0,0,1,0
0,0.0,0.0,0.0,0.0,0,-0.1427239127074995,0,1,1,0,0,0,1
0,0.0,0.0,0.0,0.0,1,-0.33977530263912814,1,0,1,0,0,1,0
0,0.0,0.0,0.0,0.0,0,0.05432747722412909,0,1,1,0,0,0,1
0,0.0,0.0,0.0,0.0,1,-0.33977530263912814,0,1,1,0,0,1,0
0,0.0,0.0,0.0,0.0,0,-0.5368266925707568,1,0,0,0,1,1,0
0,0.955,0.9551679,0.9551678918612524,0.9551678918612524,1,0.6454816470190149,0,1,1,0,0,0,1
0,0.0,0.0,0.0,0.0,1,0.05432747722412909,0,1,1,0,0,1,0
0,0.0,0.0,0.0,0.0,1,1.4336872067455293,0,1,1,0,0,1,0
0,0.0,0.0,0.0,0.0,0,-0.7338780825023853,0,1,0,1,0,0,1
0,0.0,0.0,0.0,0.0,0,-0.33977530263912814,0,1,1,0,0,0,1
0,0.0,0.0,0.0,0.0,0,0.2513788671557577,0,1,1,0,0,1,0
0,0.0,0.0,0.0,0.0,0,3.2071497161301865,0,1,0,1,0,0,1
0,0.0,0.0,0.0,0.0,0,1.039584426882272,0,1,1,0,0,1,0
0,0.0,0.0,0.0,0.0,0,0.4484302570873863,0,1,1,0,0,1,0
0,0.0,0.0,0.0,0.0,0,-0.5368266925707568,0,1,1,0,0,0,1
0,0.967,0.9667083,0.9667082895772556,0.9667082895772556,0,2.0248413765404147,0,1,1,0,0,1,0
0,0.0,0.0,0.0,0.0,0,-0.7338780825023853,0,1,1,0,0,1,0
0,0.0,0.0,0.0,0.0,1,-0.7338780825023853,0,1,1,0,0,0,1
0,0.0,0.0,0.0,0.0,0,-0.7338780825023853,1,0,1,0,0,1,0
0,0.0,0.0,0.0,0.0,0,-0.7338780825023853,0,1,1,0,0,1,0
0,0.9688,0.9685626,0.968562600558214,0.968562600558214,0,-0.5368266925707568,0,1,0,1,0,0,1
0,0.0,0.0,0.0,0.0,0,-0.33977530263912814,1,0,1,0,0,1,0
0,0.0,0.0,0.0,0.0,1,0.2513788671557577,0,1,0,0,1,1,0
0,0.0,0.0,0.0,0.0,1,-0.33977530263912814,0,1,1,0,0,0,1
0,0.0,0.0,0.0,0.0,1,-0.33977530263912814,0,1,1,0,0,1,0
0,0.0,0.0,0.0,0.0,1,-0.33977530263912814,0,1,1,0,0,1,0
0,0.0,0.0,0.0,0.0,0,-0.1427239127074995,1,0,1,0,0,1,0
0,0.0,0.0,0.0,0.0,0,-0.7338780825023853,0,1,1,0,0,1,0
0,0.0,0.0,0.0,0.0,1,-0.7338780825023853,0,1,1,0,0,1,0
0,0.0,0.0,0.0,0.0,0,0.4484302570873863,0,1,1,0,0,0,1
0,0.0,0.0,0.0,0.0,0,-0.7338780825023853,0,1,0,0,1,0,1
0,0.0,0.0,0.0,0.0,0,-0.33977530263912814,0,1,0,0,1,0,1
0,0.0,0.0,0.0,0.0,0,-0.5368266925707568,0,1,0,0,1,1,0
0,0.0,0.0,0.0,0.0,0,-0.33977530263912814,1,0,0,0,1,1,0
0,0.0,0.0,0.0,0.0,1,-0.33977530263912814,0,1,0,1,0,1,0
0,0.953,0.95294774,0.9529477519400049,0.9529477519400049,1,-0.5368266925707568,0,1,0,1,0,0,1
0,0.0,0.0,0.0,0.0,1,-0.5368266925707568,0,1,0,1,0,1,0
0,0.0,0.0,0.0,0.0,0,-0.7338780825023853,1,0,0,0,1,0,1
0,0.0,0.0,0.0,0.0,0,0.2513788671557577,0,1,1,0,0,1,0
0,0.94,0.94016474,0.9401647521318283,0.9401647521318283,0,-0.1427239127074995,0,1,1,0,0,1,0
0,0.0,0.0,0.0,0.0,0,-0.7338780825023853,0,1,0,1,0,0,1
0,0.0,0.0,0.0,0.0,1,0.6454816470190149,0,1,1,0,0,1,0
0,0.0,0.0,0.0,0.0,0,-0.7338780825023853,0,1,0,0,1,1,0
0,0.0,0.0,0.0,0.0,0,2.2218927664720436,0,1,1,0,0,0,1
0,0.0,0.0,0.0,0.0,0,-0.7338780825023853,0,1,1,0,0,1,0
0,0.0,0.0,0.0,0.0,1,-0.7338780825023853,0,1,1,0,0,1,0
0,0.0,0.0,0.0,0.0,0,-0.7338780825023853,0,1,0,0,1,1,0
0,0.0,0.0,0.0,0.0,1,-0.7338780825023853,0,1,1,0,0,1,0
0,0.0,0.0,0.0,0.0,0,-0.1427239127074995,0,1,0,1,0,0,1
0,0.0,0.0,0.0,0.0,0,-0.7338780825023853,0,1,0,0,1,1,0
0,0.0,0.0,0.0,0.0,1,0.05432747722412909,0,1,1,0,0,1,0
0,0.9497,0.94990116,0.9499011703918125,0.9499011703918125,0,0.6454816470190149,0,1,1,0,0,0,1
0,0.0,0.0,0.0,0.0,0,1.6307385966771577,0,1,1,0,0,1,0
0,0.0,0.0,0.0,0.0,0,-0.33977530263912814,1,0,1,0,0,1,0
0,0.0,0.0,0.0,0.0,0,0.6454816470190149,1,0,1,0,0,1,0
0,0.0,0.0,0.0,0.0,0,-0.33977530263912814,0,1,1,0,0,1,0
0,0.0,0.0,0.0,0.0,0,3.6012524959934438,0,1,1,0,0,1,0
0,0.0,0.0,0.0,0.0,1,-0.7338780825023853,0,1,0,1,0,0,1
0,0.0,0.0,0.0,0.0,1,0.05432747722412909,0,1,1,0,0,0,1
0,0.0,0.0,0.0,0.0,0,2.0248413765404147,1,0,1,0,0,1,0
0,0.0,0.0,0.0,0.0,1,0.05432747722412909,0,1,1,0,0,1,0
0,0.0,0.0,0.0,0.0,0,0.8425330369506435,0,1,1,0,0,1,0
0,0.0,0.0,0.0,0.0,0,-0.5368266925707568,0,1,0,0,1,1,0
0,0.0,0.0,0.0,0.0,0,0.8425330369506435,0,1,1,0,0,1,0
0,0.0,0.0,0.0,0.0,0,0.6454816470190149,0,1,1,0,0,1,0
0,0.0,0.0,0.0,0.0,0,-0.7338780825023853,0,1,1,0,0,1,0
0,0.9507,0.9506721,0.9506720926870659,0.9506720926870659,1,-0.5368266925707568,0,1,0,1,0,0,1
0,0.0,0.0,0.0,0.0,1,-0.7338780825023853,1,0,1,0,0,0,1
0,0.0,0.0,0.0,0.0,0,-0.5368266925707568,0,1,1,0,0,1,0
0,0.0,0.0,0.0,0.0,1,-0.7338780825023853,0,1,0,1,0,0,1
0,0.0,0.0,0.0,0.0,1,-0.7338780825023853,0,1,0,1,0,0,1
0,0.0,0.0,0.0,0.0,0,1.6307385966771577,0,1,0,1,0,1,0
0,0.0,0.0,0.0,0.0,1,-0.7338780825023853,0,1,0,1,0,1,0
0,0.0,0.0,0.0,0.0,0,2.2218927664720436,0,1,0,1,0,1,0
0,0.0,0.0,0.0,0.0,0,-0.5368266925707568,0,1,1,0,0,1,0
0,0.0,0.0,0.0,0.0,0,0.05432747722412909,1,0,1,0,0,1,0
0,0.0,0.0,0.0,0.0,1,-0.33977530263912814,0,1,0,1,0,1,0
0,0.0,0.0,0.0,0.0,0,-0.7338780825023853,1,0,1,0,0,0,1
0,0.0,0.0,0.0,0.0,0,4.192406665788329,0,1,1,0,0,0,1
0,0.0,0.0,0.0,0.0,0,-0.5368266925707568,1,0,1,0,0,0,1
0,0.0,0.0,0.0,0.0,1,-0.7338780825023853,0,1,1,0,0,1,0
0,0.0,0.0,0.0,0.0,0,-0.7338780825023853,1,0,1,0,0,0,1
0,0.0,0.0,0.0,0.0,0,-0.7338780825023853,0,1,1,0,0,0,1
0,0.0,0.0,0.0,0.0,0,-0.7338780825023853,0,1,0,0,1,1,0
0,0.0,0.0,0.0,0.0,0,-0.5368266925707568,0,1,0,1,0,1,0
0,0.0,0.0,0.0,0.0,0,1.2366358168139007,0,1,0,1,0,1,0
0,0.0,0.0,0.0,0.0,0,0.8425330369506435,0,1,0,1,0,1,0
0,0.0,0.0,0.0,0.0,0,-0.5368266925707568,0,1,0,0,1,1,0
0,0.0,0.0,0.0,0.0,0,2.615995546335301,0,1,0,1,0,1,0
0,0.0,0.0,0.0,0.0,0,-0.7338780825023853,0,1,0,0,1,1,0
0,0.0,0.0,0.0,0.0,0,0.05432747722412909,0,1,1,0,0,1,0
0,0.9507,0.9506721,0.9506720926870659,0.9506720926870659,0,-0.1427239127074995,0,1,1,0,0,1,0
0,0.0,0.0,0.0,0.0,1,-0.7338780825023853,0,1,0,0,1,1,0
0,0.0,0.0,0.0,0.0,0,-0.7338780825023853,1,0,0,0,1,1,0
0,0.0,0.0,0.0,0.0,0,-0.33977530263912814,1,0,0,1,0,1,0
0,0.9478,0.9475512,0.9475511987417433,0.9475511987417433,0,-0.5368266925707568,0,1,0,1,0,0,1
0,0.952,0.9521954,0.9521953766259577,0.9521953766259577,0,-0.1427239127074995,0,1,1,0,0,1,0
0,0.0,0.0,0.0,0.0,1,-0.33977530263912814,0,1,0,0,1,1,0
0,0.0,0.0,0.0,0.0,1,-0.7338780825023853,1,0,0,1,0,0,1
0,0.0,0.0,0.0,0.0,0,0.05432747722412909,0,1,1,0,0,1,0
0,0.0,0.0,0.0,0.0,0,0.4484302570873863,0,1,1,0,0,1,0
0,0.0,0.0,0.0,0.0,0,1.4336872067455293,0,1,1,0,0,0,1
0,0.0,0.0,0.0,0.0,0,2.418944156403672,0,1,1,0,0,1,0
0,0.0,0.0,0.0,0.0,0,0.2513788671557577,0,1,1,0,0,0,1
0,0.0,0.0,0.0,0.0,1,-0.33977530263912814,1,0,0,1,0,1,0
0,0.0,0.0,0.0,0.0,1,-0.7338780825023853,0,1,1,0,0,1,0
0,0.0,0.0,0.0,0.0,0,-0.5368266925707568,0,1,0,0,1,1,0
0,0.0,0.0,0.0,0.0,0,-0.5368266925707568,0,1,1,0,0,0,1
0,0.0,0.0,0.0,0.0,0,-0.7338780825023853,0,1,0,0,1,1,0
0,0.0,0.0,0.0,0.0,1,-0.1427239127074995,0,1,0,1,0,0,1
0,0.0,0.0,0.0,0.0,1,-0.33977530263912814,0,1,0,1,0,1,0
0,0.9307,0.9304449,0.9304448940240344,0.9304448940240344,1,-0.1427239127074995,0,1,1,0,0,1,0
0,0.0,0.0,0.0,0.0,1,-0.7338780825023853,0,1,1,0,0,0,1
0,0.0,0.0,0.0,0.0,1,-0.7338780825023853,0,1,0,1,0,1,0
0,0.0,0.0,0.0,0.0,0,0.8425330369506435,0,1,1,0,0,1,0
0,0.0,0.0,0.0,0.0,0,0.05432747722412909,1,0,0,0,1,1,0
0,0.0,0.0,0.0,0.0,0,1.039584426882272,0,1,1,0,0,1,0
0,0.0,0.0,0.0,0.0,1,-0.33977530263912814,0,1,0,1,0,1,0
0,0.0,0.0,0.0,0.0,0,-0.33977530263912814,0,1,1,0,0,1,0
0,0.0,0.0,0.0,0.0,0,-0.7338780825023853,0,1,1,0,0,1,0
0,0.0,0.0,0.0,0.0,0,3.6012524959934438,0,1,1,0,0,1,0
0,0.0,0.0,0.0,0.0,1,-0.5368266925707568,1,0,0,1,0,1,0
0,0.0,0.0,0.0,0.0,0,-0.7338780825023853,0,1,1,0,0,1,0
0,0.0,0.0,0.0,0.0,1,-0.33977530263912814,1,0,0,1,0,1,0
0,0.0,0.0,0.0,0.0,0,-0.33977530263912814,0,1,1,0,0,1,0
0,0.0,0.0,0.0,0.0,0,1.6307385966771577,0,1,0,1,0,0,1
0,0.0,0.0,0.0,0.0,1,-0.7338780825023853,0,1,0,0,1,1,0
0,0.0,0.0,0.0,0.0,1,-0.7338780825023853,1,0,0,1,0,1,0
0,0.0,0.0,0.0,0.0,1,-0.7338780825023853,1,0,1,0,0,1,0
0,0.0,0.0,0.0,0.0,0,-0.7338780825023853,1,0,1,0,0,1,0
0,0.0,0.0,0.0,0.0,0,-0.1427239127074995,1,0,1,0,0,0,1
0,0.0,0.0,0.0,0.0,0,0.05432747722412909,0,1,0,0,1,1,0
0,0.0,0.0,0.0,0.0,0,-0.33977530263912814,0,1,0,0,1,1,0
0,0.0,0.0,0.0,0.0,0,-0.5368266925707568,0,1,1,0,0,0,1
0,0.0,0.0,0.0,0.0,1,-0.33977530263912814,0,1,1,0,0,0,1
0,0.0,0.0,0.0,0.0,1,-0.33977530263912814,1,0,1,0,0,1,0
0,0.0,0.0,0.0,0.0,0,0.2513788671557577,0,1,1,0,0,1,0
0,0.0,0.0,0.0,0.0,1,-0.5368266925707568,1,0,1,0,0,0,1
0,0.0,0.0,0.0,0.0,1,-0.7338780825023853,0,1,0,1,0,1,0
0,0.9297,0.92952317,0.9295231861792264,0.9295231861792264,0,-0.33977530263912814,0,1,0,1,0,0,1
0,0.0,0.0,0.0,0.0,0,-0.5368266925707568,0,1,1,0,0,1,0
0,0.0,0.0,0.0,0.0,1,0.8425330369506435,0,1,1,0,0,0,1
0,0.0,0.0,0.0,0.0,0,1.2366358168139007,0,1,1,0,0,1,0
0,0.0,0.0,0.0,0.0,0,-0.5368266925707568,1,0,1,0,0,0,1
0,0.0,0.0,0.0,0.0,1,-0.7338780825023853,0,1,1,0,0,0,1
0,0.0,0.0,0.0,0.0,1,0.2513788671557577,0,1,1,0,0,1,0
0,0.0,0.0,0.0,0.0,0,-0.5368266925707568,1,0,0,0,1,1,0
0,0.0,0.0,0.0,0.0,1,-0.5368266925707568,0,1,1,0,0,1,0
0,0.0,0.0,0.0,0.0,0,-0.7338780825023853,0,1,1,0,0,1,0
0,0.0,0.0,0.0,0.0,1,-0.7338780825023853,0,1,0,0,1,0,1
0,0.0,0.0,0.0,0.0,1,-0.33977530263912814,1,0,1,0,0,1,0
0,0.0,0.0,0.0,0.0,0,-0.1427239127074995,0,1,0,0,1,1,0
0,0.0,0.0,0.0,0.0,1,-0.33977530263912814,0,1,1,0,0,1,0
0,0.0,0.0,0.0,0.0,0,0.8425330369506435,0,1,0,1,0,1,0
0,0.0,0.0,0.0,0.0,1,-0.7338780825023853,1,0,0,1,0,0,1
0,0.0,0.0,0.0,0.0,0,0.2513788671557577,0,1,1,0,0,0,1
0,0.0,0.0,0.0,0.0,1,0.05432747722412909,0,1,1,0,0,0,1
0,0.0,0.0,0.0,0.0,0,-0.1427239127074995,0,1,0,1,0,0,1
0,0.0,0.0,0.0,0.0,0,0.2513788671557577,0,1,0,1,0,1,0
0,0.0,0.0,0.0,0.0,0,-0.1427239127074995,1,0,1,0,0,0,1
0,0.0,0.0,0.0,0.0,0,-0.7338780825023853,0,1,0,0,1,1,0
0,0.0,0.0,0.0,0.0,1,0.2513788671557577,0,1,1,0,0,0,1
0,0.0,0.0,0.0,0.0,1,0.05432747722412909,1,0,1,0,0,0,1
0,0.0,0.0,0.0,0.0,1,-0.7338780825023853,1,0,0,0,1,0,1
0,0.0,0.0,0.0,0.0,1,0.4484302570873863,1,0,1,0,0,1,0
0,0.0,0.0,0.0,0.0,1,-0.5368266925707568,0,1,0,1,0,1,0
0,0.0,0.0,0.0,0.0,1,-0.5368266925707568,0,1,0,0,1,1,0
0,0.0,0.0,0.0,0.0,1,1.8277899866087863,0,1,1,0,0,1,0
0,0.0,0.0,0.0,0.0,1,-0.7338780825023853,0,1,0,1,0,0,1
0,0.0,0.0,0.0,0.0,0,-0.5368266925707568,0,1,0,0,1,1,0
0,0.0,0.0,0.0,0.0,1,-0.33977530263912814,0,1,1,0,0,1,0
0,0.0,0.0,0.0,0.0,0,-0.33977530263912814,0,1,0,0,1,1,0
0,0.0,0.0,0.0,0.0,0,0.2513788671557577,0,1,0,1,0,0,1
0,0.0,0.0,0.0,0.0,1,-0.33977530263912814,1,0,0,0,1,1,0
0,0.0,0.0,0.0,0.0,0,-0.33977530263912814,0,1,1,0,0,1,0
0,0.0,0.0,0.0,0.0,0,-0.7338780825023853,0,1,0,0,1,1,0
0,0.936,0.93584156,0.9358415530325216,0.9358415530325216,0,2.418944156403672,1,0,1,0,0,1,0
0,0.0,0.0,0.0,0.0,0,-0.7338780825023853,0,1,1,0,0,1,0
0,0.0,0.0,0.0,0.0,0,0.6454816470190149,0,1,1,0,0,1,0
0,0.0,0.0,0.0,0.0,0,-0.7338780825023853,0,1,0,0,1,1,0
0,0.0,0.0,0.0,0.0,0,3.2071497161301865,0,1,1,0,0,1,0
0,0.0,0.0,0.0,0.0,0,-0.33977530263912814,0,1,1,0,0,1,0
0,0.0,0.0,0.0,0.0,0,-0.7338780825023853,1,0,0,1,0,1,0
0,0.0,0.0,0.0,0.0,0,-0.5368266925707568,1,0,0,0,1,0,1
0,0.0,0.0,0.0,0.0,0,-0.33977530263912814,0,1,1,0,0,1,0
0,0.0,0.0,0.0,0.0,0,-0.5368266925707568,0,1,0,0,1,0,1
0,0.0,0.0,0.0,0.0,0,0.05432747722412909,0,1,1,0,0,1,0
0,0.0,0.0,0.0,0.0,0,0.4484302570873863,0,1,1,0,0,0,1
0,0.924,0.9238586,0.9238585576022822,0.9238585576022822,1,-0.5368266925707568,0,1,0,1,0,0,1
0,0.0,0.0,0.0,0.0,0,-0.5368266925707568,1,0,0,0,1,1,0
0,0.0,0.0,0.0,0.0,0,0.05432747722412909,1,0,0,1,0,1,0
0,0.0,0.0,0.0,0.0,0,4.980612225514844,0,1,1,0,0,1,0
0,0.0,0.0,0.0,0.0,0,-0.33977530263912814,0,1,1,0,0,1,0
0,0.0,0.0,0.0,0.0,0,-0.5368266925707568,0,1,0,0,1,1,0
0,0.0,0.0,0.0,0.0,0,-0.7338780825023853,1,0,1,0,0,0,1
0,0.0,0.0,0.0,0.0,1,-0.7338780825023853,1,0,1,0,0,0,1
0,0.9536,0.953694,0.9536939584842918,0.9536939584842918,1,0.6454816470190149,1,0,1,0,0,0,1
0,0.0,0.0,0.0,0.0,0,0.05432747722412909,0,1,1,0,0,0,1
0,0.0,0.0,0.0,0.0,0,2.615995546335301,0,1,0,0,1,1,0
0,0.0,0.0,0.0,0.0,0,1.2366358168139007,1,0,1,0,0,0,1
0,0.0,0.0,0.0,0.0,1,-0.33977530263912814,0,1,1,0,0,0,1
0,0.9507,0.9506721,0.9506720926870659,0.9506720926870659,0,-0.1427239127074995,0,1,1,0,0,1,0
0,0.0,0.0,0.0,0.0,1,-0.5368266925707568,1,0,0,1,0,1,0
0,0.0,0.0,0.0,0.0,1,-0.5368266925707568,0,1,1,0,0,0,1
0,0.0,0.0,0.0,0.0,1,-0.7338780825023853,0,1,1,0,0,0,1
0,0.0,0.0,0.0,0.0,0,-0.7338780825023853,0,1,0,0,1,0,1
0,0.0,0.0,0.0,0.0,0,-0.7338780825023853,0,1,0,1,0,0,1
0,0.0,0.0,0.0,0.0,1,1.039584426882272,0,1,1,0,0,1,0
0,0.0,0.0,0.0,0.0,1,-0.7338780825023853,1,0,1,0,0,0,1
0,0.0,0.0,0.0,0.0,0,-0.5368266925707568,0,1,0,0,1,1,0
0,0.0,0.0,0.0,0.0,1,-0.7338780825023853,0,1,0,1,0,1,0
0,0.0,0.0,0.0,0.0,1,-0.7338780825023853,0,1,0,1,0,0,1
0,0.0,0.0,0.0,0.0,1,-0.33977530263912814,1,0,1,0,0,0,1
0,0.0,0.0,0.0,0.0,1,-0.7338780825023853,0,1,0,0,1,1,0
0,0.0,0.0,0.0,0.0,0,1.2366358168139007,0,1,1,0,0,0,1
0,0.0,0.0,0.0,0.0,0,-0.33977530263912814,0,1,0,0,1,1,0
0,0.0,0.0,0.0,0.0,0,0.2513788671557577,0,1,1,0,0,0,1
0,0.0,0.0,0.0,0.0,1,-0.7338780825023853,1,0,0,1,0,1,0
0,0.0,0.0,0.0,0.0,0,-0.5368266925707568,0,1,1,0,0,1,0
0,0.0,0.0,0.0,0.0,0,0.05432747722412909,0,1,0,1,0,0,1
0,0.0,0.0,0.0,0.0,0,-0.33977530263912814,0,1,1,0,0,1,0
0,0.0,0.0,0.0,0.0,0,-0.5368266925707568,1,0,0,1,0,1,0
0,0.0,0.0,0.0,0.0,1,-0.5368266925707568,1,0,0,0,1,0,1
0,0.0,0.0,0.0,0.0,1,-0.5368266925707568,0,1,1,0,0,1,0
0,0.0,0.0,0.0,0.0,0,1.039584426882272,0,1,0,1,0,1,0
0,0.0,0.0,0.0,0.0,0,1.039584426882272,0,1,1,0,0,1,0
0,0.0,0.0,0.0,0.0,0,0.4484302570873863,0,1,1,0,0,1,0
0,0.0,0.0,0.0,0.0,1,0.8425330369506435,0,1,0,1,0,1,0
0,0.0,0.0,0.0,0.0,0,-0.33977530263912814,0,1,1,0,0,1,0
0,0.0,0.0,0.0,0.0,1,-0.33977530263912814,0,1,1,0,0,1,0
0,0.0,0.0,0.0,0.0,0,-0.7338780825023853,0,1,0,0,1,1,0
0,0.0,0.0,0.0,0.0,0,-0.33977530263912814,0,1,1,0,0,0,1
0,0.0,0.0,0.0,0.0,1,-0.7338780825023853,1,0,1,0,0,0,1
0,0.0,0.0,0.0,0.0,0,1.2366358168139007,0,1,1,0,0,1,0
0,0.0,0.0,0.0,0.0,0,-0.33977530263912814,0,1,0,0,1,1,0
0,0.0,0.0,0.0,0.0,1,-0.5368266925707568,0,1,1,0,0,1,0
0,0.0,0.0,0.0,0.0,1,-0.7338780825023853,0,1,0,0,1,0,1
0,0.0,0.0,0.0,0.0,1,-0.33977530263912814,0,1,0,1,0,1,0
0,0.0,0.0,0.0,0.0,0,1.6307385966771577,0,1,0,0,1,1,0
0,0.0,0.0,0.0,0.0,0,0.4484302570873863,0,1,1,0,0,0,1
0,0.0,0.0,0.0,0.0,0,-0.1427239127074995,0,1,1,0,0,0,1
0,0.0,0.0,0.0,0.0,0,2.418944156403672,0,1,1,0,0,1,0
0,0.0,0.0,0.0,0.0,1,-0.5368266925707568,1,0,1,0,0,1,0
0,0.0,0.0,0.0,0.0,0,-0.5368266925707568,0,1,1,0,0,1,0
0,0.0,0.0,0.0,0.0,0,1.2366358168139007,0,1,1,0,0,1,0
0,0.0,0.0,0.0,0.0,1,-0.33977530263912814,0,1,1,0,0,1,0
0,0.0,0.0,0.0,0.0,1,-0.5368266925707568,0,1,0,1,0,1,0
0,0.0,0.0,0.0,0.0,1,-0.7338780825023853,0,1,1,0,0,1,0
0,0.0,0.0,0.0,0.0,1,-0.5368266925707568,1,0,0,1,0,0,1
0,0.0,0.0,0.0,0.0,0,0.2513788671557577,0,1,1,0,0,0,1
0,0.923,0.922892,0.9228919718923306,0.9228919718923306,1,-0.1427239127074995,0,1,1,0,0,1,0
0,0.0,0.0,0.0,0.0,0,-0.7338780825023853,0,1,0,0,1,1,0
0,0.0,0.0,0.0,0.0,0,-0.5368266925707568,0,1,0,0,1,1,0
0,0.0,0.0,0.0,0.0,0,-0.7338780825023853,1,0,0,0,1,1,0
0,0.948,0.9483407,0.9483407304604878,0.9483407304604878,0,-0.5368266925707568,0,1,0,1,0,0,1
0,0.0,0.0,0.0,0.0,1,-0.33977530263912814,1,0,0,0,1,1,0
0,0.0,0.0,0.0,0.0,0,-0.7338780825023853,0,1,0,0,1,1,0
0,0.0,0.0,0.0,0.0,0,-0.5368266925707568,0,1,0,0,1,1,0
0,0.0,0.0,0.0,0.0,1,0.6454816470190149,1,0,0,0,1,0,1
0,0.0,0.0,0.0,0.0,1,0.4484302570873863,0,1,1,0,0,1,0
0,0.0,0.0,0.0,0.0,1,-0.7338780825023853,0,1,0,0,1,1,0
0,0.0,0.0,0.0,0.0,1,-0.5368266925707568,0,1,0,0,1,0,1
0,0.0,0.0,0.0,0.0,1,-0.5368266925707568,1,0,0,0,1,1,0
0,0.0,0.0,0.0,0.0,1,-0.5368266925707568,0,1,1,0,0,0,1
0,0.0,0.0,0.0,0.0,0,-0.33977530263912814,0,1,0,0,1,1,0
0,0.0,0.0,0.0,0.0,0,0.05432747722412909,0,1,1,0,0,1,0
0,0.0,0.0,0.0,0.0,0,-0.5368266925707568,0,1,0,0,1,1,0
0,0.0,0.0,0.0,0.0,1,-0.7338780825023853,0,1,0,1,0,0,1
0,0.0,0.0,0.0,0.0,0,-0.7338780825023853,0,1,0,0,1,1,0
0,0.0,0.0,0.0,0.0,0,-0.7338780825023853,0,1,1,0,0,1,0
0,0.0,0.0,0.0,0.0,0,3.010098326198558,0,1,0,1,0,1,0
0,0.0,0.0,0.0,0.0,0,-0.7338780825023853,0,1,1,0,0,0,1
0,0.961,0.9608182,0.9608181753171039,0.9608181753171039,1,-0.5368266925707568,0,1,0,1,0,0,1
0,0.0,0.0,0.0,0.0,0,-0.33977530263912814,0,1,0,0,1,1,0
0,0.0,0.0,0.0,0.0,0,3.995355275856701,0,1,0,1,0,0,1
0,0.0,0.0,0.0,0.0,0,-0.7338780825023853,1,0,1,0,0,1,0
0,0.0,0.0,0.0,0.0,0,-0.33977530263912814,0,1,0,0,1,1,0
0,0.0,0.0,0.0,0.0,1,-0.1427239127074995,1,0,1,0,0,1,0
0,0.0,0.0,0.0,0.0,0,-0.7338780825023853,0,1,1,0,0,1,0
0,0.0,0.0,0.0,0.0,0,1.4336872067455293,0,1,1,0,0,1,0
0,0.0,0.0,0.0,0.0,1,-0.5368266925707568,0,1,1,0,0,1,0
0,0.0,0.0,0.0,0.0,1,0.4484302570873863,0,1,1,0,0,1,0
0,0.0,0.0,0.0,0.0,1,-0.33977530263912814,0,1,0,0,1,1,0
0,0.0,0.0,0.0,0.0,0,-0.5368266925707568,0,1,1,0,0,0,1
0,0.0,0.0,0.0,0.0,0,1.2366358168139007,1,0,1,0,0,1,0
0,0.0,0.0,0.0,0.0,0,-0.7338780825023853,1,0,0,0,1,1,0
0,0.9673,0.9673324,0.9673324338116666,0.9673324338116666,0,2.0248413765404147,0,1,1,0,0,1,0
0,0.0,0.0,0.0,0.0,0,0.8425330369506435,0,1,0,1,0,0,1
0,0.0,0.0,0.0,0.0,0,0.05432747722412909,1,0,1,0,0,1,0
0,0.0,0.0,0.0,0.0,0,-0.7338780825023853,0,1,1,0,0,0,1
0,0.0,0.0,0.0,0.0,0,-0.33977530263912814,0,1,1,0,0,1,0
0,0.0,0.0,0.0,0.0,1,-0.7338780825023853,0,1,1,0,0,1,0
0,0.0,0.0,0.0,0.0,1,-0.1427239127074995,0,1,1,0,0,0,1
0,0.0,0.0,0.0,0.0,1,-0.7338780825023853,0,1,1,0,0,1,0
0,0.0,0.0,0.0,0.0,0,1.039584426882272,0,1,1,0,0,0,1
0,0.0,0.0,0.0,0.0,0,3.6012524959934438,0,1,1,0,0,1,0
0,0.0,0.0,0.0,0.0,0,-0.1427239127074995,0,1,1,0,0,0,1
0,0.0,0.0,0.0,0.0,0,0.2513788671557577,0,1,1,0,0,1,0
0,0.0,0.0,0.0,0.0,1,2.418944156403672,0,1,1,0,0,1,0
0,0.0,0.0,0.0,0.0,1,-0.7338780825023853,0,1,1,0,0,1,0
0,0.0,0.0,0.0,0.0,0,-0.7338780825023853,1,0,0,0,1,1,0
0,0.0,0.0,0.0,0.0,0,0.6454816470190149,0,1,1,0,0,1,0
0,0.0,0.0,0.0,0.0,1,4.586509445651587,0,1,0,1,0,0,1
0,0.0,0.0,0.0,0.0,0,-0.33977530263912814,0,1,1,0,0,1,0
0,0.0,0.0,0.0,0.0,0,1.8277899866087863,0,1,1,0,0,1,0
0,0.0,0.0,0.0,0.0,0,0.2513788671557577,0,1,1,0,0,1,0
0,0.0,0.0,0.0,0.0,0,0.2513788671557577,0,1,1,0,0,1,0
0,0.0,0.0,0.0,0.0,0,-0.5368266925707568,0,1,0,0,1,1,0
0,0.0,0.0,0.0,0.0,0,-0.1427239127074995,0,1,1,0,0,0,1
0,0.0,0.0,0.0,0.0,1,-0.7338780825023853,0,1,1,0,0,1,0
0,0.0,0.0,0.0,0.0,1,-0.7338780825023853,1,0,1,0,0,0,1
0,0.0,0.0,0.0,0.0,0,0.4484302570873863,0,1,0,0,1,1,0
0,0.0,0.0,0.0,0.0,1,-0.7338780825023853,0,1,0,0,1,1,0
0,0.0,0.0,0.0,0.0,1,-0.7338780825023853,1,0,0,1,0,0,1
0,0.0,0.0,0.0,0.0,0,2.418944156403672,0,1,0,1,0,1,0
0,0.0,0.0,0.0,0.0,0,0.2513788671557577,0,1,1,0,0,1,0
0,0.0,0.0,0.0,0.0,0,-0.1427239127074995,1,0,1,0,0,1,0
0,0.0,0.0,0.0,0.0,0,-0.33977530263912814,0,1,1,0,0,0,1
0,0.0,0.0,0.0,0.0,0,-0.1427239127074995,1,0,0,0,1,1,0
0,0.0,0.0,0.0,0.0,0,-0.7338780825023853,0,1,0,0,1,1,0
0,0.0,0.0,0.0,0.0,0,-0.1427239127074995,1,0,1,0,0,1,0
0,0.0,0.0,0.0,0.0,0,-0.5368266925707568,1,0,1,0,0,0,1
0,0.0,0.0,0.0,0.0,1,-0.7338780825023853,1,0,0,1,0,1,0
0,0.0,0.0,0.0,0.0,1,-0.7338780825023853,0,1,0,0,1,1,0
0,0.0,0.0,0.0,0.0,1,0.8425330369506435,0,1,1,0,0,1,0
0,0.0,0.0,0.0,0.0,0,-0.7338780825023853,0,1,0,0,1,0,1
0,0.0,0.0,0.0,0.0,0,1.039584426882272,0,1,1,0,0,1,0
0,0.0,0.0,0.0,0.0,0,3.4042011060618154,0,1,0,1,0,1,0
0,0.9443,0.9443308,0.94433082595598,0.94433082595598,0,-0.1427239127074995,0,1,1,0,0,1,0
0,0.0,0.0,0.0,0.0,0,-0.1427239127074995,0,1,0,1,0,1,0
0,0.0,0.0,0.0,0.0,0,-0.7338780825023853,0,1,1,0,0,1,0
0,0.0,0.0,0.0,0.0,1,-0.1427239127074995,0,1,0,1,0,1,0
0,0.0,0.0,0.0,0.0,0,0.8425330369506435,1,0,1,0,0,1,0
0,0.0,0.0,0.0,0.0,1,-0.33977530263912814,0,1,1,0,0,0,1
0,0.0,0.0,0.0,0.0,1,-0.5368266925707568,0,1,1,0,0,1,0
0,0.0,0.0,0.0,0.0,0,-0.7338780825023853,1,0,1,0,0,1,0
0,0.0,0.0,0.0,0.0,1,0.05432747722412909,0,1,1,0,0,0,1
0,0.0,0.0,0.0,0.0,0,-0.7338780825023853,0,1,1,0,0,0,1
0,0.0,0.0,0.0,0.0,0,-0.33977530263912814,0,1,0,0,1,1,0
0,0.0,0.0,0.0,0.0,1,-0.7338780825023853,0,1,1,0,0,1,0
0,0.0,0.0,0.0,0.0,0,-0.7338780825023853,0,1,1,0,0,0,1
0,0.0,0.0,0.0,0.0,1,-0.7338780825023853,0,1,0,1,0,1,0
0,0.0,0.0,0.0,0.0,1,-0.1427239127074995,0,1,0,1,0,1,0
0,0.0,0.0,0.0,0.0,0,-0.5368266925707568,0,1,0,0,1,1,0
0,0.0,0.0,0.0,0.0,1,-0.5368266925707568,0,1,0,0,1,1,0
0,0.0,0.0,0.0,0.0,1,-0.7338780825023853,0,1,1,0,0,1,0
0,0.0,0.0,0.0,0.0,0,0.2513788671557577,0,1,1,0,0,1,0
0,0.0,0.0,0.0,0.0,1,-0.7338780825023853,1,0,1,0,0,0,1
0,0.0,0.0,0.0,0.0,1,-0.33977530263912814,0,1,1,0,0,0,1
0,0.0,0.0,0.0,0.0,0,1.039584426882272,0,1,0,1,0,1,0
0,0.0,0.0,0.0,0.0,0,-0.33977530263912814,0,1,1,0,0,0,1
0,0.0,0.0,0.0,0.0,1,0.05432747722412909,0,1,1,0,0,1,0
0,0.0,0.0,0.0,0.0,0,-0.7338780825023853,0,1,1,0,0,1,0
0,0.0,0.0,0.0,0.0,0,-0.7338780825023853,0,1,0,0,1,1,0
0,0.0,0.0,0.0,0.0,0,-0.7338780825023853,0,1,0,0,1,1,0
0,0.0,0.0,0.0,0.0,1,-0.7338780825023853,0,1,0,1,0,1,0
0,0.0,0.0,0.0,0.0,1,-0.7338780825023853,0,1,1,0,0,1,0
0,0.0,0.0,0.0,0.0,1,-0.7338780825023853,0,1,0,1,0,0,1
0,0.0,0.0,0.0,0.0,1,0.4484302570873863,0,1,1,0,0,0,1
0,0.0,0.0,0.0,0.0,0,0.2513788671557577,1,0,0,0,1,1,0
0,0.0,0.0,0.0,0.0,1,1.6307385966771577,0,1,0,1,0,1,0
0,0.9277,0.9276606,0.9276606087330419,0.9276606087330419,1,-0.1427239127074995,0,1,1,0,0,1,0
0,0.0,0.0,0.0,0.0,0,2.2218927664720436,0,1,1,0,0,1,0
0,0.0,0.0,0.0,0.0,0,0.4484302570873863,0,1,1,0,0,1,0
0,0.0,0.0,0.0,0.0,0,0.05432747722412909,0,1,1,0,0,1,0
0,0.0,0.0,0.0,0.0,0,0.8425330369506435,0,1,0,0,1,1,0
0,0.0,0.0,0.0,0.0,0,-0.7338780825023853,0,1,1,0,0,1,0
0,0.0,0.0,0.0,0.0,0,-0.7338780825023853,0,1,1,0,0,1,0
0,0.0,0.0,0.0,0.0,0,-0.7338780825023853,1,0,1,0,0,1,0
0,0.0,0.0,0.0,0.0,1,-0.7338780825023853,0,1,0,1,0,1,0
0,0.0,0.0,0.0,0.0,1,-0.33977530263912814,0,1,1,0,0,1,0
0,0.0,0.0,0.0,0.0,1,-0.7338780825023853,0,1,1,0,0,0,1
0,0.0,0.0,0.0,0.0,1,-0.1427239127074995,0,1,0,1,0,1,0
0,0.0,0.0,0.0,0.0,0,-0.5368266925707568,1,0,1,0,0,0,1
0,0.0,0.0,0.0,0.0,1,-0.5368266925707568,0,1,1,0,0,1,0
0,0.0,0.0,0.0,0.0,0,0.05432747722412909,0,1,0,0,1,0,1
0,0.0,0.0,0.0,0.0,0,0.2513788671557577,0,1,1,0,0,0,1
0,0.0,0.0,0.0,0.0,0,-0.7338780825023853,0,1,0,0,1,1,0
0,0.0,0.0,0.0,0.0,0,-0.5368266925707568,0,1,1,0,0,0,1
0,0.0,0.0,0.0,0.0,0,1.039584426882272,1,0,1,0,0,1,0
0,0.0,0.0,0.0,0.0,0,-0.5368266925707568,0,1,1,0,0,1,0
0,0.0,0.0,0.0,0.0,0,0.4484302570873863,0,1,1,0,0,1,0
0,0.0,0.0,0.0,0.0,0,-0.33977530263912814,0,1,1,0,0,0,1
0,0.0,0.0,0.0,0.0,1,1.8277899866087863,0,1,1,0,0,1,0
0,0.9434,0.9435101,0.9435101346706889,0.9435101346706889,0,0.05432747722412909,1,0,0,1,0,0,1
0,0.0,0.0,0.0,0.0,0,-0.7338780825023853,0,1,0,1,0,0,1
0,0.0,0.0,0.0,0.0,1,-0.7338780825023853,0,1,1,0,0,0,1
